Title,Description,Thumbnail url,Channel name,Views,Likes,Comments,Duration in seconds,Duration in minutes,Duration in timestamp,Duration,Uploaded Time,Video url,Tags,Tags (in description),Emails (in description),Links (in description)
Day-1 | Fundamentals of DevOps | Free DevOps Course | 45 days | #devopscourse #learning,"Join our 24*7 Career guidance channel:
www.youtube.com/abhishekveeramalla/join

End to End DevOps Project on Udemy
https://www.udemy.com/course/ultimate-devops-project-with-resume-preparation/

Ultimate DevOps Interview Guide
https://www.udemy.com/course/ultimate-devops-and-cloud-interview-guide/

---- 

Hi Everyone, Finally the complete free devops course is starting today and this is day-1 where we learn about the fundamentals of DevOps. 

What is DevOps ?
Why DevOps ?
How to answer these questions in an Interview ?
Who should consider switching to DevOps ?

Telegram channel
===============
https://t.me/abhishekveeramalla

About me:
-----------------
LinkedIn: https://www.linkedin.com/in/abhishek-veeramalla-77b33996/
GitHub: https://github.com/iam-veeramalla
Medium: https://abhishekveeramalla-av.medium.com/
YouTube: https://www.youtube.com/channel/UCnnQ3ybuyFdzvgv2Ky5jnAA?app=desktop .
.
Disclaimer: Unauthorized copying, reproduction, or distribution of this video content, in whole or in part, is strictly prohibited. Any attempt to upload, share, or use this content for commercial or non-commercial purposes without explicit permission from the owner will be subject to legal action. All rights reserved.",https://i.ytimg.com/vi/Ou9j73aWgyE/maxresdefault.jpg,Abhishek.Veeramalla,2810138,36089,3448,1840,30.67,30:40,"30 Minutes, 40 Seconds",2023-01-05T13:30:11,https://www.youtube.com/watch?v=Ou9j73aWgyE,"[#devops mock interview, #devops discussion, #DevOps RoadMap, #aws, #azure, #k8s, #tanzu, #vmware, #openshift, #redhat, #gcp, #openstack, #aws complete devops project, #devops proxy interviews, ##bts, #BTS, #bts, #Ansible, #Ansible FAQ, #Ansible Q&A, #Devops interview questions with answers, #terraform, #terraform interview questions, #terraform Q&A, #git, #github, #azure git, #gitlab, #azure devops interview questions, #devops interview questions for experienced, #DevOPs Roadmap, #Free Python, #Python course]",[],[],"[https://t.me/abhishekveeramalla, https://abhishekveeramalla-av.medium.com/, https://www.udemy.com/course/ultimate-devops-project-with-resume-preparation/, https://www.udemy.com/course/ultimate-devops-and-cloud-interview-guide/, https://www.youtube.com/channel/UCnnQ3ybuyFdzvgv2Ky5jnAA?app=desktop, https://github.com/iam-veeramalla, https://www.linkedin.com/in/abhishek-veeramalla-77b33996/]"
Day-2 | Improve SDLC with DevOps | Free DevOps Course | 45 days | #devopscourse #learning,"Join our 24*7 Career guidance channel:
www.youtube.com/abhishekveeramalla/join

End to End DevOps Project on Udemy
https://www.udemy.com/course/ultimate-devops-project-with-resume-preparation/

Ultimate DevOps Interview Guide
https://www.udemy.com/course/ultimate-devops-and-cloud-interview-guide/

---- 



Hi Everyone, Today is Day-2 of Free DevOps Course and in this video we will learn about the very important topic for every software engineer that is SDLC. We will see how DevOps can improve the SDLC process.

We will learn:
--------------------
What is SDLC ?
Phases of SDLC
How DevOps can improve the SDLC process ?

Telegram channel
===============
https://t.me/abhishekveeramalla

About me:
-----------------
LinkedIn: https://www.linkedin.com/in/abhishek-veeramalla-77b33996/
GitHub: https://github.com/iam-veeramalla
Medium: https://abhishekveeramalla-av.medium.com/
YouTube: https://www.youtube.com/channel/UCnnQ3ybuyFdzvgv2Ky5jnAA?app=desktop .
.
Disclaimer: Unauthorized copying, reproduction, or distribution of this video content, in whole or in part, is strictly prohibited. Any attempt to upload, share, or use this content for commercial or non-commercial purposes without explicit permission from the owner will be subject to legal action. All rights reserved.",https://i.ytimg.com/vi/jRqBIpcgO4g/maxresdefault.jpg,Abhishek.Veeramalla,689065,17014,988,1572,26.2,26:12,"26 Minutes, 12 Seconds",2023-01-06T13:30:03,https://www.youtube.com/watch?v=jRqBIpcgO4g,"[#devops mock interview, #devops discussion, #DevOps RoadMap, #aws, #azure, #k8s, #tanzu, #vmware, #openshift, #redhat, #gcp, #openstack, #aws complete devops project, #devops proxy interviews, ##bts, #BTS, #bts, #Ansible, #Ansible FAQ, #Ansible Q&A, #Devops interview questions with answers, #terraform, #terraform interview questions, #terraform Q&A, #git, #github, #azure git, #gitlab, #azure devops interview questions, #devops interview questions for experienced, #DevOPs Roadmap, #Free Python, #Python course]",[],[],"[https://t.me/abhishekveeramalla, https://abhishekveeramalla-av.medium.com/, https://www.udemy.com/course/ultimate-devops-project-with-resume-preparation/, https://www.udemy.com/course/ultimate-devops-and-cloud-interview-guide/, https://www.youtube.com/channel/UCnnQ3ybuyFdzvgv2Ky5jnAA?app=desktop, https://github.com/iam-veeramalla, https://www.linkedin.com/in/abhishek-veeramalla-77b33996/]"
Absolute Prerequisite for Learning DevOps,"Join our 24*7 Career guidance channel:
www.youtube.com/abhishekveeramalla/join

End to End DevOps Project on Udemy
https://www.udemy.com/course/ultimate-devops-project-with-resume-preparation/

Ultimate DevOps Interview Guide
https://www.udemy.com/course/ultimate-devops-and-cloud-interview-guide/

---- Join us on Discord
www.youtube.com/abhishekveeramalla/join

Free Course on the channel
==============================
- Free DevOps Playlist: https://www.youtube.com/playlist?list=PLdpzxOOAlwvIKMhk8WhzN1pYoJ1YU8Csa
- AWS Zero to Hero Playlist: https://www.youtube.com/playlist?list=PLdpzxOOAlwvLNOxX0RfndiYSt1Le9azze
- Azure Zero to Hero Playlist: https://www.youtube.com/playlist?list=PLdpzxOOAlwvIcxgCUyBHVOcWs0Krjx9xR
- Terraform Zero to Hero Playlist: https://www.youtube.com/playlist?list=PLdpzxOOAlwvI0O4PeKVV1-yJoX2AqIWuf
- Python for DevOps Playlist: https://www.youtube.com/playlist?list=PLdpzxOOAlwvKwTyYNJCUwGPvql0TrsPgv

About me:
========
Instagram: https://www.instagram.com/abhishekveeramalla_official/
LinkedIn: https://www.linkedin.com/in/abhishek-veeramalla
GitHub: https://github.com/iam-veeramalla
Medium: https://abhishekveeramalla-av.medium.com/

Disclaimer: Unauthorized copying, reproduction, or distribution of this video content, in whole or in part, is strictly prohibited. Any attempt to upload, share, or use this content for commercial or non-commercial purposes without explicit permission from the owner will be subject to legal action. All rights reserved.",https://i.ytimg.com/vi/neG2MFVFji0/maxresdefault.jpg,Abhishek.Veeramalla,217381,3367,279,2532,42.2,42:12,"42 Minutes, 12 Seconds",2025-04-28T15:55:14,https://www.youtube.com/watch?v=neG2MFVFji0,"[#Jenkins, #Jenkins 2025, #Jenkins CI/CD, #Is Jenkins Dead ?]",[],[],"[https://www.youtube.com/playlist?list=PLdpzxOOAlwvIcxgCUyBHVOcWs0Krjx9xR, https://abhishekveeramalla-av.medium.com/, https://www.youtube.com/playlist?list=PLdpzxOOAlwvLNOxX0RfndiYSt1Le9azze, https://www.instagram.com/abhishekveeramalla_official/, https://www.youtube.com/playlist?list=PLdpzxOOAlwvKwTyYNJCUwGPvql0TrsPgv, https://www.udemy.com/course/ultimate-devops-project-with-resume-preparation/, https://www.udemy.com/course/ultimate-devops-and-cloud-interview-guide/, https://www.youtube.com/playlist?list=PLdpzxOOAlwvI0O4PeKVV1-yJoX2AqIWuf, https://www.linkedin.com/in/abhishek-veeramalla, https://github.com/iam-veeramalla, https://www.youtube.com/playlist?list=PLdpzxOOAlwvIKMhk8WhzN1pYoJ1YU8Csa]"
Day-3 | Virtual Machines Part-1 | Free DevOps Course | 45 days | #devopscourse #learning #vm,"Join our 24*7 Career guidance channel:
www.youtube.com/abhishekveeramalla/join

End to End DevOps Project on Udemy
https://www.udemy.com/course/ultimate-devops-project-with-resume-preparation/

Ultimate DevOps Interview Guide
https://www.udemy.com/course/ultimate-devops-and-cloud-interview-guide/

---- 

Udemy Course (End to End DevOps Project)
https://www.udemy.com/course/ultimate-devops-project-with-resume-preparation/?referralCode=9F588E43854814744430

--- --- Support my work
https://www.buymeacoffee.com/abhishekprd 

Hi Everyone, Today is Day-3 of Free DevOps Course and in this video we will learn about the another very important topic for every DevOps Engineer that is Virtual Machines.

We will learn:
--------------------
What is a Server ?
What is a VM ?
What is a Hypervisor ?
Difference between Physical and Virtual Machine ?
Advantages of Virtual Machines

Telegram channel
===============
https://t.me/abhishekveeramalla

About me:
-----------------
LinkedIn: https://www.linkedin.com/in/abhishek-veeramalla-77b33996/
GitHub: https://github.com/iam-veeramalla
Medium: https://abhishekveeramalla-av.medium.com/
YouTube: https://www.youtube.com/channel/UCnnQ3ybuyFdzvgv2Ky5jnAA?app=desktop .
.
Disclaimer: Unauthorized copying, reproduction, or distribution of this video content, in whole or in part, is strictly prohibited. Any attempt to upload, share, or use this content for commercial or non-commercial purposes without explicit permission from the owner will be subject to legal action. All rights reserved.",https://i.ytimg.com/vi/lgUwYwBozow/maxresdefault.jpg,Abhishek.Veeramalla,596584,13208,791,1527,25.45,25:27,"25 Minutes, 27 Seconds",2023-01-07T13:30:13,https://www.youtube.com/watch?v=lgUwYwBozow,"[#devops mock interview, #devops discussion, #DevOps RoadMap, #aws, #azure, #k8s, #tanzu, #vmware, #openshift, #redhat, #gcp, #openstack, #aws complete devops project, #devops proxy interviews, ##bts, #BTS, #bts, #Ansible, #Ansible FAQ, #Ansible Q&A, #Devops interview questions with answers, #terraform, #terraform interview questions, #terraform Q&A, #git, #github, #azure git, #gitlab, #azure devops interview questions, #devops interview questions for experienced, #DevOPs Roadmap, #Free Python, #Python course]",[],[],"[https://www.udemy.com/course/ultimate-devops-project-with-resume-preparation/?referralCode=9F588E43854814744430, https://t.me/abhishekveeramalla, https://abhishekveeramalla-av.medium.com/, https://www.buymeacoffee.com/abhishekprd, https://www.udemy.com/course/ultimate-devops-project-with-resume-preparation/, https://www.udemy.com/course/ultimate-devops-and-cloud-interview-guide/, https://www.youtube.com/channel/UCnnQ3ybuyFdzvgv2Ky5jnAA?app=desktop, https://github.com/iam-veeramalla, https://www.linkedin.com/in/abhishek-veeramalla-77b33996/]"
Day-4 | AWS & Azure - How to Create Virtual Machines | Free DevOps Course | 45 days |#devops #aws,"Join our 24*7 Career guidance channel:
www.youtube.com/abhishekveeramalla/join

End to End DevOps Project on Udemy
https://www.udemy.com/course/ultimate-devops-project-with-resume-preparation/

Ultimate DevOps Interview Guide
https://www.udemy.com/course/ultimate-devops-and-cloud-interview-guide/

---- 

Udemy Course (End to End DevOps Project)
https://www.udemy.com/course/ultimate-devops-project-with-resume-preparation/?referralCode=9F588E43854814744430

--- --- Support my work
https://www.buymeacoffee.com/abhishekprd 

Hi Everyone, Today is Day-3 of Free DevOps Course and in this video we will learn about the another very important topic for every DevOps Engineer that is Virtual Machines.

We will learn:
--------------------
How to create Virtual Machines ?
What are the different ways ?

Telegram channel
===============
https://t.me/abhishekveeramalla

About me:
-----------------
LinkedIn: https://www.linkedin.com/in/abhishek-veeramalla-77b33996/
GitHub: https://github.com/iam-veeramalla
Medium: https://abhishekveeramalla-av.medium.com/
YouTube: https://www.youtube.com/channel/UCnnQ3ybuyFdzvgv2Ky5jnAA?app=desktop .
.
Disclaimer: Unauthorized copying, reproduction, or distribution of this video content, in whole or in part, is strictly prohibited. Any attempt to upload, share, or use this content for commercial or non-commercial purposes without explicit permission from the owner will be subject to legal action. All rights reserved.",https://i.ytimg.com/vi/NJkMe9cdYEQ/maxresdefault.jpg,Abhishek.Veeramalla,591306,15761,781,1778,29.63,29:38,"29 Minutes, 38 Seconds",2023-01-08T13:30:04,https://www.youtube.com/watch?v=NJkMe9cdYEQ,"[#devops mock interview, #devops discussion, #DevOps RoadMap, #aws, #azure, #k8s, #tanzu, #vmware, #openshift, #redhat, #gcp, #openstack, #aws complete devops project, #devops proxy interviews, ##bts, #BTS, #bts, #Ansible, #Ansible FAQ, #Ansible Q&A, #Devops interview questions with answers, #terraform, #terraform interview questions, #terraform Q&A, #git, #github, #azure git, #gitlab, #azure devops interview questions, #devops interview questions for experienced, #DevOPs Roadmap, #Free Python, #Python course]",[],[],"[https://www.udemy.com/course/ultimate-devops-project-with-resume-preparation/?referralCode=9F588E43854814744430, https://t.me/abhishekveeramalla, https://abhishekveeramalla-av.medium.com/, https://www.buymeacoffee.com/abhishekprd, https://www.udemy.com/course/ultimate-devops-project-with-resume-preparation/, https://www.udemy.com/course/ultimate-devops-and-cloud-interview-guide/, https://www.youtube.com/channel/UCnnQ3ybuyFdzvgv2Ky5jnAA?app=desktop, https://github.com/iam-veeramalla, https://www.linkedin.com/in/abhishek-veeramalla-77b33996/]"
HOW TO CONNECT TO EC2 INSTANCE FROM WINDOWS LAPTOP | MOBAXTERM | #aws #devops #abhishekveeramalla,"Join our 24*7 Career guidance channel:
www.youtube.com/abhishekveeramalla/join

End to End DevOps Project on Udemy
https://www.udemy.com/course/ultimate-devops-project-with-resume-preparation/

Ultimate DevOps Interview Guide
https://www.udemy.com/course/ultimate-devops-and-cloud-interview-guide/

---- 

Udemy Course (End to End DevOps Project)
https://www.udemy.com/course/ultimate-devops-project-with-resume-preparation/?referralCode=9F588E43854814744430

--- --- Support my work
https://www.buymeacoffee.com/abhishekprd

Hi Everyone, My Name is Abhishek and my channel is focused on delivering Free content on DevOps and Cloud. Follow my channel for practical learning of DevOps and Cloud. Don't miss the FREE DEVOPS COURSE in Playlists.

In this video, We will see how to connect to an ec2 instance from windows laptop.

Dedicated Telegram channel for community discussions on issues
https://www.youtube.com/@AbhishekVeeramalla/join

Book 1:1 with me on TopMate for career guidance
https://topmate.io/abhishek_veeramalla

Instagram: https://www.instagram.com/abhishekveeramalla_official/

GitHub Repo for AWS Series
https://github.com/iam-veeramalla/aws-devops-zero-to-hero/

Telegram Regular Updates and Notes Channel
https://t.me/abhishekveeramalla

About me:
========
LinkedIn: https://www.linkedin.com/in/abhishek-veeramalla-77b33996/
GitHub: https://github.com/iam-veeramalla
Medium: https://abhishekveeramalla-av.medium.com/

#devops #futureofdevops #kubernetes #sre #aws #azure 
DEVOPS FAQ
DEVOPS
WHAT IS DEVOPS ?
WHY DEVOPS ?
HOW TO LEARN DEVOPS ?
LEARN DEVOPS IN 60 DAYS ?
NON IT TO IT BACKGROUND ?
IS DEVOPS EASY TO LEARN ?
BEST DEVOPS COURSE
FREE DEVOPS COURSE
#AbhishekVeeramalla
BEST DEVOPS VIDEOS 
DEVOPS INTERVIEW QUESTIONS
EASY DEVOPS VIDEOS
BEST WAY TO LEARN DEVOPS
PYTHON FOR DEVOPS
PYTHON PROJECTS FOR DEVOPS
LEARN PYTHON 
PYTHON PROJECTS FOR AWS
AWS PYTHON PROJECTS
AWS LAMBDA FUNCTIONS
WHAT IS GITOPS ?
WHY GITOPS ?
LEARN GITOPS ?
GITOPS FREE COURSE
What is AWS ?
LEARN AWS FOR FREE 
AWS COURSE 
AWS COURSE FOR DEVOPS
AWS CLI Deep Dive .
.
Disclaimer: Unauthorized copying, reproduction, or distribution of this video content, in whole or in part, is strictly prohibited. Any attempt to upload, share, or use this content for commercial or non-commercial purposes without explicit permission from the owner will be subject to legal action. All rights reserved.",https://i.ytimg.com/vi/MkIRh1mi8Ms/sddefault.jpg,Abhishek.Veeramalla,502423,5620,568,460,7.67,7:40,"7 Minutes, 40 Seconds",2023-07-19T15:30:08,https://www.youtube.com/watch?v=MkIRh1mi8Ms,"[#devops mock interview, #devops, #devops round table, #azure, #vmware, #openshift, #gcp, #openstack, #azure git, #bitbucket, #stash, #gitlab, #azure devops interview questions, #Real Time Python Project, #DevOps Python Project, #python videos, #what is devops, #why devops, #how to learn devops, #SRE, #What is SRE ?, #Devops vs SRE, #Devops to SRE, #SRE roadmap, #learn SRE, #Platform Engineering ?, #What is Platform Engineering ?, #Difference Between Platform Engineering and DevOps ?, #Future of Devops]","[#kubernetes, #futureofdevops, #sre, #AbhishekVeeramalla, #azure, #aws, #devops]",[],"[https://topmate.io/abhishek_veeramalla, https://www.udemy.com/course/ultimate-devops-project-with-resume-preparation/?referralCode=9F588E43854814744430, https://github.com/iam-veeramalla/aws-devops-zero-to-hero/, https://t.me/abhishekveeramalla, https://www.youtube.com/@AbhishekVeeramalla/join, https://abhishekveeramalla-av.medium.com/, https://www.buymeacoffee.com/abhishekprd, https://www.instagram.com/abhishekveeramalla_official/, https://www.udemy.com/course/ultimate-devops-project-with-resume-preparation/, https://www.udemy.com/course/ultimate-devops-and-cloud-interview-guide/, https://github.com/iam-veeramalla, https://www.linkedin.com/in/abhishek-veeramalla-77b33996/]"
Day-5 | AWS CLI Full Guide | How to connect to EC2 Instance from UI & Terminal | AWS CFT walk though,"Join our 24*7 Career guidance channel:
www.youtube.com/abhishekveeramalla/join

End to End DevOps Project on Udemy
https://www.udemy.com/course/ultimate-devops-project-with-resume-preparation/

Ultimate DevOps Interview Guide
https://www.udemy.com/course/ultimate-devops-and-cloud-interview-guide/

---- 

Udemy Course (End to End DevOps Project)
https://www.udemy.com/course/ultimate-devops-project-with-resume-preparation/?referralCode=9F588E43854814744430

--- --- Support my work
https://www.buymeacoffee.com/abhishekprd Hi Everyone, Today is Day-5 of Free DevOps Course and in this video we will take a look at the AWS CLI in detail, How to connect to EC2 instance from your laptop and console, What is AWS CFT and much more.

Some Useful links for examples:
---------------------------------------------------
AWS CLI Download: https://aws.amazon.com/cli/

AWS CLI Command Reference: https://docs.aws.amazon.com/cli/latest/userguide/cli-services-ec2-instances.html

AWS Cloud Formation Templates Examples: https://github.com/awslabs/aws-cloudformation-templates

AWS Python Boto3 Example: https://gist.github.com/mda590/679aba60ca03699d5b12a32314debdc0

Telegram channel
===============
https://t.me/abhishekveeramalla

About me:
-----------------
LinkedIn: https://www.linkedin.com/in/abhishek-veeramalla-77b33996/
GitHub: https://github.com/iam-veeramalla
Medium: https://abhishekveeramalla-av.medium.com/
YouTube: https://www.youtube.com/channel/UCnnQ3ybuyFdzvgv2Ky5jnAA?app=desktop .
.
Disclaimer: Unauthorized copying, reproduction, or distribution of this video content, in whole or in part, is strictly prohibited. Any attempt to upload, share, or use this content for commercial or non-commercial purposes without explicit permission from the owner will be subject to legal action. All rights reserved.",https://i.ytimg.com/vi/cN4pt5KQ9eA/maxresdefault.jpg,Abhishek.Veeramalla,526902,10910,1471,1836,30.6,30:36,"30 Minutes, 36 Seconds",2023-01-09T13:30:09,https://www.youtube.com/watch?v=cN4pt5KQ9eA,"[#devops mock interview, #devops discussion, #DevOps RoadMap, #aws, #azure, #k8s, #tanzu, #vmware, #openshift, #redhat, #gcp, #openstack, #aws complete devops project, #devops proxy interviews, ##bts, #BTS, #bts, #Ansible, #Ansible FAQ, #Ansible Q&A, #Devops interview questions with answers, #terraform, #terraform interview questions, #terraform Q&A, #git, #github, #azure git, #gitlab, #azure devops interview questions, #devops interview questions for experienced, #DevOPs Roadmap, #Free Python, #Python course]",[],[],"[https://www.udemy.com/course/ultimate-devops-project-with-resume-preparation/?referralCode=9F588E43854814744430, https://gist.github.com/mda590/679aba60ca03699d5b12a32314debdc0, https://t.me/abhishekveeramalla, https://abhishekveeramalla-av.medium.com/, https://www.buymeacoffee.com/abhishekprd, https://www.udemy.com/course/ultimate-devops-project-with-resume-preparation/, https://www.udemy.com/course/ultimate-devops-and-cloud-interview-guide/, https://docs.aws.amazon.com/cli/latest/userguide/cli-services-ec2-instances.html, https://www.youtube.com/channel/UCnnQ3ybuyFdzvgv2Ky5jnAA?app=desktop, https://github.com/iam-veeramalla, https://aws.amazon.com/cli/, https://github.com/awslabs/aws-cloudformation-templates, https://www.linkedin.com/in/abhishek-veeramalla-77b33996/]"
Day-6 | Linux & Shell Scripting | Complete Shell Scripting Playlist| #aws #azure | #devops,"Join our 24*7 Career guidance channel:
www.youtube.com/abhishekveeramalla/join

End to End DevOps Project on Udemy
https://www.udemy.com/course/ultimate-devops-project-with-resume-preparation/

Ultimate DevOps Interview Guide
https://www.udemy.com/course/ultimate-devops-and-cloud-interview-guide/

---- 

Udemy Course (End to End DevOps Project)
https://www.udemy.com/course/ultimate-devops-project-with-resume-preparation/?referralCode=9F588E43854814744430

--- --- Support my work
https://www.buymeacoffee.com/abhishekprd Hi Everyone, Today is Day 6 of Free DevOps course and In this class we will take a look at the Linux and Basics of Shell Scripting. 

WATCH THE BELOW SHELL SCRIPTING PLAYLIST AFTER THIS:
https://www.youtube.com/watch?v=zsajhz2_50g&list=PLdpzxOOAlwvIZ7u-gtpX_bozrspUbTQ1S

Telegram channel
===============
https://t.me/abhishekveeramalla

About me:
-----------------
LinkedIn: https://www.linkedin.com/in/abhishek-veeramalla-77b33996/
GitHub: https://github.com/iam-veeramalla
Medium: https://abhishekveeramalla-av.medium.com/
YouTube: https://www.youtube.com/channel/UCnnQ3ybuyFdzvgv2Ky5jnAA?app=desktop .
.
Disclaimer: Unauthorized copying, reproduction, or distribution of this video content, in whole or in part, is strictly prohibited. Any attempt to upload, share, or use this content for commercial or non-commercial purposes without explicit permission from the owner will be subject to legal action. All rights reserved.",https://i.ytimg.com/vi/9jw9F6mcQDo/maxresdefault.jpg,Abhishek.Veeramalla,482492,9388,552,2265,37.75,37:45,"37 Minutes, 45 Seconds",2023-01-10T14:21:19,https://www.youtube.com/watch?v=9jw9F6mcQDo,"[#devops mock interview, #devops discussion, #DevOps RoadMap, #aws, #azure, #k8s, #tanzu, #vmware, #openshift, #redhat, #gcp, #openstack, #aws complete devops project, #devops proxy interviews, ##bts, #BTS, #bts, #Ansible, #Ansible FAQ, #Ansible Q&A, #Devops interview questions with answers, #terraform, #terraform interview questions, #terraform Q&A, #git, #github, #azure git, #gitlab, #azure devops interview questions, #devops interview questions for experienced, #DevOPs Roadmap, #Free Python, #Python course]",[],[],"[https://www.youtube.com/watch?v=zsajhz2_50g&list=PLdpzxOOAlwvIZ7u-gtpX_bozrspUbTQ1S, https://www.udemy.com/course/ultimate-devops-project-with-resume-preparation/?referralCode=9F588E43854814744430, https://t.me/abhishekveeramalla, https://abhishekveeramalla-av.medium.com/, https://www.buymeacoffee.com/abhishekprd, https://www.udemy.com/course/ultimate-devops-project-with-resume-preparation/, https://www.udemy.com/course/ultimate-devops-and-cloud-interview-guide/, https://www.youtube.com/channel/UCnnQ3ybuyFdzvgv2Ky5jnAA?app=desktop, https://github.com/iam-veeramalla, https://www.linkedin.com/in/abhishek-veeramalla-77b33996/]"
Shell Scripting for DevOps|Shell Scripting Zero 2 Hero|Shell Scripting Interview Questions| #devops,"Join our 24*7 Career guidance channel:
www.youtube.com/abhishekveeramalla/join

End to End DevOps Project on Udemy
https://www.udemy.com/course/ultimate-devops-project-with-resume-preparation/

Ultimate DevOps Interview Guide
https://www.udemy.com/course/ultimate-devops-and-cloud-interview-guide/

---- 

Udemy Course (End to End DevOps Project)
https://www.udemy.com/course/ultimate-devops-project-with-resume-preparation/?referralCode=9F588E43854814744430

--- --- Support my work
https://www.buymeacoffee.com/abhishekprd 

Hi Everyone, Welcome back to my channel. 

In this video, We will take a look at the Basics of Shell Scripting and learn how to become a Hero in Linux and Shell Scripting. 

Learn why Shell Scripting is used in DevOps and most commonly asked Interview Questions.

0:00 - Introduction 
01:30 - What is the purpose of scripting and automation?
05:25 - How to create a file ?
06:15 - How to list the files and folders ?
07:40 - man command in linux ?
10:50 - (vi/vim) - How to write a file in Linux?
13:00 - Difference between touch and vim? 
15:17 - How to copy content in Linux?
15:25 - What is the purpose of #!/bin/bash or #!/bin/sh?
17:25 - What is the difference between ksh, bash and dash?
25:00 - How to use Insert command in Linux?
25:00 - echo command in Linux?
29:20 - How to execute a Shell Script?
31:00 - How to grant permissions in Linux?
32:00 - chmod command and how to use?
40:30 - How to check the history of commands?
41:30 - Revise all the commands that we learnt till now
45:30 - How to create folders?
46:00 - How to change the directory in linux?
49:00 - Learn how to write a simple shell script?
59:35 - What is purpose of Shell Scripting in DevOps?
1:06:22 - How to check CPU and RAM of a Linux Machine?
1:07:20 - What is ""Top"" command and why is it used?
1:08:50 - Conclusion of PART - 01


About me:
-----------------
LinkedIn: https://www.linkedin.com/in/abhishek-veeramalla-77b33996/
GitHub: https://github.com/iam-veeramalla
Medium: https://abhishekveeramalla-av.medium.com/
YouTube: https://www.youtube.com/channel/UCnnQ3ybuyFdzvgv2Ky5jnAA?app=desktop .
.
Disclaimer: Unauthorized copying, reproduction, or distribution of this video content, in whole or in part, is strictly prohibited. Any attempt to upload, share, or use this content for commercial or non-commercial purposes without explicit permission from the owner will be subject to legal action. All rights reserved.",https://i.ytimg.com/vi/zsajhz2_50g/maxresdefault.jpg,Abhishek.Veeramalla,684148,15405,1199,4204,70.07,1:10:04,"1 Hours, 10 Minutes, 4 Seconds",2022-11-28T13:30:46,https://www.youtube.com/watch?v=zsajhz2_50g,"[#devops mock interview, #devops discussion, #DevOps RoadMap, #aws, #azure, #k8s, #tanzu, #vmware, #openshift, #redhat, #gcp, #openstack, #aws complete devops project, #devops proxy interviews, ##bts, #BTS, #bts, #Ansible, #Ansible FAQ, #Ansible Q&A, #Devops interview questions with answers, #terraform, #terraform interview questions, #terraform Q&A, #git, #github, #azure git, #gitlab, #azure devops interview questions, #devops interview questions for experienced, #DevOPs Roadmap, #Free Python, #Python course]",[],[],"[https://www.udemy.com/course/ultimate-devops-project-with-resume-preparation/?referralCode=9F588E43854814744430, https://abhishekveeramalla-av.medium.com/, https://www.buymeacoffee.com/abhishekprd, https://www.udemy.com/course/ultimate-devops-project-with-resume-preparation/, https://www.udemy.com/course/ultimate-devops-and-cloud-interview-guide/, https://www.youtube.com/channel/UCnnQ3ybuyFdzvgv2Ky5jnAA?app=desktop, https://github.com/iam-veeramalla, https://www.linkedin.com/in/abhishek-veeramalla-77b33996/]"
Shell Scripting for DevOps | Zero 2 Hero Part-2 | Shell Scripting Interview Q&A | #devops,"Join our 24*7 Career guidance channel:
www.youtube.com/abhishekveeramalla/join

End to End DevOps Project on Udemy
https://www.udemy.com/course/ultimate-devops-project-with-resume-preparation/

Ultimate DevOps Interview Guide
https://www.udemy.com/course/ultimate-devops-and-cloud-interview-guide/

---- 

Udemy Course (End to End DevOps Project)
https://www.udemy.com/course/ultimate-devops-project-with-resume-preparation/?referralCode=9F588E43854814744430

--- --- Support my work
https://www.buymeacoffee.com/abhishekprd 

Hi Everyone, Welcome back to my channel. 

In this video, We will take a look at the Advanced or Part-2 of Shell Scripting and learn how to become a Hero in Linux and Shell Scripting. 

Learn why Shell Scripting is used in DevOps and most commonly asked Interview Questions.

0:00 - Introduction 
01:10 - What did we learn in Part-1 ?
02:00 - [DevOps Use-Case]  How to analyze the health of a Node ?
04:00 - Sample Script for finding out Node Health
05:15 - Good Practices in writing a script
06:45 - Commands for Node health
07:30 - Execution of the Script but how to improve it ?
08:15 - Using Print/echo Statements to improve readibility
09:20 - set -x command to run script in debug mode
12:20 - What are processes, how to list them and find process ID ?
15:50 - grep and pipe commands to filter the output.
23:12 - IMPORTANT INTERVIEW QUESTION on PIPE.
28:10 - AWK command
30:30 - Summary on what did we learn till now
32:20 - set -e and set -o pipefail
32:58 - set -e in detail, how to exit when there is an error.
37:20 - set -o pipefail and why to use it ?
41:00 - [DevOps Use-Case] How to search errors in remote logfile.
47:00 - wget command and use-cases ?
48:00 - CURL vs WGET
49:00 - find command
53:00 - sudo and su commands
55:00 - if else
1:06:00 - for loops


About me:
-----------------
LinkedIn: https://www.linkedin.com/in/abhishek-veeramalla-77b33996/
GitHub: https://github.com/iam-veeramalla
Medium: https://abhishekveeramalla-av.medium.com/
YouTube: https://www.youtube.com/channel/UCnnQ3ybuyFdzvgv2Ky5jnAA?app=desktop .
.
Disclaimer: Unauthorized copying, reproduction, or distribution of this video content, in whole or in part, is strictly prohibited. Any attempt to upload, share, or use this content for commercial or non-commercial purposes without explicit permission from the owner will be subject to legal action. All rights reserved.",https://i.ytimg.com/vi/CyQtk9f646Q/maxresdefault.jpg,Abhishek.Veeramalla,409018,8301,722,4230,70.5,1:10:30,"1 Hours, 10 Minutes, 30 Seconds",2022-12-01T14:00:52,https://www.youtube.com/watch?v=CyQtk9f646Q,"[#devops mock interview, #devops discussion, #DevOps RoadMap, #aws, #azure, #k8s, #tanzu, #vmware, #openshift, #redhat, #gcp, #openstack, #aws complete devops project, #devops proxy interviews, ##bts, #BTS, #bts, #Ansible, #Ansible FAQ, #Ansible Q&A, #Devops interview questions with answers, #terraform, #terraform interview questions, #terraform Q&A, #git, #github, #azure git, #gitlab, #azure devops interview questions, #devops interview questions for experienced, #DevOPs Roadmap, #Free Python, #Python course]",[],[],"[https://www.udemy.com/course/ultimate-devops-project-with-resume-preparation/?referralCode=9F588E43854814744430, https://abhishekveeramalla-av.medium.com/, https://www.buymeacoffee.com/abhishekprd, https://www.udemy.com/course/ultimate-devops-project-with-resume-preparation/, https://www.udemy.com/course/ultimate-devops-and-cloud-interview-guide/, https://www.youtube.com/channel/UCnnQ3ybuyFdzvgv2Ky5jnAA?app=desktop, https://github.com/iam-veeramalla, https://www.linkedin.com/in/abhishek-veeramalla-77b33996/]"
Day-7 |  Live AWS Project using SHELL SCRIPTING for DevOps | AWS DevOps project| #devops #aws #2023,"Join our 24*7 Career guidance channel:
www.youtube.com/abhishekveeramalla/join

End to End DevOps Project on Udemy
https://www.udemy.com/course/ultimate-devops-project-with-resume-preparation/

Ultimate DevOps Interview Guide
https://www.udemy.com/course/ultimate-devops-and-cloud-interview-guide/

---- 

Udemy Course (End to End DevOps Project)
https://www.udemy.com/course/ultimate-devops-project-with-resume-preparation/?referralCode=9F588E43854814744430

--- --- Support my work
https://www.buymeacoffee.com/abhishekprd Hi Everyone, Today is Day 7 of Free DevOps course and In this class we will take a look at the a real time project that most of the DevOps engineers use in their organizations.

We will build a AWS resource Tracker using Shell Scripting.

If you haven't watched our previous videos on Shell Scripting please take a look at the below playlist:
https://www.youtube.com/watch?v=zsajhz2_50g&list=PLdpzxOOAlwvIZ7u-gtpX_bozrspUbTQ1S

Telegram channel
===============
https://t.me/abhishekveeramalla

About me:
-----------------
LinkedIn: https://www.linkedin.com/in/abhishek-veeramalla-77b33996/
GitHub: https://github.com/iam-veeramalla
Medium: https://abhishekveeramalla-av.medium.com/
YouTube: https://www.youtube.com/channel/UCnnQ3ybuyFdzvgv2Ky5jnAA?app=desktop .
.
Disclaimer: Unauthorized copying, reproduction, or distribution of this video content, in whole or in part, is strictly prohibited. Any attempt to upload, share, or use this content for commercial or non-commercial purposes without explicit permission from the owner will be subject to legal action. All rights reserved.",https://i.ytimg.com/vi/gx5E47R9fGk/maxresdefault.jpg,Abhishek.Veeramalla,349385,5132,655,1691,28.18,28:11,"28 Minutes, 11 Seconds",2023-01-11T13:30:13,https://www.youtube.com/watch?v=gx5E47R9fGk,"[#devops mock interview, #devops discussion, #DevOps RoadMap, #aws, #azure, #k8s, #tanzu, #vmware, #openshift, #redhat, #gcp, #openstack, #aws complete devops project, #devops proxy interviews, ##bts, #BTS, #bts, #Ansible, #Ansible FAQ, #Ansible Q&A, #Devops interview questions with answers, #terraform, #terraform interview questions, #terraform Q&A, #git, #github, #azure git, #gitlab, #azure devops interview questions, #devops interview questions for experienced, #DevOPs Roadmap, #Free Python, #Python course]",[],[],"[https://www.youtube.com/watch?v=zsajhz2_50g&list=PLdpzxOOAlwvIZ7u-gtpX_bozrspUbTQ1S, https://www.udemy.com/course/ultimate-devops-project-with-resume-preparation/?referralCode=9F588E43854814744430, https://t.me/abhishekveeramalla, https://abhishekveeramalla-av.medium.com/, https://www.buymeacoffee.com/abhishekprd, https://www.udemy.com/course/ultimate-devops-project-with-resume-preparation/, https://www.udemy.com/course/ultimate-devops-and-cloud-interview-guide/, https://www.youtube.com/channel/UCnnQ3ybuyFdzvgv2Ky5jnAA?app=desktop, https://github.com/iam-veeramalla, https://www.linkedin.com/in/abhishek-veeramalla-77b33996/]"
Day-9 | Git and GitHub | What is GIT ? | What is Version Control ? | #devops #2023 #github #gitlab,"Join our 24*7 Career guidance channel:
www.youtube.com/abhishekveeramalla/join

End to End DevOps Project on Udemy
https://www.udemy.com/course/ultimate-devops-project-with-resume-preparation/

Ultimate DevOps Interview Guide
https://www.udemy.com/course/ultimate-devops-and-cloud-interview-guide/

---- 

Udemy Course (End to End DevOps Project)
https://www.udemy.com/course/ultimate-devops-project-with-resume-preparation/?referralCode=9F588E43854814744430

--- --- Support my work
https://www.buymeacoffee.com/abhishekprd Hi Everyone, Today is Day 9 of Free DevOps course and I am here with a very exciting content. 

In this class I walk you through Git and Github. We will understand the concept of Version Controlling, Why is GitHub very popular and much more.

The script will allow users to retrieve information from GitHub by talking its API, script can be modified to work with any other applications like JIRA, GITLAB and others.

Telegram channel
===============
https://t.me/abhishekveeramalla

About me:
-----------------
LinkedIn: https://www.linkedin.com/in/abhishek-veeramalla-77b33996/
GitHub: https://github.com/iam-veeramalla
Medium: https://abhishekveeramalla-av.medium.com/
YouTube: https://www.youtube.com/channel/UCnnQ3ybuyFdzvgv2Ky5jnAA?app=desktop .
.
Disclaimer: Unauthorized copying, reproduction, or distribution of this video content, in whole or in part, is strictly prohibited. Any attempt to upload, share, or use this content for commercial or non-commercial purposes without explicit permission from the owner will be subject to legal action. All rights reserved.",https://i.ytimg.com/vi/fIMySI_gZJU/maxresdefault.jpg,Abhishek.Veeramalla,371128,6087,314,2191,36.52,36:31,"36 Minutes, 31 Seconds",2023-01-13T13:30:12,https://www.youtube.com/watch?v=fIMySI_gZJU,"[#devops mock interview, #devops discussion, #DevOps RoadMap, #aws, #azure, #k8s, #tanzu, #vmware, #openshift, #redhat, #gcp, #openstack, #aws complete devops project, #devops proxy interviews, ##bts, #BTS, #bts, #Ansible, #Ansible FAQ, #Ansible Q&A, #Devops interview questions with answers, #terraform, #terraform interview questions, #terraform Q&A, #git, #github, #azure git, #gitlab, #azure devops interview questions, #devops interview questions for experienced, #DevOPs Roadmap, #Free Python, #Python course]",[],[],"[https://www.udemy.com/course/ultimate-devops-project-with-resume-preparation/?referralCode=9F588E43854814744430, https://t.me/abhishekveeramalla, https://abhishekveeramalla-av.medium.com/, https://www.buymeacoffee.com/abhishekprd, https://www.udemy.com/course/ultimate-devops-project-with-resume-preparation/, https://www.udemy.com/course/ultimate-devops-and-cloud-interview-guide/, https://www.youtube.com/channel/UCnnQ3ybuyFdzvgv2Ky5jnAA?app=desktop, https://github.com/iam-veeramalla, https://www.linkedin.com/in/abhishek-veeramalla-77b33996/]"
Day-10 | Git Branching Strategy | Real World Example | DevOps Interview Question|#devops #k8s #2023,"Join our 24*7 Career guidance channel:
www.youtube.com/abhishekveeramalla/join

End to End DevOps Project on Udemy
https://www.udemy.com/course/ultimate-devops-project-with-resume-preparation/

Ultimate DevOps Interview Guide
https://www.udemy.com/course/ultimate-devops-and-cloud-interview-guide/

---- 

Udemy Course (End to End DevOps Project)
https://www.udemy.com/course/ultimate-devops-project-with-resume-preparation/?referralCode=9F588E43854814744430

--- --- Support my work
https://www.buymeacoffee.com/abhishekprd Hi Everyone, Today is Day 10 of Free DevOps course and In this class we will take a look at the a real time project to understand about Branching Strategy in Git. We will look at Kubernetes repo in GitHub and understand how they are dealing with branching in GitHub.

If you haven't watched our previous videos on Shell Scripting please take a look at the below playlist:
https://www.youtube.com/watch?v=zsajhz2_50g&list=PLdpzxOOAlwvIZ7u-gtpX_bozrspUbTQ1S

Telegram channel
===============
https://t.me/abhishekveeramalla

About me:
-----------------
LinkedIn: https://www.linkedin.com/in/abhishek-veeramalla-77b33996/
GitHub: https://github.com/iam-veeramalla
Medium: https://abhishekveeramalla-av.medium.com/
YouTube: https://www.youtube.com/channel/UCnnQ3ybuyFdzvgv2Ky5jnAA?app=desktop .
.
Disclaimer: Unauthorized copying, reproduction, or distribution of this video content, in whole or in part, is strictly prohibited. Any attempt to upload, share, or use this content for commercial or non-commercial purposes without explicit permission from the owner will be subject to legal action. All rights reserved.",https://i.ytimg.com/vi/MCyvYT8FS5w/maxresdefault.jpg,Abhishek.Veeramalla,268551,5216,381,1335,22.25,22:15,"22 Minutes, 15 Seconds",2023-01-16T13:35:00,https://www.youtube.com/watch?v=MCyvYT8FS5w,"[#devops mock interview, #devops discussion, #DevOps RoadMap, #aws, #azure, #k8s, #tanzu, #vmware, #openshift, #redhat, #gcp, #openstack, #aws complete devops project, #devops proxy interviews, ##bts, #BTS, #bts, #Ansible, #Ansible FAQ, #Ansible Q&A, #Devops interview questions with answers, #terraform, #terraform interview questions, #terraform Q&A, #git, #github, #azure git, #gitlab, #azure devops interview questions, #devops interview questions for experienced, #DevOPs Roadmap, #Free Python, #Python course]",[],[],"[https://www.youtube.com/watch?v=zsajhz2_50g&list=PLdpzxOOAlwvIZ7u-gtpX_bozrspUbTQ1S, https://www.udemy.com/course/ultimate-devops-project-with-resume-preparation/?referralCode=9F588E43854814744430, https://t.me/abhishekveeramalla, https://abhishekveeramalla-av.medium.com/, https://www.buymeacoffee.com/abhishekprd, https://www.udemy.com/course/ultimate-devops-project-with-resume-preparation/, https://www.udemy.com/course/ultimate-devops-and-cloud-interview-guide/, https://www.youtube.com/channel/UCnnQ3ybuyFdzvgv2Ky5jnAA?app=desktop, https://github.com/iam-veeramalla, https://www.linkedin.com/in/abhishek-veeramalla-77b33996/]"
Day-11 | Git Interview Q&A and Commands for DevOps | Real World Example |#devops #github #git  #2023,"Join our 24*7 Career guidance channel:
www.youtube.com/abhishekveeramalla/join

End to End DevOps Project on Udemy
https://www.udemy.com/course/ultimate-devops-project-with-resume-preparation/

Ultimate DevOps Interview Guide
https://www.udemy.com/course/ultimate-devops-and-cloud-interview-guide/

---- 

Udemy Course (End to End DevOps Project)
https://www.udemy.com/course/ultimate-devops-project-with-resume-preparation/?referralCode=9F588E43854814744430

--- --- Support my work
https://www.buymeacoffee.com/abhishekprd Hi Everyone, Today is Day 11 of Free DevOps course and In this class we will take a look at the a real time examples to understand about the git commands and interview questions.

More Git Interview Questions
========================
https://www.youtube.com/watch?v=VmJpdIOiIaU

Telegram channel
===============
https://t.me/abhishekveeramalla

About me:
-----------------
LinkedIn: https://www.linkedin.com/in/abhishek-veeramalla-77b33996/
GitHub: https://github.com/iam-veeramalla
Medium: https://abhishekveeramalla-av.medium.com/
YouTube: https://www.youtube.com/channel/UCnnQ3ybuyFdzvgv2Ky5jnAA?app=desktop .
.
Disclaimer: Unauthorized copying, reproduction, or distribution of this video content, in whole or in part, is strictly prohibited. Any attempt to upload, share, or use this content for commercial or non-commercial purposes without explicit permission from the owner will be subject to legal action. All rights reserved.",https://i.ytimg.com/vi/mT6qrAx14O4/maxresdefault.jpg,Abhishek.Veeramalla,280433,4739,363,3126,52.1,52:06,"52 Minutes, 6 Seconds",2023-01-18T16:34:58,https://www.youtube.com/watch?v=mT6qrAx14O4,"[#devops mock interview, #devops discussion, #DevOps RoadMap, #aws, #azure, #k8s, #tanzu, #vmware, #openshift, #redhat, #gcp, #openstack, #aws complete devops project, #devops proxy interviews, ##bts, #BTS, #bts, #Ansible, #Ansible FAQ, #Ansible Q&A, #Devops interview questions with answers, #terraform, #terraform interview questions, #terraform Q&A, #git, #github, #azure git, #gitlab, #azure devops interview questions, #devops interview questions for experienced, #DevOPs Roadmap, #Free Python, #Python course]",[],[],"[https://www.udemy.com/course/ultimate-devops-project-with-resume-preparation/?referralCode=9F588E43854814744430, https://t.me/abhishekveeramalla, https://abhishekveeramalla-av.medium.com/, https://www.buymeacoffee.com/abhishekprd, https://www.udemy.com/course/ultimate-devops-project-with-resume-preparation/, https://www.udemy.com/course/ultimate-devops-and-cloud-interview-guide/, https://www.youtube.com/channel/UCnnQ3ybuyFdzvgv2Ky5jnAA?app=desktop, https://github.com/iam-veeramalla, https://www.youtube.com/watch?v=VmJpdIOiIaU, https://www.linkedin.com/in/abhishek-veeramalla-77b33996/]"
Day 12 | Deploy and expose your First App to AWS | Feat. Kunal Verma | Live Project | #aws projects,"Join our 24*7 Career guidance channel:
www.youtube.com/abhishekveeramalla/join

End to End DevOps Project on Udemy
https://www.udemy.com/course/ultimate-devops-project-with-resume-preparation/

Ultimate DevOps Interview Guide
https://www.udemy.com/course/ultimate-devops-and-cloud-interview-guide/

---- 

Udemy Course (End to End DevOps Project)
https://www.udemy.com/course/ultimate-devops-project-with-resume-preparation/?referralCode=9F588E43854814744430

--- --- Support my work
https://www.buymeacoffee.com/abhishekprd Hi Everyone, We are at Day-12 and in this class we will learn how to deploy and expose a NodeJS application to external world with Live example and source code from GitHub.

This session will cover:
1. How to create a IAM USER and Login 
2. How to create EC2 Instance ? What are some of the good practices ?
3. How to access the EC2 Instance ?
4. Deploy an application on to AWS EC2 ?
5. Expose the application to outside world ?
6. Access the application deployed on AWS from your laptop.

Want to try this project at your end ? Fork the GitHub repo
https://github.com/verma-kunal/AWS-Session

About the Speaker - Kunal Verma
LinkedIn
=======
https://www.linkedin.com/in/verma-kunal/

GitHub
======
https://github.com/verma-kunal

Telegram channel
===============
https://t.me/abhishekveeramalla

About me:
-----------------
LinkedIn: https://www.linkedin.com/in/abhishek-veeramalla-77b33996/
GitHub: https://github.com/iam-veeramalla
Medium: https://abhishekveeramalla-av.medium.com/
YouTube: https://www.youtube.com/channel/UCnnQ3ybuyFdzvgv2Ky5jnAA?app=desktop .
.
Disclaimer: Unauthorized copying, reproduction, or distribution of this video content, in whole or in part, is strictly prohibited. Any attempt to upload, share, or use this content for commercial or non-commercial purposes without explicit permission from the owner will be subject to legal action. All rights reserved.",https://i.ytimg.com/vi/NLmF64KdLN0/maxresdefault.jpg,Abhishek.Veeramalla,262793,5536,977,3806,63.43,1:03:26,"1 Hours, 3 Minutes, 26 Seconds",2023-01-19T13:30:08,https://www.youtube.com/watch?v=NLmF64KdLN0,"[#devops mock interview, #devops discussion, #DevOps RoadMap, #aws, #azure, #k8s, #tanzu, #vmware, #openshift, #redhat, #gcp, #openstack, #aws complete devops project, #devops proxy interviews, ##bts, #BTS, #bts, #Ansible, #Ansible FAQ, #Ansible Q&A, #Devops interview questions with answers, #terraform, #terraform interview questions, #terraform Q&A, #git, #github, #azure git, #gitlab, #azure devops interview questions, #devops interview questions for experienced, #DevOPs Roadmap, #Free Python, #Python course]",[],[],"[https://www.linkedin.com/in/verma-kunal/, https://github.com/verma-kunal/AWS-Session, https://www.udemy.com/course/ultimate-devops-project-with-resume-preparation/?referralCode=9F588E43854814744430, https://t.me/abhishekveeramalla, https://www.linkedin.com/in/abhishek-veeramalla-77b33996/, https://abhishekveeramalla-av.medium.com/, https://www.buymeacoffee.com/abhishekprd, https://www.udemy.com/course/ultimate-devops-project-with-resume-preparation/, https://www.udemy.com/course/ultimate-devops-and-cloud-interview-guide/, https://www.youtube.com/channel/UCnnQ3ybuyFdzvgv2Ky5jnAA?app=desktop, https://github.com/iam-veeramalla, https://github.com/verma-kunal]"
Day 13 | Top 15 AWS Services that Every DevOps Engineers should learn | #aws #devops,"Join our 24*7 Career guidance channel:
www.youtube.com/abhishekveeramalla/join

End to End DevOps Project on Udemy
https://www.udemy.com/course/ultimate-devops-project-with-resume-preparation/

Ultimate DevOps Interview Guide
https://www.udemy.com/course/ultimate-devops-and-cloud-interview-guide/

---- 

Udemy Course (End to End DevOps Project)
https://www.udemy.com/course/ultimate-devops-project-with-resume-preparation/?referralCode=9F588E43854814744430

--- --- Support my work
https://www.buymeacoffee.com/abhishekprd Hi Everyone, We are at Day-13 and in this class we will learn about ""What are the important services that every DevOps engineer should learn ???""

This session will cover:
1. Top 15 AWS Services Every DevOps Engineers should learn
2. Each Service explained in detail.
3. Real Time use-case and scenario.

DevOps Zero to Hero Playlist:
========================
https://www.youtube.com/watch?v=UoxCA-nHhSY&list=PLdpzxOOAlwvIKMhk8WhzN1pYoJ1YU8Csa

Telegram channel
===============
https://t.me/abhishekveeramalla

About me:
-----------------
LinkedIn: https://www.linkedin.com/in/abhishek-veeramalla-77b33996/
GitHub: https://github.com/iam-veeramalla
Medium: https://abhishekveeramalla-av.medium.com/
YouTube: https://www.youtube.com/channel/UCnnQ3ybuyFdzvgv2Ky5jnAA?app=desktop .
.
Disclaimer: Unauthorized copying, reproduction, or distribution of this video content, in whole or in part, is strictly prohibited. Any attempt to upload, share, or use this content for commercial or non-commercial purposes without explicit permission from the owner will be subject to legal action. All rights reserved.",https://i.ytimg.com/vi/leWJypzVyQ4/maxresdefault.jpg,Abhishek.Veeramalla,152085,3501,250,2139,35.65,35:39,"35 Minutes, 39 Seconds",2023-01-22T13:30:48,https://www.youtube.com/watch?v=leWJypzVyQ4,"[#devops mock interview, #devops discussion, #DevOps RoadMap, #aws, #azure, #k8s, #tanzu, #vmware, #openshift, #redhat, #gcp, #openstack, #aws complete devops project, #devops proxy interviews, ##bts, #BTS, #bts, #Ansible, #Ansible FAQ, #Ansible Q&A, #Devops interview questions with answers, #terraform, #terraform interview questions, #terraform Q&A, #git, #github, #azure git, #gitlab, #azure devops interview questions, #devops interview questions for experienced, #DevOPs Roadmap, #Free Python, #Python course]",[],[],"[https://www.udemy.com/course/ultimate-devops-project-with-resume-preparation/?referralCode=9F588E43854814744430, https://t.me/abhishekveeramalla, https://abhishekveeramalla-av.medium.com/, https://www.buymeacoffee.com/abhishekprd, https://www.udemy.com/course/ultimate-devops-project-with-resume-preparation/, https://www.udemy.com/course/ultimate-devops-and-cloud-interview-guide/, https://www.youtube.com/channel/UCnnQ3ybuyFdzvgv2Ky5jnAA?app=desktop, https://github.com/iam-veeramalla, https://www.youtube.com/watch?v=UoxCA-nHhSY&list=PLdpzxOOAlwvIKMhk8WhzN1pYoJ1YU8Csa, https://www.linkedin.com/in/abhishek-veeramalla-77b33996/]"
Day-14 | Configuration Management With Ansible |Puppet vs Ansible |Live Projects | #ansible #devops,"Join our 24*7 Career guidance channel:
www.youtube.com/abhishekveeramalla/join

End to End DevOps Project on Udemy
https://www.udemy.com/course/ultimate-devops-project-with-resume-preparation/

Ultimate DevOps Interview Guide
https://www.udemy.com/course/ultimate-devops-and-cloud-interview-guide/

---- 

Udemy Course (End to End DevOps Project)
https://www.udemy.com/course/ultimate-devops-project-with-resume-preparation/?referralCode=9F588E43854814744430

--- --- Support my work
https://www.buymeacoffee.com/abhishekprd Hi Everyone, We are at Day 14 of our DevOps course and In this video, We will learn about Configuration Management using Ansible. 

We will also try to understand why is Ansible better than other configuration management tools like Puppet and Chef.

If you like to take a look at more Ansible Interview Questions. Do take a look at this previous video on our channel.
https://www.youtube.com/watch?v=j5PgN0J3d7M&t=4s

DevOps Zero to Hero Playlist
https://www.youtube.com/watch?v=UoxCA-nHhSY&list=PLdpzxOOAlwvIKMhk8WhzN1pYoJ1YU8Csa

Telegram channel
===============
https://t.me/abhishekveeramalla

About me:
-----------------
LinkedIn: https://www.linkedin.com/in/abhishek-veeramalla-77b33996/
GitHub: https://github.com/iam-veeramalla
Medium: https://abhishekveeramalla-av.medium.com/
YouTube: https://www.youtube.com/channel/UCnnQ3ybuyFdzvgv2Ky5jnAA?app=desktop .
.
Disclaimer: Unauthorized copying, reproduction, or distribution of this video content, in whole or in part, is strictly prohibited. Any attempt to upload, share, or use this content for commercial or non-commercial purposes without explicit permission from the owner will be subject to legal action. All rights reserved.",https://i.ytimg.com/vi/I5_NF8nvACg/maxresdefault.jpg,Abhishek.Veeramalla,197623,5234,332,2202,36.7,36:42,"36 Minutes, 42 Seconds",2023-01-23T13:30:04,https://www.youtube.com/watch?v=I5_NF8nvACg,"[#devops mock interview, #devops discussion, #DevOps RoadMap, #aws, #azure, #k8s, #tanzu, #vmware, #openshift, #redhat, #gcp, #openstack, #aws complete devops project, #devops proxy interviews, ##bts, #BTS, #bts, #Ansible, #Ansible FAQ, #Ansible Q&A, #Devops interview questions with answers, #terraform, #terraform interview questions, #terraform Q&A, #git, #github, #azure git, #gitlab, #azure devops interview questions, #devops interview questions for experienced, #DevOPs Roadmap, #Free Python, #Python course]",[],[],"[https://www.udemy.com/course/ultimate-devops-project-with-resume-preparation/?referralCode=9F588E43854814744430, https://t.me/abhishekveeramalla, https://abhishekveeramalla-av.medium.com/, https://www.buymeacoffee.com/abhishekprd, https://www.youtube.com/watch?v=j5PgN0J3d7M&t=4s, https://www.udemy.com/course/ultimate-devops-project-with-resume-preparation/, https://www.udemy.com/course/ultimate-devops-and-cloud-interview-guide/, https://www.youtube.com/channel/UCnnQ3ybuyFdzvgv2Ky5jnAA?app=desktop, https://github.com/iam-veeramalla, https://www.youtube.com/watch?v=UoxCA-nHhSY&list=PLdpzxOOAlwvIKMhk8WhzN1pYoJ1YU8Csa, https://www.linkedin.com/in/abhishek-veeramalla-77b33996/]"
Day-15 | Ansible Zero to Hero | #ansible #devops,"Join our 24*7 Career guidance channel:
www.youtube.com/abhishekveeramalla/join

End to End DevOps Project on Udemy
https://www.udemy.com/course/ultimate-devops-project-with-resume-preparation/

Ultimate DevOps Interview Guide
https://www.udemy.com/course/ultimate-devops-and-cloud-interview-guide/

---- 

Udemy Course (End to End DevOps Project)
https://www.udemy.com/course/ultimate-devops-project-with-resume-preparation/?referralCode=9F588E43854814744430

--- --- Support my work
https://www.buymeacoffee.com/abhishekprd Hi Everyone, Day-15 is about Ansible Zero to Hero. Please like, comment and share the video :)

Ansible Examples:
https://github.com/ansible/ansible-examples

Ansible Interview Questions
https://www.youtube.com/watch?v=j5PgN0J3d7M&t=4s

Telegram channel
===============
https://t.me/abhishekveeramalla

About me:
-----------------
LinkedIn: https://www.linkedin.com/in/abhishek-veeramalla-77b33996/
GitHub: https://github.com/iam-veeramalla
Medium: https://abhishekveeramalla-av.medium.com/
YouTube: https://www.youtube.com/channel/UCnnQ3ybuyFdzvgv2Ky5jnAA?app=desktop .
.
Disclaimer: Unauthorized copying, reproduction, or distribution of this video content, in whole or in part, is strictly prohibited. Any attempt to upload, share, or use this content for commercial or non-commercial purposes without explicit permission from the owner will be subject to legal action. All rights reserved.",https://i.ytimg.com/vi/Z6T2r3Xhk5k/maxresdefault.jpg,Abhishek.Veeramalla,328436,5345,1103,3351,55.85,55:51,"55 Minutes, 51 Seconds",2023-01-25T14:04:03,https://www.youtube.com/watch?v=Z6T2r3Xhk5k,"[#devops mock interview, #devops discussion, #DevOps RoadMap, #aws, #azure, #k8s, #tanzu, #vmware, #openshift, #redhat, #gcp, #openstack, #aws complete devops project, #devops proxy interviews, ##bts, #BTS, #bts, #Ansible, #Ansible FAQ, #Ansible Q&A, #Devops interview questions with answers, #terraform, #terraform interview questions, #terraform Q&A, #git, #github, #azure git, #gitlab, #azure devops interview questions, #devops interview questions for experienced, #DevOPs Roadmap, #Free Python, #Python course]",[],[],"[https://github.com/ansible/ansible-examples, https://www.udemy.com/course/ultimate-devops-project-with-resume-preparation/?referralCode=9F588E43854814744430, https://t.me/abhishekveeramalla, https://abhishekveeramalla-av.medium.com/, https://www.buymeacoffee.com/abhishekprd, https://www.udemy.com/course/ultimate-devops-project-with-resume-preparation/, https://www.udemy.com/course/ultimate-devops-and-cloud-interview-guide/, https://www.youtube.com/watch?v=j5PgN0J3d7M&t=4s, https://www.youtube.com/channel/UCnnQ3ybuyFdzvgv2Ky5jnAA?app=desktop, https://github.com/iam-veeramalla, https://www.linkedin.com/in/abhishek-veeramalla-77b33996/]"
Day-16 | Infrastructure as Code | #terraform #IaC,"Join our 24*7 Career guidance channel:
www.youtube.com/abhishekveeramalla/join

End to End DevOps Project on Udemy
https://www.udemy.com/course/ultimate-devops-project-with-resume-preparation/

Ultimate DevOps Interview Guide
https://www.udemy.com/course/ultimate-devops-and-cloud-interview-guide/

---- 

Udemy Course (End to End DevOps Project)
https://www.udemy.com/course/ultimate-devops-project-with-resume-preparation/?referralCode=9F588E43854814744430

--- --- Support my work
https://www.buymeacoffee.com/abhishekprd Telegram channel
===============
https://t.me/abhishekveeramalla

About me:
-----------------
LinkedIn: https://www.linkedin.com/in/abhishek-veeramalla-77b33996/
GitHub: https://github.com/iam-veeramalla
Medium: https://abhishekveeramalla-av.medium.com/
YouTube: https://www.youtube.com/channel/UCnnQ3ybuyFdzvgv2Ky5jnAA?app=desktop .
.
Disclaimer: Unauthorized copying, reproduction, or distribution of this video content, in whole or in part, is strictly prohibited. Any attempt to upload, share, or use this content for commercial or non-commercial purposes without explicit permission from the owner will be subject to legal action. All rights reserved.",https://i.ytimg.com/vi/G1BRnIHBBig/maxresdefault.jpg,Abhishek.Veeramalla,153733,3608,191,1265,21.08,21:05,"21 Minutes, 5 Seconds",2023-01-26T14:02:19,https://www.youtube.com/watch?v=G1BRnIHBBig,"[#devops mock interview, #devops discussion, #DevOps RoadMap, #aws, #azure, #k8s, #tanzu, #vmware, #openshift, #redhat, #gcp, #openstack, #aws complete devops project, #devops proxy interviews, ##bts, #BTS, #bts, #Ansible, #Ansible FAQ, #Ansible Q&A, #Devops interview questions with answers, #terraform, #terraform interview questions, #terraform Q&A, #git, #github, #azure git, #gitlab, #azure devops interview questions, #devops interview questions for experienced, #DevOPs Roadmap, #Free Python, #Python course]",[],[],"[https://www.udemy.com/course/ultimate-devops-project-with-resume-preparation/?referralCode=9F588E43854814744430, https://t.me/abhishekveeramalla, https://abhishekveeramalla-av.medium.com/, https://www.buymeacoffee.com/abhishekprd, https://www.udemy.com/course/ultimate-devops-project-with-resume-preparation/, https://www.udemy.com/course/ultimate-devops-and-cloud-interview-guide/, https://www.youtube.com/channel/UCnnQ3ybuyFdzvgv2Ky5jnAA?app=desktop, https://github.com/iam-veeramalla, https://www.linkedin.com/in/abhishek-veeramalla-77b33996/]"
Day-17 |Everything about Terraform |Write Your First Project |Remote Backend |Modules |Interview Q&A,"Join our 24*7 Career guidance channel:
www.youtube.com/abhishekveeramalla/join

End to End DevOps Project on Udemy
https://www.udemy.com/course/ultimate-devops-project-with-resume-preparation/

Ultimate DevOps Interview Guide
https://www.udemy.com/course/ultimate-devops-and-cloud-interview-guide/

---- 

Udemy Course (End to End DevOps Project)
https://www.udemy.com/course/ultimate-devops-project-with-resume-preparation/?referralCode=9F588E43854814744430

--- --- Support my work
https://www.buymeacoffee.com/abhishekprd Hi Everyone, Today's class (Day-17) is going to be about Terraform. We learn about most of the Terraform topics such as,

- Terraform Use-Cases
- Terraform Life Cycle
- Write your First Terraform Project 
- Terraform State File
- Terraform Best practices
- Terraform Modules
- Problems with Terraform
- Terraform Interview Questions

Telegram channel
===============
https://t.me/abhishekveeramalla

About me:
-----------------
LinkedIn: https://www.linkedin.com/in/abhishek-veeramalla-77b33996/
GitHub: https://github.com/iam-veeramalla
Medium: https://abhishekveeramalla-av.medium.com/
YouTube: https://www.youtube.com/channel/UCnnQ3ybuyFdzvgv2Ky5jnAA?app=desktop .
.
Disclaimer: Unauthorized copying, reproduction, or distribution of this video content, in whole or in part, is strictly prohibited. Any attempt to upload, share, or use this content for commercial or non-commercial purposes without explicit permission from the owner will be subject to legal action. All rights reserved.",https://i.ytimg.com/vi/CzdfdKWRDB8/maxresdefault.jpg,Abhishek.Veeramalla,229948,5222,409,4673,77.88,1:17:53,"1 Hours, 17 Minutes, 53 Seconds",2023-01-29T13:30:16,https://www.youtube.com/watch?v=CzdfdKWRDB8,"[#devops mock interview, #devops discussion, #DevOps RoadMap, #aws, #azure, #k8s, #tanzu, #vmware, #openshift, #redhat, #gcp, #openstack, #aws complete devops project, #devops proxy interviews, ##bts, #BTS, #bts, #Ansible, #Ansible FAQ, #Ansible Q&A, #Devops interview questions with answers, #terraform, #terraform interview questions, #terraform Q&A, #git, #github, #azure git, #gitlab, #azure devops interview questions, #devops interview questions for experienced, #DevOPs Roadmap, #Free Python, #Python course]",[],[],"[https://www.udemy.com/course/ultimate-devops-project-with-resume-preparation/?referralCode=9F588E43854814744430, https://t.me/abhishekveeramalla, https://abhishekveeramalla-av.medium.com/, https://www.buymeacoffee.com/abhishekprd, https://www.udemy.com/course/ultimate-devops-project-with-resume-preparation/, https://www.udemy.com/course/ultimate-devops-and-cloud-interview-guide/, https://www.youtube.com/channel/UCnnQ3ybuyFdzvgv2Ky5jnAA?app=desktop, https://github.com/iam-veeramalla, https://www.linkedin.com/in/abhishek-veeramalla-77b33996/]"
Day-22 | Project Management tools for DevOps | What a DevOps Engineer does in the first week ? #2023,"Join our 24*7 Career guidance channel:
www.youtube.com/abhishekveeramalla/join

End to End DevOps Project on Udemy
https://www.udemy.com/course/ultimate-devops-project-with-resume-preparation/

Ultimate DevOps Interview Guide
https://www.udemy.com/course/ultimate-devops-and-cloud-interview-guide/

---- 

Udemy Course (End to End DevOps Project)
https://www.udemy.com/course/ultimate-devops-project-with-resume-preparation/?referralCode=9F588E43854814744430

--- --- Support my work
https://www.buymeacoffee.com/abhishekprd Hi Everyone, Today's class we will learn about Project management tools that DevOps Engineer should be aware of.

Learn Agile:
https://en.wikipedia.org/wiki/Agile_software_development

Try JIRA:
https://confluence.atlassian.com/adminjiraserver/get-a-jira-data-center-trial-license-1189482127.html


Telegram channel
===============
https://telegram.me/abhishekveeramalla

About me:
-----------------
LinkedIn: https://www.linkedin.com/in/abhishek-veeramalla-77b33996/
GitHub: https://github.com/iam-veeramalla
Medium: https://abhishekveeramalla-av.medium.com/
YouTube: https://www.youtube.com/channel/UCnnQ3ybuyFdzvgv2Ky5jnAA?app=desktop .
.
Disclaimer: Unauthorized copying, reproduction, or distribution of this video content, in whole or in part, is strictly prohibited. Any attempt to upload, share, or use this content for commercial or non-commercial purposes without explicit permission from the owner will be subject to legal action. All rights reserved.",https://i.ytimg.com/vi/h4HdQBnEO04/maxresdefault.jpg,Abhishek.Veeramalla,65732,1560,85,1489,24.82,24:49,"24 Minutes, 49 Seconds",2023-02-06T13:32:50,https://www.youtube.com/watch?v=h4HdQBnEO04,"[#devops mock interview, #devops discussion, #DevOps RoadMap, #aws, #azure, #k8s, #tanzu, #vmware, #openshift, #redhat, #gcp, #openstack, #aws complete devops project, #devops proxy interviews, ##bts, #BTS, #bts, #Ansible, #Ansible FAQ, #Ansible Q&A, #Devops interview questions with answers, #terraform, #terraform interview questions, #terraform Q&A, #git, #github, #azure git, #gitlab, #azure devops interview questions, #devops interview questions for experienced, #DevOPs Roadmap, #Free Python, #Python course]",[],[],"[https://en.wikipedia.org/wiki/Agile_software_development, https://telegram.me/abhishekveeramalla, https://www.udemy.com/course/ultimate-devops-project-with-resume-preparation/?referralCode=9F588E43854814744430, https://abhishekveeramalla-av.medium.com/, https://www.buymeacoffee.com/abhishekprd, https://www.udemy.com/course/ultimate-devops-project-with-resume-preparation/, https://www.udemy.com/course/ultimate-devops-and-cloud-interview-guide/, https://www.youtube.com/channel/UCnnQ3ybuyFdzvgv2Ky5jnAA?app=desktop, https://github.com/iam-veeramalla, https://confluence.atlassian.com/adminjiraserver/get-a-jira-data-center-trial-license-1189482127.html, https://www.linkedin.com/in/abhishek-veeramalla-77b33996/]"
Day-23 | Introduction to Containers | Learn about containers in easy way #docker #kubernetes #devops,"Join our 24*7 Career guidance channel:
www.youtube.com/abhishekveeramalla/join

End to End DevOps Project on Udemy
https://www.udemy.com/course/ultimate-devops-project-with-resume-preparation/

Ultimate DevOps Interview Guide
https://www.udemy.com/course/ultimate-devops-and-cloud-interview-guide/

---- 



In today's class I will introduce you to the world of containers
Telegram Channel Announcement
What is a VM 
Problems with VM
How containers solve the problems with Docker ?
What is a Container  and use-cases ?
What is Docker ?
Docker Life Cycle
Problems with Docker
Introduction to Buildah

Telegram channel
===============
https://telegram.me/abhishekveeramalla

About me:
-----------------
LinkedIn: https://www.linkedin.com/in/abhishek-veeramalla-77b33996/
GitHub: https://github.com/iam-veeramalla
Medium: https://abhishekveeramalla-av.medium.com/
YouTube: https://www.youtube.com/channel/UCnnQ3ybuyFdzvgv2Ky5jnAA?app=desktop .
.
Disclaimer: Unauthorized copying, reproduction, or distribution of this video content, in whole or in part, is strictly prohibited. Any attempt to upload, share, or use this content for commercial or non-commercial purposes without explicit permission from the owner will be subject to legal action. All rights reserved.",https://i.ytimg.com/vi/7JZP345yVjw/maxresdefault.jpg,Abhishek.Veeramalla,545361,7539,261,1510,25.17,25:10,"25 Minutes, 10 Seconds",2023-02-07T13:31:18,https://www.youtube.com/watch?v=7JZP345yVjw,"[#devops mock interview, #devops discussion, #DevOps RoadMap, #aws, #azure, #k8s, #tanzu, #vmware, #openshift, #redhat, #gcp, #openstack, #aws complete devops project, #devops proxy interviews, ##bts, #BTS, #bts, #Ansible, #Ansible FAQ, #Ansible Q&A, #Devops interview questions with answers, #terraform, #terraform interview questions, #terraform Q&A, #git, #github, #azure git, #gitlab, #azure devops interview questions, #devops interview questions for experienced, #DevOPs Roadmap, #Free Python, #Python course]",[],[],"[https://telegram.me/abhishekveeramalla, https://abhishekveeramalla-av.medium.com/, https://www.udemy.com/course/ultimate-devops-project-with-resume-preparation/, https://www.udemy.com/course/ultimate-devops-and-cloud-interview-guide/, https://www.youtube.com/channel/UCnnQ3ybuyFdzvgv2Ky5jnAA?app=desktop, https://github.com/iam-veeramalla, https://www.linkedin.com/in/abhishek-veeramalla-77b33996/]"
Day-24 | Docker Zero to Hero Part-1 | Must Watch | Basics to Best Practices | #docker #devops,"Join our 24*7 Career guidance channel:
www.youtube.com/abhishekveeramalla/join

End to End DevOps Project on Udemy
https://www.udemy.com/course/ultimate-devops-project-with-resume-preparation/

Ultimate DevOps Interview Guide
https://www.udemy.com/course/ultimate-devops-and-cloud-interview-guide/

---- 

Udemy Course (End to End DevOps Project)
https://www.udemy.com/course/ultimate-devops-project-with-resume-preparation/?referralCode=9F588E43854814744430

--- --- Support my work
https://www.buymeacoffee.com/abhishekprd Hi Everyone, This video is going to be Docker Zero to Hero with a very good documentation and video explanation
We will discuss
1. Containers
2. Why are they light weight with details
3. Docker
4. Docker LifeCycle
5.  Installation
6. Writing first Dockerfile
7. Interview Questions
8. Much more

GitHub Repo used in the video:
-------------------------------------------------
https://github.com/iam-veeramalla/Docker-Zero-to-Hero

Telegram channel
===============
https://telegram.me/abhishekveeramalla

About me:
-----------------
LinkedIn: https://www.linkedin.com/in/abhishek-veeramalla-77b33996/
GitHub: https://github.com/iam-veeramalla
Medium: https://abhishekveeramalla-av.medium.com/
YouTube: https://www.youtube.com/channel/UCnnQ3ybuyFdzvgv2Ky5jnAA?app=desktop .
.
Disclaimer: Unauthorized copying, reproduction, or distribution of this video content, in whole or in part, is strictly prohibited. Any attempt to upload, share, or use this content for commercial or non-commercial purposes without explicit permission from the owner will be subject to legal action. All rights reserved.",https://i.ytimg.com/vi/wodLpta-hoQ/maxresdefault.jpg,Abhishek.Veeramalla,390151,8691,442,2994,49.9,49:54,"49 Minutes, 54 Seconds",2023-02-08T13:35:05,https://www.youtube.com/watch?v=wodLpta-hoQ,"[#devops mock interview, #devops discussion, #DevOps RoadMap, #aws, #azure, #k8s, #tanzu, #vmware, #openshift, #redhat, #gcp, #openstack, #aws complete devops project, #devops proxy interviews, ##bts, #BTS, #bts, #Ansible, #Ansible FAQ, #Ansible Q&A, #Devops interview questions with answers, #terraform, #terraform interview questions, #terraform Q&A, #git, #github, #azure git, #gitlab, #azure devops interview questions, #devops interview questions for experienced, #DevOPs Roadmap, #Free Python, #Python course]",[],[],"[https://telegram.me/abhishekveeramalla, https://github.com/iam-veeramalla/Docker-Zero-to-Hero, https://www.udemy.com/course/ultimate-devops-project-with-resume-preparation/?referralCode=9F588E43854814744430, https://abhishekveeramalla-av.medium.com/, https://www.buymeacoffee.com/abhishekprd, https://www.udemy.com/course/ultimate-devops-project-with-resume-preparation/, https://www.udemy.com/course/ultimate-devops-and-cloud-interview-guide/, https://www.youtube.com/channel/UCnnQ3ybuyFdzvgv2Ky5jnAA?app=desktop, https://github.com/iam-veeramalla, https://www.linkedin.com/in/abhishek-veeramalla-77b33996/]"
Day-25  | Docker Containerzation for Django | #django #python #devops,"Join our 24*7 Career guidance channel:
www.youtube.com/abhishekveeramalla/join

End to End DevOps Project on Udemy
https://www.udemy.com/course/ultimate-devops-project-with-resume-preparation/

Ultimate DevOps Interview Guide
https://www.udemy.com/course/ultimate-devops-and-cloud-interview-guide/

---- 

Udemy Course (End to End DevOps Project)
https://www.udemy.com/course/ultimate-devops-project-with-resume-preparation/?referralCode=9F588E43854814744430

--- --- Support my work
https://www.buymeacoffee.com/abhishekprd Hi Everyone, This video is going to be Docker Zero to Hero with a very good documentation and video explanation

We will learn, 
1. How to create your own Django Application ?
2. How to containerize Django Applications ?
3. Common mistakes 
4. CMD vs EntryPoint
5. Is programming required for DevOps ?

GitHub Repo used in the video:
-------------------------------------------------
https://github.com/iam-veeramalla/Docker-Zero-to-Hero

Telegram channel
===============
https://telegram.me/abhishekveeramalla

About me:
-----------------
LinkedIn: https://www.linkedin.com/in/abhishek-veeramalla-77b33996/
GitHub: https://github.com/iam-veeramalla
Medium: https://abhishekveeramalla-av.medium.com/
YouTube: https://www.youtube.com/channel/UCnnQ3ybuyFdzvgv2Ky5jnAA?app=desktop .
.
Disclaimer: Unauthorized copying, reproduction, or distribution of this video content, in whole or in part, is strictly prohibited. Any attempt to upload, share, or use this content for commercial or non-commercial purposes without explicit permission from the owner will be subject to legal action. All rights reserved.",https://i.ytimg.com/vi/3IAvr_O6vao/maxresdefault.jpg,Abhishek.Veeramalla,225490,3714,520,1714,28.57,28:34,"28 Minutes, 34 Seconds",2023-02-09T13:33:48,https://www.youtube.com/watch?v=3IAvr_O6vao,"[#devops mock interview, #devops discussion, #DevOps RoadMap, #aws, #azure, #k8s, #tanzu, #vmware, #openshift, #redhat, #gcp, #openstack, #aws complete devops project, #devops proxy interviews, ##bts, #BTS, #bts, #Ansible, #Ansible FAQ, #Ansible Q&A, #Devops interview questions with answers, #terraform, #terraform interview questions, #terraform Q&A, #git, #github, #azure git, #gitlab, #azure devops interview questions, #devops interview questions for experienced, #DevOPs Roadmap, #Free Python, #Python course]",[],[],"[https://telegram.me/abhishekveeramalla, https://github.com/iam-veeramalla/Docker-Zero-to-Hero, https://www.udemy.com/course/ultimate-devops-project-with-resume-preparation/?referralCode=9F588E43854814744430, https://abhishekveeramalla-av.medium.com/, https://www.buymeacoffee.com/abhishekprd, https://www.udemy.com/course/ultimate-devops-project-with-resume-preparation/, https://www.udemy.com/course/ultimate-devops-and-cloud-interview-guide/, https://www.youtube.com/channel/UCnnQ3ybuyFdzvgv2Ky5jnAA?app=desktop, https://github.com/iam-veeramalla, https://www.linkedin.com/in/abhishek-veeramalla-77b33996/]"
Day-26 | Multi Stage Docker Builds | Reduce Image Size by 800 % | Distroless Container Images | #k8s,"Join our 24*7 Career guidance channel:
www.youtube.com/abhishekveeramalla/join

End to End DevOps Project on Udemy
https://www.udemy.com/course/ultimate-devops-project-with-resume-preparation/

Ultimate DevOps Interview Guide
https://www.udemy.com/course/ultimate-devops-and-cloud-interview-guide/

---- 

Udemy Course (End to End DevOps Project)
https://www.udemy.com/course/ultimate-devops-project-with-resume-preparation/?referralCode=9F588E43854814744430

--- --- Support my work
https://www.buymeacoffee.com/abhishekprd Hi Everyone, Today's Class I am going to talk a real time production scenario that you can explain in an interview. You can use the example demonstrated in the video and try out multi stage docker builds and distroless images on your applications.

We will learn in this video:
==============================
1. Multi Stage Docker Builds
2. Reduce Docker Image Size
3. Distro Less Images
4. Containers Security
5. Interview Questions with Answers
6. Scenario Based Production Q & A

Telegram channel
===============
https://telegram.me/abhishekveeramalla

GitHub Repo for Multi Stage Builds
==============================
https://github.com/iam-veeramalla/Docker-Zero-to-Hero/tree/main/examples/golang-multi-stage-docker-build

More Distroless Images (Java, Python e.t.c.,.)
=============================================
https://github.com/GoogleContainerTools/distroless/tree/main/java

About me:
================
LinkedIn: https://www.linkedin.com/in/abhishek-veeramalla-77b33996/
GitHub: https://github.com/iam-veeramalla
Medium: https://abhishekveeramalla-av.medium.com/
YouTube: https://www.youtube.com/channel/UCnnQ3ybuyFdzvgv2Ky5jnAA?app=desktop .
.
Disclaimer: Unauthorized copying, reproduction, or distribution of this video content, in whole or in part, is strictly prohibited. Any attempt to upload, share, or use this content for commercial or non-commercial purposes without explicit permission from the owner will be subject to legal action. All rights reserved.",https://i.ytimg.com/vi/yyJrZgoNal0/maxresdefault.jpg,Abhishek.Veeramalla,248734,5465,363,1891,31.52,31:31,"31 Minutes, 31 Seconds",2023-02-10T13:30:25,https://www.youtube.com/watch?v=yyJrZgoNal0,"[#devops mock interview, #devops discussion, #DevOps RoadMap, #aws, #azure, #k8s, #tanzu, #vmware, #openshift, #redhat, #gcp, #openstack, #aws complete devops project, #devops proxy interviews, ##bts, #BTS, #bts, #Ansible, #Ansible FAQ, #Ansible Q&A, #Devops interview questions with answers, #terraform, #terraform interview questions, #terraform Q&A, #git, #github, #azure git, #gitlab, #azure devops interview questions, #devops interview questions for experienced, #DevOPs Roadmap, #Free Python, #Python course]",[],[],"[https://telegram.me/abhishekveeramalla, https://www.udemy.com/course/ultimate-devops-project-with-resume-preparation/?referralCode=9F588E43854814744430, https://github.com/iam-veeramalla/Docker-Zero-to-Hero/tree/main/examples/golang-multi-stage-docker-build, https://abhishekveeramalla-av.medium.com/, https://www.buymeacoffee.com/abhishekprd, https://www.udemy.com/course/ultimate-devops-project-with-resume-preparation/, https://www.udemy.com/course/ultimate-devops-and-cloud-interview-guide/, https://www.youtube.com/channel/UCnnQ3ybuyFdzvgv2Ky5jnAA?app=desktop, https://github.com/iam-veeramalla, https://github.com/GoogleContainerTools/distroless/tree/main/java, https://www.linkedin.com/in/abhishek-veeramalla-77b33996/]"
Day-27 | Docker Volumes and Bind Mounts|Persistent Storage for Docker| #devopstutorialsforbeginners,"Join our 24*7 Career guidance channel:
www.youtube.com/abhishekveeramalla/join

End to End DevOps Project on Udemy
https://www.udemy.com/course/ultimate-devops-project-with-resume-preparation/

Ultimate DevOps Interview Guide
https://www.udemy.com/course/ultimate-devops-and-cloud-interview-guide/

---- 

Udemy Course (End to End DevOps Project)
https://www.udemy.com/course/ultimate-devops-project-with-resume-preparation/?referralCode=9F588E43854814744430

--- --- Support my work
https://www.buymeacoffee.com/abhishekprd Hi Everyone, This Video, you will learn about Docker Bind Mounts and Volumes. 

1. Problem Statement for Volumes (Why Volumes) ?
2. Bind Mounts
3. Volumes
4. Advantages of using Volumes over Bind Mounts
5. Lifecycle of Volumes
6. How to mount a Volume

Learn More about Volumes
======================
https://docs.docker.com/storage/volumes/

Telegram channel
===============
https://telegram.me/abhishekveeramalla

GitHub Repo used in the video:
-------------------------------------------------
https://github.com/iam-veeramalla/Docker-Zero-to-Hero

About me:
-----------------
LinkedIn: https://www.linkedin.com/in/abhishek-veeramalla-77b33996/
GitHub: https://github.com/iam-veeramalla
Medium: https://abhishekveeramalla-av.medium.com/
YouTube: https://www.youtube.com/channel/UCnnQ3ybuyFdzvgv2Ky5jnAA?app=desktop .
.
Disclaimer: Unauthorized copying, reproduction, or distribution of this video content, in whole or in part, is strictly prohibited. Any attempt to upload, share, or use this content for commercial or non-commercial purposes without explicit permission from the owner will be subject to legal action. All rights reserved.",https://i.ytimg.com/vi/r_LgmqejAkA/maxresdefault.jpg,Abhishek.Veeramalla,195652,3255,230,2134,35.57,35:34,"35 Minutes, 34 Seconds",2023-02-13T13:30:31,https://www.youtube.com/watch?v=r_LgmqejAkA,"[#devops mock interview, #devops discussion, #DevOps RoadMap, #aws, #azure, #k8s, #tanzu, #vmware, #openshift, #redhat, #gcp, #openstack, #aws complete devops project, #devops proxy interviews, ##bts, #BTS, #bts, #Ansible, #Ansible FAQ, #Ansible Q&A, #Devops interview questions with answers, #terraform, #terraform interview questions, #terraform Q&A, #git, #github, #azure git, #gitlab, #azure devops interview questions, #devops interview questions for experienced, #DevOPs Roadmap, #Free Python, #Python course]",[],[],"[https://telegram.me/abhishekveeramalla, https://github.com/iam-veeramalla/Docker-Zero-to-Hero, https://docs.docker.com/storage/volumes/, https://www.udemy.com/course/ultimate-devops-project-with-resume-preparation/?referralCode=9F588E43854814744430, https://abhishekveeramalla-av.medium.com/, https://www.buymeacoffee.com/abhishekprd, https://www.udemy.com/course/ultimate-devops-project-with-resume-preparation/, https://www.udemy.com/course/ultimate-devops-and-cloud-interview-guide/, https://www.youtube.com/channel/UCnnQ3ybuyFdzvgv2Ky5jnAA?app=desktop, https://github.com/iam-veeramalla, https://www.linkedin.com/in/abhishek-veeramalla-77b33996/]"
Day-28 | Docker Networking | Bridge vs Host vs Overlay |Secure containers with custom bridge network,"Join our 24*7 Career guidance channel:
www.youtube.com/abhishekveeramalla/join

End to End DevOps Project on Udemy
https://www.udemy.com/course/ultimate-devops-project-with-resume-preparation/

Ultimate DevOps Interview Guide
https://www.udemy.com/course/ultimate-devops-and-cloud-interview-guide/

---- 

Udemy Course (End to End DevOps Project)
https://www.udemy.com/course/ultimate-devops-project-with-resume-preparation/?referralCode=9F588E43854814744430

--- --- Support my work
https://www.buymeacoffee.com/abhishekprd Hi Everyone, This class is very important for understanding the networking in docker and to move ahead with concepts like Kubernetes and Docker Swarm

In this video, you will learn about:
1. Why you need networking on Docker ?
2. How does Docker Networking Work ?
3. What are different types of Networking in Docker ?
4. Which Networking is default and Out of the Box ?
5. Play with Docker containers and inspect their Networks
6. Create a custom bridge network to secure it from other containers

0:00 - Introduction to Docker Networking
01:15 -Why Docker Networking with Example 
02:50 - Comparing Docker Networking with VM networking
05:40 - How containers talk to Host in terms of networking ?
07:15: Default Networking in Docker and What happens without that ?
09:30: Different types of Networking in Docker ?
10:40 - Host Networking in Docker
12:46 - Networking Deep Dive 
20:30 - Live Demo with Practical Examples

GitHub Link (Material)
==================
https://github.com/iam-veeramalla/Docker-Zero-to-Hero

Telegram channel
===============
https://telegram.me/abhishekveeramalla

GitHub Repo used in the video:
-------------------------------------------------
https://github.com/iam-veeramalla/Docker-Zero-to-Hero

About me:
-----------------
LinkedIn: https://www.linkedin.com/in/abhishek-veeramalla-77b33996/
GitHub: https://github.com/iam-veeramalla
Medium: https://abhishekveeramalla-av.medium.com/
YouTube: https://www.youtube.com/channel/UCnnQ3ybuyFdzvgv2Ky5jnAA?app=desktop .
.
Disclaimer: Unauthorized copying, reproduction, or distribution of this video content, in whole or in part, is strictly prohibited. Any attempt to upload, share, or use this content for commercial or non-commercial purposes without explicit permission from the owner will be subject to legal action. All rights reserved.",https://i.ytimg.com/vi/xrUGEoUpa3s/maxresdefault.jpg,Abhishek.Veeramalla,167329,4500,279,2004,33.4,33:24,"33 Minutes, 24 Seconds",2023-02-16T13:25:00,https://www.youtube.com/watch?v=xrUGEoUpa3s,"[#devops mock interview, #devops discussion, #DevOps RoadMap, #aws, #azure, #k8s, #tanzu, #vmware, #openshift, #redhat, #gcp, #openstack, #aws complete devops project, #devops proxy interviews, ##bts, #BTS, #bts, #Ansible, #Ansible FAQ, #Ansible Q&A, #Devops interview questions with answers, #terraform, #terraform interview questions, #terraform Q&A, #git, #github, #azure git, #gitlab, #azure devops interview questions, #devops interview questions for experienced, #DevOPs Roadmap, #Free Python, #Python course]",[],[],"[https://telegram.me/abhishekveeramalla, https://github.com/iam-veeramalla/Docker-Zero-to-Hero, https://www.udemy.com/course/ultimate-devops-project-with-resume-preparation/?referralCode=9F588E43854814744430, https://abhishekveeramalla-av.medium.com/, https://www.buymeacoffee.com/abhishekprd, https://www.udemy.com/course/ultimate-devops-project-with-resume-preparation/, https://www.udemy.com/course/ultimate-devops-and-cloud-interview-guide/, https://www.youtube.com/channel/UCnnQ3ybuyFdzvgv2Ky5jnAA?app=desktop, https://github.com/iam-veeramalla, https://www.linkedin.com/in/abhishek-veeramalla-77b33996/]"
Day-29 | Docker Interview Questions with Answers | How many can you answer ? | Comment your score,"Join our 24*7 Career guidance channel:
www.youtube.com/abhishekveeramalla/join

End to End DevOps Project on Udemy
https://www.udemy.com/course/ultimate-devops-project-with-resume-preparation/

Ultimate DevOps Interview Guide
https://www.udemy.com/course/ultimate-devops-and-cloud-interview-guide/

---- 

Udemy Course (End to End DevOps Project)
https://www.udemy.com/course/ultimate-devops-project-with-resume-preparation/?referralCode=9F588E43854814744430

--- --- Support my work
https://www.buymeacoffee.com/abhishekprd Hi Everyone, In this class, we will try to see what are some of the most commonly asked Docker Interview Questions and their Answers ?

Please post in the comments sections, How many were you able to answer.

GitHub Link (Material)
==================
https://github.com/iam-veeramalla/Docker-Zero-to-Hero

Telegram channel
===============
https://telegram.me/abhishekveeramalla

About me:
-----------------
LinkedIn: https://www.linkedin.com/in/abhishek-veeramalla-77b33996/
GitHub: https://github.com/iam-veeramalla
Medium: https://abhishekveeramalla-av.medium.com/
YouTube: https://www.youtube.com/channel/UCnnQ3ybuyFdzvgv2Ky5jnAA?app=desktop .
.
Disclaimer: Unauthorized copying, reproduction, or distribution of this video content, in whole or in part, is strictly prohibited. Any attempt to upload, share, or use this content for commercial or non-commercial purposes without explicit permission from the owner will be subject to legal action. All rights reserved.",https://i.ytimg.com/vi/I6ZBUEc4LrU/maxresdefault.jpg,Abhishek.Veeramalla,181562,4014,277,2296,38.27,38:16,"38 Minutes, 16 Seconds",2023-02-17T14:38:12,https://www.youtube.com/watch?v=I6ZBUEc4LrU,"[#devops mock interview, #devops discussion, #DevOps RoadMap, #aws, #azure, #k8s, #tanzu, #vmware, #openshift, #redhat, #gcp, #openstack, #aws complete devops project, #devops proxy interviews, ##bts, #BTS, #bts, #Ansible, #Ansible FAQ, #Ansible Q&A, #Devops interview questions with answers, #terraform, #terraform interview questions, #terraform Q&A, #git, #github, #azure git, #gitlab, #azure devops interview questions, #devops interview questions for experienced, #DevOPs Roadmap, #Free Python, #Python course]",[],[],"[https://telegram.me/abhishekveeramalla, https://github.com/iam-veeramalla/Docker-Zero-to-Hero, https://www.udemy.com/course/ultimate-devops-project-with-resume-preparation/?referralCode=9F588E43854814744430, https://abhishekveeramalla-av.medium.com/, https://www.buymeacoffee.com/abhishekprd, https://www.udemy.com/course/ultimate-devops-project-with-resume-preparation/, https://www.udemy.com/course/ultimate-devops-and-cloud-interview-guide/, https://www.youtube.com/channel/UCnnQ3ybuyFdzvgv2Ky5jnAA?app=desktop, https://github.com/iam-veeramalla, https://www.linkedin.com/in/abhishek-veeramalla-77b33996/]"
Day-30 | KUBERNETES IS EASY  | INTRODUCTION TO KUBERNETES| #k8s #devopscourse #kubernetes #devops,"Join our 24*7 Career guidance channel:
www.youtube.com/abhishekveeramalla/join

End to End DevOps Project on Udemy
https://www.udemy.com/course/ultimate-devops-project-with-resume-preparation/

Ultimate DevOps Interview Guide
https://www.udemy.com/course/ultimate-devops-and-cloud-interview-guide/

---- 



Udemy Course (End to End DevOps Project)
https://www.udemy.com/course/ultimate-devops-project-with-resume-preparation/?referralCode=9F588E43854814744430

--- --- Learn Kubernetes FREE Practically - 
All Labs page: https://kode.wiki/3RxQ3dL 
Familiarize with environment: https://kode.wiki/4etu01y 
Pods: https://kode.wiki/3KIMDRL 
Replica Sets: https://kode.wiki/3RxA8Mt
Deployments: https://kode.wiki/4c3YUw7 
Rolling Updates and Rollbacks: https://kode.wiki/4cpKxSo 
Services: https://kode.wiki/45pFOhr

Support my work
https://www.buymeacoffee.com/abhishekprd FREE DEVOPS COURSE
https://www.youtube.com/playlist?list=PLdpzxOOAlwvIKMhk8WhzN1pYoJ1YU8Csa

KUBERNETES IS EASY 
===================
Don't feel so ??? Watch the next 10 videos on the channel and you will second me . 

DAY-30: Introduction to Kubernetes
---------------------------------------------------------
What will you learn ?
1. Docker vs Kubernetes
2. Why Kubernetes ?
3. What problems does Kubernetes solve ?
4. Enterprise Level Support by Kubernetes.
5. Much more ....

Telegram channel
===============
https://telegram.me/abhishekveeramalla

About me:
-----------------
LinkedIn: https://www.linkedin.com/in/abhishek-veeramalla-77b33996/
GitHub: https://github.com/iam-veeramalla
Medium: https://abhishekveeramalla-av.medium.com/
YouTube: https://www.youtube.com/channel/UCnnQ3ybuyFdzvgv2Ky5jnAA?app=desktop .
.
Disclaimer: Unauthorized copying, reproduction, or distribution of this video content, in whole or in part, is strictly prohibited. Any attempt to upload, share, or use this content for commercial or non-commercial purposes without explicit permission from the owner will be subject to legal action. All rights reserved.",https://i.ytimg.com/vi/dfxrdoEQe00/maxresdefault.jpg,Abhishek.Veeramalla,608438,7018,351,2113,35.22,35:13,"35 Minutes, 13 Seconds",2023-02-20T13:30:11,https://www.youtube.com/watch?v=dfxrdoEQe00,"[#devops mock interview, #devops discussion, #DevOps RoadMap, #aws, #azure, #k8s, #tanzu, #vmware, #openshift, #redhat, #gcp, #openstack, #aws complete devops project, #devops proxy interviews, ##bts, #BTS, #bts, #Ansible, #Ansible FAQ, #Ansible Q&A, #Devops interview questions with answers, #terraform, #terraform interview questions, #terraform Q&A, #git, #github, #azure git, #gitlab, #azure devops interview questions, #devops interview questions for experienced, #DevOPs Roadmap, #Free Python, #Python course]",[],[],"[https://telegram.me/abhishekveeramalla, https://kode.wiki/4c3YUw7, https://kode.wiki/4etu01y, https://www.udemy.com/course/ultimate-devops-project-with-resume-preparation/?referralCode=9F588E43854814744430, https://www.linkedin.com/in/abhishek-veeramalla-77b33996/, https://kode.wiki/3RxQ3dL, https://abhishekveeramalla-av.medium.com/, https://kode.wiki/3RxA8Mt, https://www.buymeacoffee.com/abhishekprd, https://www.udemy.com/course/ultimate-devops-project-with-resume-preparation/, https://www.udemy.com/course/ultimate-devops-and-cloud-interview-guide/, https://www.youtube.com/channel/UCnnQ3ybuyFdzvgv2Ky5jnAA?app=desktop, https://github.com/iam-veeramalla, https://kode.wiki/3KIMDRL, https://kode.wiki/45pFOhr, https://www.youtube.com/playlist?list=PLdpzxOOAlwvIKMhk8WhzN1pYoJ1YU8Csa, https://kode.wiki/4cpKxSo]"
Day-31 | KUBERNETES ARCHITECTURE USING EXAMPLES | Kubernetes is Easy #devops #k8s #devopscourse,"Join our 24*7 Career guidance channel:
www.youtube.com/abhishekveeramalla/join

End to End DevOps Project on Udemy
https://www.udemy.com/course/ultimate-devops-project-with-resume-preparation/

Ultimate DevOps Interview Guide
https://www.udemy.com/course/ultimate-devops-and-cloud-interview-guide/

---- 

Udemy Course (End to End DevOps Project)
https://www.udemy.com/course/ultimate-devops-project-with-resume-preparation/?referralCode=9F588E43854814744430

--- --- Support my work
https://www.buymeacoffee.com/abhishekprd FREE DEVOPS COURSE
https://www.youtube.com/playlist?list=PLdpzxOOAlwvIKMhk8WhzN1pYoJ1YU8Csa

KUBERNETES IS EASY 
===================
Don't feel so ??? Watch the next 10 videos on the channel and you will second me . 

DAY-31: KUBERNETES ARCHITECTURE USING EXAMPLES
---------------------------------------------------------
What will you learn ?
1. Kubernetes Architecture using Examples 
2. Kubernetes Control plane
3. Kubernetes Data plane
4. Kubernetes Components with Examples

Telegram channel
===============
https://telegram.me/abhishekveeramalla

About me:
-----------------
LinkedIn: https://www.linkedin.com/in/abhishek-veeramalla-77b33996/
GitHub: https://github.com/iam-veeramalla
Medium: https://abhishekveeramalla-av.medium.com/
YouTube: https://www.youtube.com/channel/UCnnQ3ybuyFdzvgv2Ky5jnAA?app=desktop .
.
Disclaimer: Unauthorized copying, reproduction, or distribution of this video content, in whole or in part, is strictly prohibited. Any attempt to upload, share, or use this content for commercial or non-commercial purposes without explicit permission from the owner will be subject to legal action. All rights reserved.",https://i.ytimg.com/vi/gywke3XiNC0/maxresdefault.jpg,Abhishek.Veeramalla,243979,5241,342,1530,25.5,25:30,"25 Minutes, 30 Seconds",2023-02-21T13:30:22,https://www.youtube.com/watch?v=gywke3XiNC0,"[#devops mock interview, #devops discussion, #DevOps RoadMap, #aws, #azure, #k8s, #tanzu, #vmware, #openshift, #redhat, #gcp, #openstack, #aws complete devops project, #devops proxy interviews, ##bts, #BTS, #bts, #Ansible, #Ansible FAQ, #Ansible Q&A, #Devops interview questions with answers, #terraform, #terraform interview questions, #terraform Q&A, #git, #github, #azure git, #gitlab, #azure devops interview questions, #devops interview questions for experienced, #DevOPs Roadmap, #Free Python, #Python course]",[],[],"[https://telegram.me/abhishekveeramalla, https://www.udemy.com/course/ultimate-devops-project-with-resume-preparation/?referralCode=9F588E43854814744430, https://www.linkedin.com/in/abhishek-veeramalla-77b33996/, https://abhishekveeramalla-av.medium.com/, https://www.buymeacoffee.com/abhishekprd, https://www.udemy.com/course/ultimate-devops-project-with-resume-preparation/, https://www.udemy.com/course/ultimate-devops-and-cloud-interview-guide/, https://www.youtube.com/channel/UCnnQ3ybuyFdzvgv2Ky5jnAA?app=desktop, https://github.com/iam-veeramalla, https://www.youtube.com/playlist?list=PLdpzxOOAlwvIKMhk8WhzN1pYoJ1YU8Csa]"
Day-32 | How to Manage Hundreds of Kubernetes clusters ??? | KOPS | #k8s #kubernetes #devops,"Join our 24*7 Career guidance channel:
www.youtube.com/abhishekveeramalla/join

End to End DevOps Project on Udemy
https://www.udemy.com/course/ultimate-devops-project-with-resume-preparation/

Ultimate DevOps Interview Guide
https://www.udemy.com/course/ultimate-devops-and-cloud-interview-guide/

---- 

Udemy Course (End to End DevOps Project)
https://www.udemy.com/course/ultimate-devops-project-with-resume-preparation/?referralCode=9F588E43854814744430

--- --- Support my work
https://www.buymeacoffee.com/abhishekprd FREE DEVOPS COURSE
https://www.youtube.com/playlist?list=PLdpzxOOAlwvIKMhk8WhzN1pYoJ1YU8Csa

KUBERNETES IS EASY 
===================
Don't feel so ??? Watch the next 10 videos on the channel and you will second me . 

DAY-31: KUBERNETES ARCHITECTURE USING EXAMPLES
---------------------------------------------------------
What will you learn ?
1. Popular Kubernetes Distributions
2. Manage hundreds of Kubernetes clusters 

Telegram channel
===============
https://telegram.me/abhishekveeramalla

About me:
-----------------
LinkedIn: https://www.linkedin.com/in/abhishek-veeramalla-77b33996/
GitHub: https://github.com/iam-veeramalla
Medium: https://abhishekveeramalla-av.medium.com/
YouTube: https://www.youtube.com/channel/UCnnQ3ybuyFdzvgv2Ky5jnAA?app=desktop .
.
Disclaimer: Unauthorized copying, reproduction, or distribution of this video content, in whole or in part, is strictly prohibited. Any attempt to upload, share, or use this content for commercial or non-commercial purposes without explicit permission from the owner will be subject to legal action. All rights reserved.",https://i.ytimg.com/vi/44Qk55E6CAA/maxresdefault.jpg,Abhishek.Veeramalla,228306,3487,260,1595,26.58,26:35,"26 Minutes, 35 Seconds",2023-02-22T17:02:35,https://www.youtube.com/watch?v=44Qk55E6CAA,"[#devops mock interview, #devops discussion, #DevOps RoadMap, #aws, #azure, #k8s, #tanzu, #vmware, #openshift, #redhat, #gcp, #openstack, #aws complete devops project, #devops proxy interviews, ##bts, #BTS, #bts, #Ansible, #Ansible FAQ, #Ansible Q&A, #Devops interview questions with answers, #terraform, #terraform interview questions, #terraform Q&A, #git, #github, #azure git, #gitlab, #azure devops interview questions, #devops interview questions for experienced, #DevOPs Roadmap, #Free Python, #Python course]",[],[],"[https://telegram.me/abhishekveeramalla, https://www.udemy.com/course/ultimate-devops-project-with-resume-preparation/?referralCode=9F588E43854814744430, https://www.linkedin.com/in/abhishek-veeramalla-77b33996/, https://abhishekveeramalla-av.medium.com/, https://www.buymeacoffee.com/abhishekprd, https://www.udemy.com/course/ultimate-devops-project-with-resume-preparation/, https://www.udemy.com/course/ultimate-devops-and-cloud-interview-guide/, https://www.youtube.com/channel/UCnnQ3ybuyFdzvgv2Ky5jnAA?app=desktop, https://github.com/iam-veeramalla, https://www.youtube.com/playlist?list=PLdpzxOOAlwvIKMhk8WhzN1pYoJ1YU8Csa]"
Day-33 | KUBERNETES PODS | DEPLOY YOUR FIRST APP |  #k8s #devopscourse #kubernetes #devops,"Join our 24*7 Career guidance channel:
www.youtube.com/abhishekveeramalla/join

End to End DevOps Project on Udemy
https://www.udemy.com/course/ultimate-devops-project-with-resume-preparation/

Ultimate DevOps Interview Guide
https://www.udemy.com/course/ultimate-devops-and-cloud-interview-guide/

---- 

Udemy Course (End to End DevOps Project)
https://www.udemy.com/course/ultimate-devops-project-with-resume-preparation/?referralCode=9F588E43854814744430

--- --- Support my work
https://www.buymeacoffee.com/abhishekprd FREE DEVOPS COURSE
https://www.youtube.com/playlist?list=PLdpzxOOAlwvIKMhk8WhzN1pYoJ1YU8Csa

KUBERNETES IS EASY 
===================
Don't feel so ??? Watch the next 10 videos on the channel and you will second me . 

DAY-33: KUBERNETES PODS
---------------------------------------------------------
What will you learn ?
1. Container vs Pod 
2. What is Kubectl && Installation
3. Minikube Installation
2. How to create a Pod ?
3. How to write your first Pod ?
4. Advantages of Pods ?

Minikube Installation complete video
=============================
https://www.youtube.com/watch?v=Ttp0c-SX1Pc

Telegram channel
===============
https://telegram.me/abhishekveeramalla

About me:
-----------------
LinkedIn: https://www.linkedin.com/in/abhishek-veeramalla-77b33996/
GitHub: https://github.com/iam-veeramalla
Medium: https://abhishekveeramalla-av.medium.com/
YouTube: https://www.youtube.com/channel/UCnnQ3ybuyFdzvgv2Ky5jnAA?app=desktop .
.
Disclaimer: Unauthorized copying, reproduction, or distribution of this video content, in whole or in part, is strictly prohibited. Any attempt to upload, share, or use this content for commercial or non-commercial purposes without explicit permission from the owner will be subject to legal action. All rights reserved.",https://i.ytimg.com/vi/-rDT9m1RKSA/maxresdefault.jpg,Abhishek.Veeramalla,249701,4447,261,2111,35.18,35:11,"35 Minutes, 11 Seconds",2023-02-24T15:12:41,https://www.youtube.com/watch?v=-rDT9m1RKSA,"[#devops mock interview, #devops discussion, #DevOps RoadMap, #aws, #azure, #k8s, #tanzu, #vmware, #openshift, #redhat, #gcp, #openstack, #aws complete devops project, #devops proxy interviews, ##bts, #BTS, #bts, #Ansible, #Ansible FAQ, #Ansible Q&A, #Devops interview questions with answers, #terraform, #terraform interview questions, #terraform Q&A, #git, #github, #azure git, #gitlab, #azure devops interview questions, #devops interview questions for experienced, #DevOPs Roadmap, #Free Python, #Python course]",[],[],"[https://telegram.me/abhishekveeramalla, https://www.youtube.com/watch?v=Ttp0c-SX1Pc, https://www.udemy.com/course/ultimate-devops-project-with-resume-preparation/?referralCode=9F588E43854814744430, https://www.linkedin.com/in/abhishek-veeramalla-77b33996/, https://abhishekveeramalla-av.medium.com/, https://www.buymeacoffee.com/abhishekprd, https://www.udemy.com/course/ultimate-devops-project-with-resume-preparation/, https://www.udemy.com/course/ultimate-devops-and-cloud-interview-guide/, https://www.youtube.com/channel/UCnnQ3ybuyFdzvgv2Ky5jnAA?app=desktop, https://github.com/iam-veeramalla, https://www.youtube.com/playlist?list=PLdpzxOOAlwvIKMhk8WhzN1pYoJ1YU8Csa]"
Day-34 | KUBERNETES DEPLOYMENT | REPLICASETS | #k8s #devopscourse #kubernetes #devops,"Join our 24*7 Career guidance channel:
www.youtube.com/abhishekveeramalla/join

End to End DevOps Project on Udemy
https://www.udemy.com/course/ultimate-devops-project-with-resume-preparation/

Ultimate DevOps Interview Guide
https://www.udemy.com/course/ultimate-devops-and-cloud-interview-guide/

---- 

Udemy Course (End to End DevOps Project)
https://www.udemy.com/course/ultimate-devops-project-with-resume-preparation/?referralCode=9F588E43854814744430

--- --- Support my work
https://www.buymeacoffee.com/abhishekprd FREE DEVOPS COURSE
https://www.youtube.com/playlist?list=PLdpzxOOAlwvIKMhk8WhzN1pYoJ1YU8Csa

KUBERNETES IS EASY 
===================
Don't feel so ??? Watch the next 10 videos on the channel and you will second me . 

DAY-33: KUBERNETES PODS
---------------------------------------------------------
What will you learn ?
1. Deployment vs ReplicaSet vs Pod
2. Auto Healing
3. Demo

Minikube Installation complete video
=============================
https://www.youtube.com/watch?v=Ttp0c-SX1Pc

Telegram channel
===============
https://telegram.me/abhishekveeramalla

About me:
-----------------
LinkedIn: https://www.linkedin.com/in/abhishek-veeramalla-77b33996/
GitHub: https://github.com/iam-veeramalla
Medium: https://abhishekveeramalla-av.medium.com/
YouTube: https://www.youtube.com/channel/UCnnQ3ybuyFdzvgv2Ky5jnAA?app=desktop .
.
Disclaimer: Unauthorized copying, reproduction, or distribution of this video content, in whole or in part, is strictly prohibited. Any attempt to upload, share, or use this content for commercial or non-commercial purposes without explicit permission from the owner will be subject to legal action. All rights reserved.",https://i.ytimg.com/vi/lVKLkyuRWCY/maxresdefault.jpg,Abhishek.Veeramalla,170469,4341,261,1658,27.63,27:38,"27 Minutes, 38 Seconds",2023-02-27T15:30:19,https://www.youtube.com/watch?v=lVKLkyuRWCY,"[#devops mock interview, #devops discussion, #DevOps RoadMap, #aws, #azure, #k8s, #tanzu, #vmware, #openshift, #redhat, #gcp, #openstack, #aws complete devops project, #devops proxy interviews, ##bts, #BTS, #bts, #Ansible, #Ansible FAQ, #Ansible Q&A, #Devops interview questions with answers, #terraform, #terraform interview questions, #terraform Q&A, #git, #github, #azure git, #gitlab, #azure devops interview questions, #devops interview questions for experienced, #DevOPs Roadmap, #Free Python, #Python course]",[],[],"[https://telegram.me/abhishekveeramalla, https://www.youtube.com/watch?v=Ttp0c-SX1Pc, https://www.udemy.com/course/ultimate-devops-project-with-resume-preparation/?referralCode=9F588E43854814744430, https://www.linkedin.com/in/abhishek-veeramalla-77b33996/, https://abhishekveeramalla-av.medium.com/, https://www.buymeacoffee.com/abhishekprd, https://www.udemy.com/course/ultimate-devops-project-with-resume-preparation/, https://www.udemy.com/course/ultimate-devops-and-cloud-interview-guide/, https://www.youtube.com/channel/UCnnQ3ybuyFdzvgv2Ky5jnAA?app=desktop, https://github.com/iam-veeramalla, https://www.youtube.com/playlist?list=PLdpzxOOAlwvIKMhk8WhzN1pYoJ1YU8Csa]"
DAY-35 | EVERYTHING ABOUT KUBERNETES SERVICES | DISCOVERY | LOAD BALANCING | NETWORKING | #devops,"Join our 24*7 Career guidance channel:
www.youtube.com/abhishekveeramalla/join

End to End DevOps Project on Udemy
https://www.udemy.com/course/ultimate-devops-project-with-resume-preparation/

Ultimate DevOps Interview Guide
https://www.udemy.com/course/ultimate-devops-and-cloud-interview-guide/

---- 

Udemy Course (End to End DevOps Project)
https://www.udemy.com/course/ultimate-devops-project-with-resume-preparation/?referralCode=9F588E43854814744430

--- --- Support my work
https://www.buymeacoffee.com/abhishekprd FREE DEVOPS COURSE
https://www.youtube.com/playlist?list=PLdpzxOOAlwvIKMhk8WhzN1pYoJ1YU8Csa

Hi Everyone, In today's class Day-35, We will learn about Kubernetes Services. 

Problem 1:
------------------
In the last class, we learnt that Kubernetes Deployments can implement the auto-healing capability for pod that goes down using Replica Sets but whenever the new pod comes up, It comes up with a new IP address. So how the customer or user know about this new IP address ?

How is Service Discovery Implemented in Kubernetes ?

Problem 2:
-----------------
If you application requires multiple replicas of a pod to serve multi concurrent users, each replica of a pod has unique IP address but customers or users would need a one common IP address or DNS. Just like we all access google.com(DNS) or 8.8.8.8(IP Address) to access google.

How is this implemented in Kubernetes ?

Problem 3:
-----------------
How are the applications deployed as Pods in Kubernetes are accessed by external or people from other teams in your organization who don't have access to the Kubernetes cluster ?

Problem 1 is solved by Kubernetes Service
Problem 2 is solved by Kubernetes Service
Problem 3 is solved by Kubernetes Service

Watch the video to understand complete details.

Telegram channel
===============
https://telegram.me/abhishekveeramalla

About me:
-----------------
LinkedIn: https://www.linkedin.com/in/abhishek-veeramalla-77b33996/
GitHub: https://github.com/iam-veeramalla
Medium: https://abhishekveeramalla-av.medium.com/
YouTube: https://www.youtube.com/channel/UCnnQ3ybuyFdzvgv2Ky5jnAA?app=desktop .
.
Disclaimer: Unauthorized copying, reproduction, or distribution of this video content, in whole or in part, is strictly prohibited. Any attempt to upload, share, or use this content for commercial or non-commercial purposes without explicit permission from the owner will be subject to legal action. All rights reserved.",https://i.ytimg.com/vi/xY6Ic7Igzck/maxresdefault.jpg,Abhishek.Veeramalla,179317,4505,278,2077,34.62,34:37,"34 Minutes, 37 Seconds",2023-02-28T14:00:38,https://www.youtube.com/watch?v=xY6Ic7Igzck,"[#recession, #pink slip, #devops, #how to get devops job, #devops backdoor jobs, #devops course, #ask me anything, #abhishekveeramalla, #no devops jobs, #Kubernetes, #AWS, #Azure, #GCP, #FREE DEVOPS COURSE, #Kubernetes Service, #Kubernetes Course, #FREE KUBERNETES course, #FREE cloud course, #FREE AWS COURSE, #FREE AZURE DEVOPS COURSE, #Best DevOps channel]",[],[],"[https://telegram.me/abhishekveeramalla, https://www.udemy.com/course/ultimate-devops-project-with-resume-preparation/?referralCode=9F588E43854814744430, https://www.linkedin.com/in/abhishek-veeramalla-77b33996/, https://abhishekveeramalla-av.medium.com/, https://www.buymeacoffee.com/abhishekprd, https://www.udemy.com/course/ultimate-devops-project-with-resume-preparation/, https://www.udemy.com/course/ultimate-devops-and-cloud-interview-guide/, https://www.youtube.com/channel/UCnnQ3ybuyFdzvgv2Ky5jnAA?app=desktop, https://github.com/iam-veeramalla, https://www.youtube.com/playlist?list=PLdpzxOOAlwvIKMhk8WhzN1pYoJ1YU8Csa]"
Day-36 | KUBERNETES INTERVIEW QUESTIONS PART-1| What's Your Score ? |10/10| #kubernetes #devops #k8s,"Join our 24*7 Career guidance channel:
www.youtube.com/abhishekveeramalla/join

End to End DevOps Project on Udemy
https://www.udemy.com/course/ultimate-devops-project-with-resume-preparation/

Ultimate DevOps Interview Guide
https://www.udemy.com/course/ultimate-devops-and-cloud-interview-guide/

---- 

Udemy Course (End to End DevOps Project)
https://www.udemy.com/course/ultimate-devops-project-with-resume-preparation/?referralCode=9F588E43854814744430

--- --- Support my work
https://www.buymeacoffee.com/abhishekprd FREE DEVOPS COURSE
https://www.youtube.com/playlist?list=PLdpzxOOAlwvIKMhk8WhzN1pYoJ1YU8Csa

======== KUBERNETES IS EASY ==========

DAY-36: Consider this as a mock interview and see how many questions were you able to answer. Most of the questions were explained in the previous classes, so I expect my subscribers to answer most or all of them. 

Don't forget to share your progress card in the comment section :)

Telegram channel
===============
https://telegram.me/abhishekveeramalla

About me:
-----------------
LinkedIn: https://www.linkedin.com/in/abhishek-veeramalla-77b33996/
GitHub: https://github.com/iam-veeramalla
Medium: https://abhishekveeramalla-av.medium.com/
YouTube: https://www.youtube.com/channel/UCnnQ3ybuyFdzvgv2Ky5jnAA?app=desktop .
.
Disclaimer: Unauthorized copying, reproduction, or distribution of this video content, in whole or in part, is strictly prohibited. Any attempt to upload, share, or use this content for commercial or non-commercial purposes without explicit permission from the owner will be subject to legal action. All rights reserved.",https://i.ytimg.com/vi/0qy5JD7CbJ4/maxresdefault.jpg,Abhishek.Veeramalla,158012,3572,300,1743,29.05,29:03,"29 Minutes, 3 Seconds",2023-03-02T14:00:42,https://www.youtube.com/watch?v=0qy5JD7CbJ4,"[#devops mock interview, #devops discussion, #DevOps RoadMap, #aws, #azure, #k8s, #tanzu, #vmware, #openshift, #redhat, #gcp, #openstack, #aws complete devops project, #devops proxy interviews, ##bts, #BTS, #bts, #Ansible, #Ansible FAQ, #Ansible Q&A, #Devops interview questions with answers, #terraform, #terraform interview questions, #terraform Q&A, #git, #github, #azure git, #gitlab, #azure devops interview questions, #devops interview questions for experienced, #DevOPs Roadmap, #Free Python, #Python course]",[],[],"[https://telegram.me/abhishekveeramalla, https://www.udemy.com/course/ultimate-devops-project-with-resume-preparation/?referralCode=9F588E43854814744430, https://www.linkedin.com/in/abhishek-veeramalla-77b33996/, https://abhishekveeramalla-av.medium.com/, https://www.buymeacoffee.com/abhishekprd, https://www.udemy.com/course/ultimate-devops-project-with-resume-preparation/, https://www.udemy.com/course/ultimate-devops-and-cloud-interview-guide/, https://www.youtube.com/channel/UCnnQ3ybuyFdzvgv2Ky5jnAA?app=desktop, https://github.com/iam-veeramalla, https://www.youtube.com/playlist?list=PLdpzxOOAlwvIKMhk8WhzN1pYoJ1YU8Csa]"
DAY-37 | KUBERNETES SERVICES DEEP DIVE| LIVE DEMO | LEARN TRAFFIC FLOW USING KUBESHARK | #kubernetes,"Join our 24*7 Career guidance channel:
www.youtube.com/abhishekveeramalla/join

End to End DevOps Project on Udemy
https://www.udemy.com/course/ultimate-devops-project-with-resume-preparation/

Ultimate DevOps Interview Guide
https://www.udemy.com/course/ultimate-devops-and-cloud-interview-guide/

---- 

Udemy Course (End to End DevOps Project)
https://www.udemy.com/course/ultimate-devops-project-with-resume-preparation/?referralCode=9F588E43854814744430

--- --- Support my work
https://www.buymeacoffee.com/abhishekprd FREE DEVOPS COURSE
https://www.youtube.com/playlist?list=PLdpzxOOAlwvIKMhk8WhzN1pYoJ1YU8Csa

Hi Everyone, In today's class Day-37, We will learn about Kubernetes Services in Live Demo.

Have you watched a lot of videos on Kubernetes Service and still not clear on how does the services work in real time, This is the best video which demonstrates the services using a traffic debugger tool called KubeShark.

Watch the video till the end to understand how services handle Load balancing, Service discovery and Exposing applications to outside world.

Telegram channel
===============
https://telegram.me/abhishekveeramalla

About me:
-----------------
LinkedIn: https://www.linkedin.com/in/abhishek-veeramalla-77b33996/
GitHub: https://github.com/iam-veeramalla
Medium: https://abhishekveeramalla-av.medium.com/
YouTube: https://www.youtube.com/channel/UCnnQ3ybuyFdzvgv2Ky5jnAA?app=desktop .
.
Disclaimer: Unauthorized copying, reproduction, or distribution of this video content, in whole or in part, is strictly prohibited. Any attempt to upload, share, or use this content for commercial or non-commercial purposes without explicit permission from the owner will be subject to legal action. All rights reserved.",https://i.ytimg.com/vi/fCX8O7GA_lY/maxresdefault.jpg,Abhishek.Veeramalla,176280,3231,511,2658,44.3,44:18,"44 Minutes, 18 Seconds",2023-03-03T15:31:52,https://www.youtube.com/watch?v=fCX8O7GA_lY,"[#recession, #pink slip, #devops, #how to get devops job, #devops backdoor jobs, #devops course, #ask me anything, #abhishekveeramalla, #no devops jobs, #Kubernetes, #AWS, #Azure, #GCP, #FREE DEVOPS COURSE, #Kubernetes Service, #Kubernetes Course, #FREE KUBERNETES course, #FREE cloud course, #FREE AWS COURSE, #FREE AZURE DEVOPS COURSE, #Best DevOps channel]",[],[],"[https://telegram.me/abhishekveeramalla, https://www.udemy.com/course/ultimate-devops-project-with-resume-preparation/?referralCode=9F588E43854814744430, https://www.linkedin.com/in/abhishek-veeramalla-77b33996/, https://abhishekveeramalla-av.medium.com/, https://www.buymeacoffee.com/abhishekprd, https://www.udemy.com/course/ultimate-devops-project-with-resume-preparation/, https://www.udemy.com/course/ultimate-devops-and-cloud-interview-guide/, https://www.youtube.com/channel/UCnnQ3ybuyFdzvgv2Ky5jnAA?app=desktop, https://github.com/iam-veeramalla, https://www.youtube.com/playlist?list=PLdpzxOOAlwvIKMhk8WhzN1pYoJ1YU8Csa]"
DAY-38 | KUBERNETES INGRESS | WATCH DEMO USING LINK IN DESCRIPTION | #kubernetes #devops #freecourse,"Join our 24*7 Career guidance channel:
www.youtube.com/abhishekveeramalla/join

End to End DevOps Project on Udemy
https://www.udemy.com/course/ultimate-devops-project-with-resume-preparation/

Ultimate DevOps Interview Guide
https://www.udemy.com/course/ultimate-devops-and-cloud-interview-guide/

---- 

Udemy Course (End to End DevOps Project)
https://www.udemy.com/course/ultimate-devops-project-with-resume-preparation/?referralCode=9F588E43854814744430

--- --- Support my work
https://www.buymeacoffee.com/abhishekprd FREE DEVOPS COURSE
https://www.youtube.com/playlist?list=PLdpzxOOAlwvIKMhk8WhzN1pYoJ1YU8Csa

Hi Everyone, In today's class Day-38, We will learn about Kubernetes Ingress in depth. Please watch the DEMO Video using the below link for sure.

DEMO VIDEO LINK
===============
https://youtu.be/3YTU4EPjEh4

In this video, we will learn 
1. What is Ingress ?
2. Why Ingress ?
3. Load Balancer IP vs Ingress 
4. What is Ingress Controller ?
5. Different types of Ingress Controllers.

Telegram channel
===============
https://telegram.me/abhishekveeramalla

About me:
-----------------
LinkedIn: https://www.linkedin.com/in/abhishek-veeramalla-77b33996/
GitHub: https://github.com/iam-veeramalla
Medium: https://abhishekveeramalla-av.medium.com/
YouTube: https://www.youtube.com/channel/UCnnQ3ybuyFdzvgv2Ky5jnAA?app=desktop .
.
Disclaimer: Unauthorized copying, reproduction, or distribution of this video content, in whole or in part, is strictly prohibited. Any attempt to upload, share, or use this content for commercial or non-commercial purposes without explicit permission from the owner will be subject to legal action. All rights reserved.",https://i.ytimg.com/vi/47ck6bh6dfI/maxresdefault.jpg,Abhishek.Veeramalla,205331,3542,228,2357,39.28,39:17,"39 Minutes, 17 Seconds",2023-03-06T15:50:13,https://www.youtube.com/watch?v=47ck6bh6dfI,"[#recession, #pink slip, #devops, #how to get devops job, #devops backdoor jobs, #devops course, #ask me anything, #abhishekveeramalla, #no devops jobs, #Kubernetes, #AWS, #Azure, #GCP, #FREE DEVOPS COURSE, #Kubernetes Service, #Kubernetes Course, #FREE KUBERNETES course, #FREE cloud course, #FREE AWS COURSE, #FREE AZURE DEVOPS COURSE, #Best DevOps channel]",[],[],"[https://telegram.me/abhishekveeramalla, https://www.udemy.com/course/ultimate-devops-project-with-resume-preparation/?referralCode=9F588E43854814744430, https://www.linkedin.com/in/abhishek-veeramalla-77b33996/, https://abhishekveeramalla-av.medium.com/, https://youtu.be/3YTU4EPjEh4, https://www.buymeacoffee.com/abhishekprd, https://www.udemy.com/course/ultimate-devops-project-with-resume-preparation/, https://www.udemy.com/course/ultimate-devops-and-cloud-interview-guide/, https://www.youtube.com/channel/UCnnQ3ybuyFdzvgv2Ky5jnAA?app=desktop, https://github.com/iam-veeramalla, https://www.youtube.com/playlist?list=PLdpzxOOAlwvIKMhk8WhzN1pYoJ1YU8Csa]"
INTRODUCTION TO K8s RBAC | 30 DAYS FREE OPENSHIFT CLUSTER | LEARN RBAC WITH REAL CLUSTER | #devops,"Join our 24*7 Career guidance channel:
www.youtube.com/abhishekveeramalla/join

End to End DevOps Project on Udemy
https://www.udemy.com/course/ultimate-devops-project-with-resume-preparation/

Ultimate DevOps Interview Guide
https://www.udemy.com/course/ultimate-devops-and-cloud-interview-guide/

---- 

Udemy Course (End to End DevOps Project)
https://www.udemy.com/course/ultimate-devops-project-with-resume-preparation/?referralCode=9F588E43854814744430

--- --- Support my work
https://www.buymeacoffee.com/abhishekprd FREE DEVOPS COURSE
https://www.youtube.com/playlist?list=PLdpzxOOAlwvIKMhk8WhzN1pYoJ1YU8Csa

Hi Everyone, In this video, we will learn about Kubernetes RBAC and also create a 30 Days FREE OpenShift Cluster which can be used to understand how Kubernetes cluster would looks like in Production and how is it used.

We will learn 
1. How to create a 30 days free production OpenShift Cluster ?
2. What is RBAC ?
3. How to create Users and how to do user management in Kubernetes ?
4. Kubernetes Service Accounts ?
5. Roles 
6. Role Bindings
7. Identity Providers
8. How to login to OpenShift cluster that we created in step 1 

Telegram channel
===============
https://telegram.me/abhishekveeramalla

About me:
-----------------
LinkedIn: https://www.linkedin.com/in/abhishek-veeramalla-77b33996/
GitHub: https://github.com/iam-veeramalla
Medium: https://abhishekveeramalla-av.medium.com/
YouTube: https://www.youtube.com/channel/UCnnQ3ybuyFdzvgv2Ky5jnAA?app=desktop .
.
Disclaimer: Unauthorized copying, reproduction, or distribution of this video content, in whole or in part, is strictly prohibited. Any attempt to upload, share, or use this content for commercial or non-commercial purposes without explicit permission from the owner will be subject to legal action. All rights reserved.",https://i.ytimg.com/vi/1slRgW2IzJY/maxresdefault.jpg,Abhishek.Veeramalla,108755,2002,135,1600,26.67,26:40,"26 Minutes, 40 Seconds",2023-03-09T18:43:21,https://www.youtube.com/watch?v=1slRgW2IzJY,"[#recession, #pink slip, #devops, #how to get devops job, #devops backdoor jobs, #devops course, #ask me anything, #abhishekveeramalla, #no devops jobs, #Kubernetes, #AWS, #Azure, #GCP, #FREE DEVOPS COURSE, #Kubernetes Service, #Kubernetes Course, #FREE KUBERNETES course, #FREE cloud course, #FREE AWS COURSE, #FREE AZURE DEVOPS COURSE, #devsecops, #falcon sysdig, #kube shark, #security, #kubernetes security, #Best DevOps channel]",[],[],"[https://telegram.me/abhishekveeramalla, https://www.udemy.com/course/ultimate-devops-project-with-resume-preparation/?referralCode=9F588E43854814744430, https://www.linkedin.com/in/abhishek-veeramalla-77b33996/, https://abhishekveeramalla-av.medium.com/, https://www.buymeacoffee.com/abhishekprd, https://www.udemy.com/course/ultimate-devops-project-with-resume-preparation/, https://www.udemy.com/course/ultimate-devops-and-cloud-interview-guide/, https://www.youtube.com/channel/UCnnQ3ybuyFdzvgv2Ky5jnAA?app=desktop, https://github.com/iam-veeramalla, https://www.youtube.com/playlist?list=PLdpzxOOAlwvIKMhk8WhzN1pYoJ1YU8Csa]"
DAY-40 | KUBERNETES CUSTOM RESOURCES | CUSTOM CONTROLLER | DEEP DIVE & DETAILED EXPLANATION | #k8s,"Join our 24*7 Career guidance channel:
www.youtube.com/abhishekveeramalla/join

End to End DevOps Project on Udemy
https://www.udemy.com/course/ultimate-devops-project-with-resume-preparation/

Ultimate DevOps Interview Guide
https://www.udemy.com/course/ultimate-devops-and-cloud-interview-guide/

---- 

Udemy Course (End to End DevOps Project)
https://www.udemy.com/course/ultimate-devops-project-with-resume-preparation/?referralCode=9F588E43854814744430

--- --- Support my work
https://www.buymeacoffee.com/abhishekprd FREE DEVOPS COURSE
https://www.youtube.com/playlist?list=PLdpzxOOAlwvIKMhk8WhzN1pYoJ1YU8Csa

Hi Everyone, In today's class Day-40, We will learn about Kubernetes Custom Resources, Custom Resource Definitions and Custom Controllers in depth.

Watch the complete video to get in depth understanding of
1. What is a Custom Resource ?
2. Why do you need a Custom Resource in Kubernetes ?
3. What is a Custom Resource Definition ?
4. What is a Custom Controller ?
5. How to write a Custom Controller in Kubernetes ?
6. Comparison with the native Kubernetes Resources

Write a Sample Kubernetes Controller 
===============================
https://github.com/kubernetes/sample-controller

Telegram channel
===============
https://telegram.me/abhishekveeramalla

About me:
-----------------
LinkedIn: https://www.linkedin.com/in/abhishek-veeramalla-77b33996/
GitHub: https://github.com/iam-veeramalla
Medium: https://abhishekveeramalla-av.medium.com/
YouTube: https://www.youtube.com/channel/UCnnQ3ybuyFdzvgv2Ky5jnAA?app=desktop .
.
Disclaimer: Unauthorized copying, reproduction, or distribution of this video content, in whole or in part, is strictly prohibited. Any attempt to upload, share, or use this content for commercial or non-commercial purposes without explicit permission from the owner will be subject to legal action. All rights reserved.",https://i.ytimg.com/vi/alGEPSQxbLg/maxresdefault.jpg,Abhishek.Veeramalla,101317,2108,141,2350,39.17,39:10,"39 Minutes, 10 Seconds",2023-03-14T13:30:01,https://www.youtube.com/watch?v=alGEPSQxbLg,"[#recession, #pink slip, #devops, #how to get devops job, #devops backdoor jobs, #devops course, #ask me anything, #abhishekveeramalla, #no devops jobs, #Kubernetes, #AWS, #Azure, #GCP, #FREE DEVOPS COURSE, #Kubernetes Service, #Kubernetes Course, #FREE KUBERNETES course, #FREE cloud course, #FREE AWS COURSE, #FREE AZURE DEVOPS COURSE, #Best DevOps channel]",[],[],"[https://telegram.me/abhishekveeramalla, https://www.udemy.com/course/ultimate-devops-project-with-resume-preparation/?referralCode=9F588E43854814744430, https://www.linkedin.com/in/abhishek-veeramalla-77b33996/, https://abhishekveeramalla-av.medium.com/, https://www.buymeacoffee.com/abhishekprd, https://www.udemy.com/course/ultimate-devops-project-with-resume-preparation/, https://www.udemy.com/course/ultimate-devops-and-cloud-interview-guide/, https://www.youtube.com/channel/UCnnQ3ybuyFdzvgv2Ky5jnAA?app=desktop, https://github.com/kubernetes/sample-controller, https://github.com/iam-veeramalla, https://www.youtube.com/playlist?list=PLdpzxOOAlwvIKMhk8WhzN1pYoJ1YU8Csa]"
DAY-41 | KUBERNETES LIVE PROJECT | CONFIGMAPS & SECRETS | HOW TO USE CONFIGMAPS & SECRETS INSIDE POD,"Join our 24*7 Career guidance channel:
www.youtube.com/abhishekveeramalla/join

End to End DevOps Project on Udemy
https://www.udemy.com/course/ultimate-devops-project-with-resume-preparation/

Ultimate DevOps Interview Guide
https://www.udemy.com/course/ultimate-devops-and-cloud-interview-guide/

---- 

Udemy Course (End to End DevOps Project)
https://www.udemy.com/course/ultimate-devops-project-with-resume-preparation/?referralCode=9F588E43854814744430

--- --- Support my work
https://www.buymeacoffee.com/abhishekprd FREE DEVOPS COURSE
https://www.youtube.com/playlist?list=PLdpzxOOAlwvIKMhk8WhzN1pYoJ1YU8Csa

Hi Everyone, Today is Day-41 of our complete DevOps course and in this video, we will learn about Kubernetes ConfigMaps and Secrets using a Live Project.

We will learn,
1. What is a Kubernetes ConfigMap ?
2. What is a Kubernetes Secret ?
3. Difference between ConfigMap & Secret ?
4. How to use ConfigMap data as ENV Vars inside a Django Python Container ?
5. How to use Configmap data as Volume Mount file inside a Django Python container App ?
6. What are the advantages of using a Volume Mount over Env var for reading ConfigMap in Kubernetes ?
7. Interview Questions related to Secrets in Kubernetes ?
8. Much more.

Kubernetes Secrets Assignment Reference:
===================================
https://www.containiq.com/post/kubernetes-secrets

Telegram channel
===============
https://telegram.me/abhishekveeramalla

About me:
-----------------
LinkedIn: https://www.linkedin.com/in/abhishek-veeramalla-77b33996/
GitHub: https://github.com/iam-veeramalla
Medium: https://abhishekveeramalla-av.medium.com/
YouTube: https://www.youtube.com/channel/UCnnQ3ybuyFdzvgv2Ky5jnAA?app=desktop .
.
Disclaimer: Unauthorized copying, reproduction, or distribution of this video content, in whole or in part, is strictly prohibited. Any attempt to upload, share, or use this content for commercial or non-commercial purposes without explicit permission from the owner will be subject to legal action. All rights reserved.",https://i.ytimg.com/vi/f-DqMTxs5z8/maxresdefault.jpg,Abhishek.Veeramalla,118458,2435,175,2286,38.1,38:06,"38 Minutes, 6 Seconds",2023-03-15T17:15:46,https://www.youtube.com/watch?v=f-DqMTxs5z8,"[#recession, #pink slip, #devops, #how to get devops job, #devops backdoor jobs, #devops course, #ask me anything, #abhishekveeramalla, #no devops jobs, #Kubernetes, #AWS, #Azure, #GCP, #FREE DEVOPS COURSE, #Kubernetes Service, #Kubernetes Course, #FREE KUBERNETES course, #FREE cloud course, #FREE AWS COURSE, #FREE AZURE DEVOPS COURSE, #Best DevOps channel]",[],[],"[https://telegram.me/abhishekveeramalla, https://www.udemy.com/course/ultimate-devops-project-with-resume-preparation/?referralCode=9F588E43854814744430, https://www.linkedin.com/in/abhishek-veeramalla-77b33996/, https://abhishekveeramalla-av.medium.com/, https://www.containiq.com/post/kubernetes-secrets, https://www.buymeacoffee.com/abhishekprd, https://www.udemy.com/course/ultimate-devops-project-with-resume-preparation/, https://www.udemy.com/course/ultimate-devops-and-cloud-interview-guide/, https://www.youtube.com/channel/UCnnQ3ybuyFdzvgv2Ky5jnAA?app=desktop, https://github.com/iam-veeramalla, https://www.youtube.com/playlist?list=PLdpzxOOAlwvIKMhk8WhzN1pYoJ1YU8Csa]"
DAY-42 | KUBERNETES MONITORING USING PROMETHEUS & GRAFANA |LIVE DEMO |STEPS IN GITHUB | #kubernetes,"Join our 24*7 Career guidance channel:
www.youtube.com/abhishekveeramalla/join

End to End DevOps Project on Udemy
https://www.udemy.com/course/ultimate-devops-project-with-resume-preparation/

Ultimate DevOps Interview Guide
https://www.udemy.com/course/ultimate-devops-and-cloud-interview-guide/

---- 

Udemy Course (End to End DevOps Project)
https://www.udemy.com/course/ultimate-devops-project-with-resume-preparation/?referralCode=9F588E43854814744430

--- --- Support my work
https://www.buymeacoffee.com/abhishekprd FREE DEVOPS COURSE
https://www.youtube.com/playlist?list=PLdpzxOOAlwvIKMhk8WhzN1pYoJ1YU8Csa

DAY-42: KUBERNETES MONITORING USING PROMETHEUS & GRAFANA 

Hi Everyone, In this video, I will talk about Kubernetes cluster monitoring using Prometheus and Visualization using Grafana. 

This is a End to End Live DEMO with Installation steps provided in the GitHub Repo (Link Below).

GitHub Repo
==========
https://github.com/iam-veeramalla/observability-zero-to-hero/tree/main/day-2


Telegram channel
===============
https://telegram.me/abhishekveeramalla

About me:
-----------------
LinkedIn: https://www.linkedin.com/in/abhishek-veeramalla-77b33996/
GitHub: https://github.com/iam-veeramalla
Medium: https://abhishekveeramalla-av.medium.com/
YouTube: https://www.youtube.com/channel/UCnnQ3ybuyFdzvgv2Ky5jnAA?app=desktop .
.
Disclaimer: Unauthorized copying, reproduction, or distribution of this video content, in whole or in part, is strictly prohibited. Any attempt to upload, share, or use this content for commercial or non-commercial purposes without explicit permission from the owner will be subject to legal action. All rights reserved.",https://i.ytimg.com/vi/EeiYpnBHnhY/maxresdefault.jpg,Abhishek.Veeramalla,296245,4710,478,2454,40.9,40:54,"40 Minutes, 54 Seconds",2023-03-16T17:22:42,https://www.youtube.com/watch?v=EeiYpnBHnhY,"[#recession, #pink slip, #devops, #how to get devops job, #devops backdoor jobs, #devops course, #ask me anything, #abhishekveeramalla, #no devops jobs, #Kubernetes, #AWS, #Azure, #GCP, #FREE DEVOPS COURSE, #Kubernetes Service, #Kubernetes Course, #FREE KUBERNETES course, #FREE cloud course, #FREE AWS COURSE, #FREE AZURE DEVOPS COURSE, #devsecops, #falcon sysdig, #kube shark, #security, #kubernetes security, #Best DevOps channel]",[],[],"[https://telegram.me/abhishekveeramalla, https://www.udemy.com/course/ultimate-devops-project-with-resume-preparation/?referralCode=9F588E43854814744430, https://www.linkedin.com/in/abhishek-veeramalla-77b33996/, https://abhishekveeramalla-av.medium.com/, https://www.buymeacoffee.com/abhishekprd, https://www.udemy.com/course/ultimate-devops-project-with-resume-preparation/, https://www.udemy.com/course/ultimate-devops-and-cloud-interview-guide/, https://github.com/iam-veeramalla/observability-zero-to-hero/tree/main/day-2, https://www.youtube.com/channel/UCnnQ3ybuyFdzvgv2Ky5jnAA?app=desktop, https://github.com/iam-veeramalla, https://www.youtube.com/playlist?list=PLdpzxOOAlwvIKMhk8WhzN1pYoJ1YU8Csa]"
DAY-43 | AWS LIVE PROJECT | DEPLOY APP USING HTTPD |Feat. Varun Bansal | #aws #devops #apache #http,"Join our 24*7 Career guidance channel:
www.youtube.com/abhishekveeramalla/join

End to End DevOps Project on Udemy
https://www.udemy.com/course/ultimate-devops-project-with-resume-preparation/

Ultimate DevOps Interview Guide
https://www.udemy.com/course/ultimate-devops-and-cloud-interview-guide/

---- 

Udemy Course (End to End DevOps Project)
https://www.udemy.com/course/ultimate-devops-project-with-resume-preparation/?referralCode=9F588E43854814744430

--- --- Support my work
https://www.buymeacoffee.com/abhishekprd FREE DEVOPS COURSE
https://www.youtube.com/playlist?list=PLdpzxOOAlwvIKMhk8WhzN1pYoJ1YU8Csa

Hi Everyone, We are at Day-43 and in this class we will learn how to deploy an Application on to AWS and Install HTTPD, Run HTTPD and Run the application using HTTPD.

This session will cover:
1. How to create a IAM USER and Login 
2. How to create EC2 Instance ? What are some of the good practices ?
3. How to access the EC2 Instance ?
4. Deploy an application on to AWS EC2 ?
5. Expose the application to outside world ?
6. Access the application deployed on AWS from your laptop.

Want to try this project at your end ? Fork the GitHub repo
=============================================
https://github.com/varunbgit/AWSDemo  (Switch to Master Branch)

About the Speaker - Varun Bansal
LinkedIn
=======
https://www.linkedin.com/in/varunb01/

GitHub
======
https://github.com/varunbgit/

Telegram channel
===============
https://t.me/abhishekveeramalla

About me:
-----------------
LinkedIn: https://www.linkedin.com/in/abhishek-veeramalla-77b33996/
GitHub: https://github.com/iam-veeramalla
Medium: https://abhishekveeramalla-av.medium.com/
YouTube: https://www.youtube.com/channel/UCnnQ3ybuyFdzvgv2Ky5jnAA?app=desktop .
.
Disclaimer: Unauthorized copying, reproduction, or distribution of this video content, in whole or in part, is strictly prohibited. Any attempt to upload, share, or use this content for commercial or non-commercial purposes without explicit permission from the owner will be subject to legal action. All rights reserved.",https://i.ytimg.com/vi/cgsBdVnMV-o/maxresdefault.jpg,Abhishek.Veeramalla,54049,1006,102,3288,54.8,54:48,"54 Minutes, 48 Seconds",2023-03-18T13:30:22,https://www.youtube.com/watch?v=cgsBdVnMV-o,"[#devops mock interview, #devops discussion, #DevOps RoadMap, #aws, #azure, #k8s, #tanzu, #vmware, #openshift, #redhat, #gcp, #openstack, #aws complete devops project, #devops proxy interviews, ##bts, #BTS, #bts, #Ansible, #Ansible FAQ, #Ansible Q&A, #Devops interview questions with answers, #terraform, #terraform interview questions, #terraform Q&A, #git, #github, #azure git, #gitlab, #azure devops interview questions, #devops interview questions for experienced, #DevOPs Roadmap, #Free Python, #Python course]",[],[],"[https://github.com/varunbgit/, https://www.udemy.com/course/ultimate-devops-project-with-resume-preparation/?referralCode=9F588E43854814744430, https://t.me/abhishekveeramalla, https://www.linkedin.com/in/abhishek-veeramalla-77b33996/, https://abhishekveeramalla-av.medium.com/, https://github.com/varunbgit/AWSDemo, https://www.buymeacoffee.com/abhishekprd, https://www.udemy.com/course/ultimate-devops-project-with-resume-preparation/, https://www.udemy.com/course/ultimate-devops-and-cloud-interview-guide/, https://www.youtube.com/channel/UCnnQ3ybuyFdzvgv2Ky5jnAA?app=desktop, https://github.com/iam-veeramalla, https://www.youtube.com/playlist?list=PLdpzxOOAlwvIKMhk8WhzN1pYoJ1YU8Csa, https://www.linkedin.com/in/varunb01/]"
Day-18 | What is CICD ? | Introduction to CICD | How CICD works ? | #devops #abhishekveeramalla,"Join our 24*7 Career guidance channel:
www.youtube.com/abhishekveeramalla/join

End to End DevOps Project on Udemy
https://www.udemy.com/course/ultimate-devops-project-with-resume-preparation/

Ultimate DevOps Interview Guide
https://www.udemy.com/course/ultimate-devops-and-cloud-interview-guide/

---- 

Udemy Course (End to End DevOps Project)
https://www.udemy.com/course/ultimate-devops-project-with-resume-preparation/?referralCode=9F588E43854814744430

--- --- Support my work
https://www.buymeacoffee.com/abhishekprd Hi Everyone, Today's class (Day-18) is about ""Introduction to CICD"". In this class we will understand:

1. Introduction to CICD.
2. Why CICD ?
3. Legacy CICD setup
4. Advanced CICD setup
5. CICD setup in top MNCs
6. Preparation for Live Project tomorrow

Telegram channel
===============
https://t.me/abhishekveeramalla

About me:
-----------------
LinkedIn: https://www.linkedin.com/in/abhishek-veeramalla-77b33996/
GitHub: https://github.com/iam-veeramalla
Medium: https://abhishekveeramalla-av.medium.com/
YouTube: https://www.youtube.com/channel/UCnnQ3ybuyFdzvgv2Ky5jnAA?app=desktop .
.
Disclaimer: Unauthorized copying, reproduction, or distribution of this video content, in whole or in part, is strictly prohibited. Any attempt to upload, share, or use this content for commercial or non-commercial purposes without explicit permission from the owner will be subject to legal action. All rights reserved.",https://i.ytimg.com/vi/CmVxoNkkACQ/maxresdefault.jpg,Abhishek.Veeramalla,443636,6022,286,2005,33.42,33:25,"33 Minutes, 25 Seconds",2023-01-30T13:30:08,https://www.youtube.com/watch?v=CmVxoNkkACQ,"[#devops mock interview, #devops discussion, #DevOps RoadMap, #aws, #azure, #k8s, #tanzu, #vmware, #openshift, #redhat, #gcp, #openstack, #aws complete devops project, #devops proxy interviews, ##bts, #BTS, #bts, #Ansible, #Ansible FAQ, #Ansible Q&A, #Devops interview questions with answers, #terraform, #terraform interview questions, #terraform Q&A, #git, #github, #azure git, #gitlab, #azure devops interview questions, #devops interview questions for experienced, #DevOPs Roadmap, #Free Python, #Python course]",[],[],"[https://www.udemy.com/course/ultimate-devops-project-with-resume-preparation/?referralCode=9F588E43854814744430, https://t.me/abhishekveeramalla, https://abhishekveeramalla-av.medium.com/, https://www.buymeacoffee.com/abhishekprd, https://www.udemy.com/course/ultimate-devops-project-with-resume-preparation/, https://www.udemy.com/course/ultimate-devops-and-cloud-interview-guide/, https://www.youtube.com/channel/UCnnQ3ybuyFdzvgv2Ky5jnAA?app=desktop, https://github.com/iam-veeramalla, https://www.linkedin.com/in/abhishek-veeramalla-77b33996/]"
Day-19 | Jenkins ZERO to HERO | 3 Projects Live |Docker Agent |Interview Questions | #k8s #gitops,"Join our 24*7 Career guidance channel:
www.youtube.com/abhishekveeramalla/join

End to End DevOps Project on Udemy
https://www.udemy.com/course/ultimate-devops-project-with-resume-preparation/

Ultimate DevOps Interview Guide
https://www.udemy.com/course/ultimate-devops-and-cloud-interview-guide/

---- 

Udemy Course (End to End DevOps Project)
https://www.udemy.com/course/ultimate-devops-project-with-resume-preparation/?referralCode=9F588E43854814744430

--- --- Support my work
https://www.buymeacoffee.com/abhishekprd Hi Everyone, Today's Class is going to be very exciting as we will learn about practical implementation of Jenkins, Right from Installation, Configuration and Deployment of multiple applications.

We will learn:
1. Install Jenkins on ec2
2. Configure Jenkins and expose to outside world
3. Use Docker as Agents against the VM approach 
4. Advantages of using Docker as Agents
5. GitOps appraoch to deploy applications on to k8s
6. Interview Questions

GitHub Repo Used in the Video:
--------------------------------------------------
https://github.com/iam-veeramalla/Jenkins-Zero-To-Hero/tree/main/python-jenkins-argocd-k8s

CICD Interview Questions:
-----------------------------------------
https://www.youtube.com/watch?v=rlFQgAqt3_Q&t=2s

Telegram channel
===============
https://t.me/abhishekveeramalla

About me:
-----------------
LinkedIn: https://www.linkedin.com/in/abhishek-veeramalla-77b33996/
GitHub: https://github.com/iam-veeramalla
Medium: https://abhishekveeramalla-av.medium.com/
YouTube: https://www.youtube.com/channel/UCnnQ3ybuyFdzvgv2Ky5jnAA?app=desktop .
.
Disclaimer: Unauthorized copying, reproduction, or distribution of this video content, in whole or in part, is strictly prohibited. Any attempt to upload, share, or use this content for commercial or non-commercial purposes without explicit permission from the owner will be subject to legal action. All rights reserved.",https://i.ytimg.com/vi/zZfhAXfBvVA/maxresdefault.jpg,Abhishek.Veeramalla,631282,10703,760,3566,59.43,59:26,"59 Minutes, 26 Seconds",2023-02-01T13:30:31,https://www.youtube.com/watch?v=zZfhAXfBvVA,"[#devops mock interview, #devops discussion, #DevOps RoadMap, #aws, #azure, #k8s, #tanzu, #vmware, #openshift, #redhat, #gcp, #openstack, #aws complete devops project, #devops proxy interviews, ##bts, #BTS, #bts, #Ansible, #Ansible FAQ, #Ansible Q&A, #Devops interview questions with answers, #terraform, #terraform interview questions, #terraform Q&A, #git, #github, #azure git, #gitlab, #azure devops interview questions, #devops interview questions for experienced, #DevOPs Roadmap, #Free Python, #Python course]",[],[],"[https://github.com/iam-veeramalla/Jenkins-Zero-To-Hero/tree/main/python-jenkins-argocd-k8s, https://www.udemy.com/course/ultimate-devops-project-with-resume-preparation/?referralCode=9F588E43854814744430, https://t.me/abhishekveeramalla, https://www.youtube.com/watch?v=rlFQgAqt3_Q&t=2s, https://abhishekveeramalla-av.medium.com/, https://www.buymeacoffee.com/abhishekprd, https://www.udemy.com/course/ultimate-devops-project-with-resume-preparation/, https://www.udemy.com/course/ultimate-devops-and-cloud-interview-guide/, https://www.youtube.com/channel/UCnnQ3ybuyFdzvgv2Ky5jnAA?app=desktop, https://github.com/iam-veeramalla, https://www.linkedin.com/in/abhishek-veeramalla-77b33996/]"
Day-20 | GitHub Actions | Actions vs Jenkins | 3 Projects with examples | Configure your own runner,"Join our 24*7 Career guidance channel:
www.youtube.com/abhishekveeramalla/join

End to End DevOps Project on Udemy
https://www.udemy.com/course/ultimate-devops-project-with-resume-preparation/

Ultimate DevOps Interview Guide
https://www.udemy.com/course/ultimate-devops-and-cloud-interview-guide/

---- 

Udemy Course (End to End DevOps Project)
https://www.udemy.com/course/ultimate-devops-project-with-resume-preparation/?referralCode=9F588E43854814744430

--- --- Support my work
https://www.buymeacoffee.com/abhishekprd Hi Everyone, Today's class we will learn about GitHub Actions

1. What is GitHub Actions ?
2. Why and When you should use GitHub Actions ?
3. GitHub Actions vs Jenkins ?
4. Projects with Examples
5. Configure your own runner

Telegram Channel:
===============
https://t.me/abhishekveeramalla

GitHub Repo Used in the Video:
--------------------------------------------------
https://github.com/iam-veeramalla/GitHub-Actions-Zero-to-Hero

CICD Interview Questions:
-----------------------------------------
https://www.youtube.com/watch?v=rlFQgAqt3_Q&t=2s

Telegram channel
===============
https://t.me/abhishekveeramalla

About me:
-----------------
LinkedIn: https://www.linkedin.com/in/abhishek-veeramalla-77b33996/
GitHub: https://github.com/iam-veeramalla
Medium: https://abhishekveeramalla-av.medium.com/
YouTube: https://www.youtube.com/channel/UCnnQ3ybuyFdzvgv2Ky5jnAA?app=desktop .
.
Disclaimer: Unauthorized copying, reproduction, or distribution of this video content, in whole or in part, is strictly prohibited. Any attempt to upload, share, or use this content for commercial or non-commercial purposes without explicit permission from the owner will be subject to legal action. All rights reserved.",https://i.ytimg.com/vi/K3RqgDPCjYs/maxresdefault.jpg,Abhishek.Veeramalla,255013,3645,145,1339,22.32,22:19,"22 Minutes, 19 Seconds",2023-02-02T14:15:01,https://www.youtube.com/watch?v=K3RqgDPCjYs,"[#devops mock interview, #devops discussion, #DevOps RoadMap, #aws, #azure, #k8s, #tanzu, #vmware, #openshift, #redhat, #gcp, #openstack, #aws complete devops project, #devops proxy interviews, ##bts, #BTS, #bts, #Ansible, #Ansible FAQ, #Ansible Q&A, #Devops interview questions with answers, #terraform, #terraform interview questions, #terraform Q&A, #git, #github, #azure git, #gitlab, #azure devops interview questions, #devops interview questions for experienced, #DevOPs Roadmap, #Free Python, #Python course]",[],[],"[https://www.udemy.com/course/ultimate-devops-project-with-resume-preparation/?referralCode=9F588E43854814744430, https://t.me/abhishekveeramalla, https://www.youtube.com/watch?v=rlFQgAqt3_Q&t=2s, https://abhishekveeramalla-av.medium.com/, https://www.buymeacoffee.com/abhishekprd, https://www.udemy.com/course/ultimate-devops-project-with-resume-preparation/, https://www.udemy.com/course/ultimate-devops-and-cloud-interview-guide/, https://github.com/iam-veeramalla/GitHub-Actions-Zero-to-Hero, https://www.youtube.com/channel/UCnnQ3ybuyFdzvgv2Ky5jnAA?app=desktop, https://github.com/iam-veeramalla, https://www.linkedin.com/in/abhishek-veeramalla-77b33996/]"
Day-21 | CICD Interview Questions | GitHub Repo with Q&A #cicd #jenkins #github #gitlab #devops,"Join our 24*7 Career guidance channel:
www.youtube.com/abhishekveeramalla/join

End to End DevOps Project on Udemy
https://www.udemy.com/course/ultimate-devops-project-with-resume-preparation/

Ultimate DevOps Interview Guide
https://www.udemy.com/course/ultimate-devops-and-cloud-interview-guide/

---- 

Udemy Course (End to End DevOps Project)
https://www.udemy.com/course/ultimate-devops-project-with-resume-preparation/?referralCode=9F588E43854814744430

--- --- Support my work
https://www.buymeacoffee.com/abhishekprd Hi Everyone, Today's class we will learn about CICD Interview Questions. This video will help a lot for the DevOps interview preparation.

Telegram Channel:
===============
https://t.me/abhishekveeramalla

Jenkins CICD Interview Questions with Answers
-----------------------------------------------------------------------------
https://github.com/iam-veeramalla/Jenkins-Zero-To-Hero/blob/main/Interview_Questions.md

GitHub Actions
--------------------------------------------------
https://github.com/iam-veeramalla/GitHub-Actions-Zero-to-Hero

More CICD Interview Questions:
-----------------------------------------
https://www.youtube.com/watch?v=rlFQgAqt3_Q&t=2s

Telegram channel
===============
https://t.me/abhishekveeramalla

About me:
-----------------
LinkedIn: https://www.linkedin.com/in/abhishek-veeramalla-77b33996/
GitHub: https://github.com/iam-veeramalla
Medium: https://abhishekveeramalla-av.medium.com/
YouTube: https://www.youtube.com/channel/UCnnQ3ybuyFdzvgv2Ky5jnAA?app=desktop .
.
Disclaimer: Unauthorized copying, reproduction, or distribution of this video content, in whole or in part, is strictly prohibited. Any attempt to upload, share, or use this content for commercial or non-commercial purposes without explicit permission from the owner will be subject to legal action. All rights reserved.",https://i.ytimg.com/vi/LAYV7x_aIC0/maxresdefault.jpg,Abhishek.Veeramalla,164771,2936,158,1367,22.78,22:47,"22 Minutes, 47 Seconds",2023-02-03T13:58:36,https://www.youtube.com/watch?v=LAYV7x_aIC0,"[#devops mock interview, #devops discussion, #DevOps RoadMap, #aws, #azure, #k8s, #tanzu, #vmware, #openshift, #redhat, #gcp, #openstack, #aws complete devops project, #devops proxy interviews, ##bts, #BTS, #bts, #Ansible, #Ansible FAQ, #Ansible Q&A, #Devops interview questions with answers, #terraform, #terraform interview questions, #terraform Q&A, #git, #github, #azure git, #gitlab, #azure devops interview questions, #devops interview questions for experienced, #DevOPs Roadmap, #Free Python, #Python course]",[],[],"[https://www.udemy.com/course/ultimate-devops-project-with-resume-preparation/?referralCode=9F588E43854814744430, https://t.me/abhishekveeramalla, https://www.youtube.com/watch?v=rlFQgAqt3_Q&t=2s, https://abhishekveeramalla-av.medium.com/, https://www.buymeacoffee.com/abhishekprd, https://www.udemy.com/course/ultimate-devops-project-with-resume-preparation/, https://www.udemy.com/course/ultimate-devops-and-cloud-interview-guide/, https://github.com/iam-veeramalla/GitHub-Actions-Zero-to-Hero, https://www.youtube.com/channel/UCnnQ3ybuyFdzvgv2Ky5jnAA?app=desktop, https://github.com/iam-veeramalla, https://github.com/iam-veeramalla/Jenkins-Zero-To-Hero/blob/main/Interview_Questions.md, https://www.linkedin.com/in/abhishek-veeramalla-77b33996/]"
Day - 1 | Fundamentals of Linux | Run Linux using Docker,"Join our 24*7 Career guidance channel:
www.youtube.com/abhishekveeramalla/join

End to End DevOps Project on Udemy
https://www.udemy.com/course/ultimate-devops-project-with-resume-preparation/

Ultimate DevOps Interview Guide
https://www.udemy.com/course/ultimate-devops-and-cloud-interview-guide/

---- 

Join us on Discord for Help(clearing doubts) while learning.
www.youtube.com/abhishekveeramalla/join

Welcome to the 1st episode of Free Linux Course, In this episode, we learnt 
about:
- Fundamentals of Linux
- Operating System
- Linux Components
- Linux Distributions
- Linux Setup on Windows using WSL and Docker
- Package Managers

GitHub Repo for the course
https://github.com/iam-veeramalla/ultimate-linux-guide/

Udemy Course (End to End DevOps Project)
https://www.udemy.com/course/ultimate-devops-project-with-resume-preparation/?referralCode=9F588E43854814744430

Free Course on the channel
==============================
- Free DevOps Playlist: https://www.youtube.com/playlist?list=PLdpzxOOAlwvIKMhk8WhzN1pYoJ1YU8Csa
- AWS Zero to Hero Playlist: https://www.youtube.com/playlist?list=PLdpzxOOAlwvLNOxX0RfndiYSt1Le9azze
- Azure Zero to Hero Playlist: https://www.youtube.com/playlist?list=PLdpzxOOAlwvIcxgCUyBHVOcWs0Krjx9xR
- Terraform Zero to Hero Playlist: https://www.youtube.com/playlist?list=PLdpzxOOAlwvI0O4PeKVV1-yJoX2AqIWuf
- Python for DevOps Playlist: https://www.youtube.com/playlist?list=PLdpzxOOAlwvKwTyYNJCUwGPvql0TrsPgv

About me:
========
Instagram: https://www.instagram.com/abhishekveeramalla_official/
Telegram Channel : https://t.me/abhishekveeramalla
LinkedIn: https://www.linkedin.com/in/abhishek-veeramalla
GitHub: https://github.com/iam-veeramalla
Medium: https://abhishekveeramalla-av.medium.com/

Disclaimer: Unauthorized copying, reproduction, or distribution of this video content, in whole or in part, is strictly prohibited. Any attempt to upload, share, or use this content for commercial or non-commercial purposes without explicit permission from the owner will be subject to legal action. All rights reserved.",https://i.ytimg.com/vi/SCS51FDPKgQ/maxresdefault.jpg,Abhishek.Veeramalla,180846,3261,302,2290,38.17,38:10,"38 Minutes, 10 Seconds",2025-04-14T17:39:59,https://www.youtube.com/watch?v=SCS51FDPKgQ,[],[],[],"[https://github.com/iam-veeramalla/ultimate-linux-guide/, https://www.udemy.com/course/ultimate-devops-project-with-resume-preparation/?referralCode=9F588E43854814744430, https://t.me/abhishekveeramalla, https://www.youtube.com/playlist?list=PLdpzxOOAlwvIcxgCUyBHVOcWs0Krjx9xR, https://abhishekveeramalla-av.medium.com/, https://www.youtube.com/playlist?list=PLdpzxOOAlwvLNOxX0RfndiYSt1Le9azze, https://www.instagram.com/abhishekveeramalla_official/, https://www.youtube.com/playlist?list=PLdpzxOOAlwvKwTyYNJCUwGPvql0TrsPgv, https://www.udemy.com/course/ultimate-devops-project-with-resume-preparation/, https://www.udemy.com/course/ultimate-devops-and-cloud-interview-guide/, https://www.youtube.com/playlist?list=PLdpzxOOAlwvI0O4PeKVV1-yJoX2AqIWuf, https://www.linkedin.com/in/abhishek-veeramalla, https://github.com/iam-veeramalla, https://www.youtube.com/playlist?list=PLdpzxOOAlwvIKMhk8WhzN1pYoJ1YU8Csa]"
Day - 2 | Linux Folder Structure Explained | Free Linux Course,"Join our 24*7 Career guidance channel:
www.youtube.com/abhishekveeramalla/join

End to End DevOps Project on Udemy
https://www.udemy.com/course/ultimate-devops-project-with-resume-preparation/

Ultimate DevOps Interview Guide
https://www.udemy.com/course/ultimate-devops-and-cloud-interview-guide/

---- Join us on Discord for Help(clearing doubts) while learning.
www.youtube.com/abhishekveeramalla/join

Welcome to the 2nd episode of Free Linux Course, In this episode, we learnt 
about:
- Recap of Linux Fundamentals
- Linux PATH
- Linux Folder Structure

GitHub Repo for the course
https://github.com/iam-veeramalla/ultimate-linux-guide/

Udemy Course (End to End DevOps Project)
https://www.udemy.com/course/ultimate-devops-project-with-resume-preparation/?referralCode=9F588E43854814744430

Free Course on the channel
==============================
- Free DevOps Playlist: https://www.youtube.com/playlist?list=PLdpzxOOAlwvIKMhk8WhzN1pYoJ1YU8Csa
- AWS Zero to Hero Playlist: https://www.youtube.com/playlist?list=PLdpzxOOAlwvLNOxX0RfndiYSt1Le9azze
- Azure Zero to Hero Playlist: https://www.youtube.com/playlist?list=PLdpzxOOAlwvIcxgCUyBHVOcWs0Krjx9xR
- Terraform Zero to Hero Playlist: https://www.youtube.com/playlist?list=PLdpzxOOAlwvI0O4PeKVV1-yJoX2AqIWuf
- Python for DevOps Playlist: https://www.youtube.com/playlist?list=PLdpzxOOAlwvKwTyYNJCUwGPvql0TrsPgv

About me:
========
Instagram: https://www.instagram.com/abhishekveeramalla_official/
Telegram Channel : https://t.me/abhishekveeramalla
LinkedIn: https://www.linkedin.com/in/abhishek-veeramalla
GitHub: https://github.com/iam-veeramalla
Medium: https://abhishekveeramalla-av.medium.com/

Disclaimer: Unauthorized copying, reproduction, or distribution of this video content, in whole or in part, is strictly prohibited. Any attempt to upload, share, or use this content for commercial or non-commercial purposes without explicit permission from the owner will be subject to legal action. All rights reserved.",https://i.ytimg.com/vi/3WbDexOsVXw/maxresdefault.jpg,Abhishek.Veeramalla,88204,1596,105,3041,50.68,50:41,"50 Minutes, 41 Seconds",2025-04-15T15:58:27,https://www.youtube.com/watch?v=3WbDexOsVXw,[],[],[],"[https://github.com/iam-veeramalla/ultimate-linux-guide/, https://www.udemy.com/course/ultimate-devops-project-with-resume-preparation/?referralCode=9F588E43854814744430, https://t.me/abhishekveeramalla, https://www.youtube.com/playlist?list=PLdpzxOOAlwvIcxgCUyBHVOcWs0Krjx9xR, https://abhishekveeramalla-av.medium.com/, https://www.youtube.com/playlist?list=PLdpzxOOAlwvLNOxX0RfndiYSt1Le9azze, https://www.instagram.com/abhishekveeramalla_official/, https://www.youtube.com/playlist?list=PLdpzxOOAlwvKwTyYNJCUwGPvql0TrsPgv, https://www.udemy.com/course/ultimate-devops-project-with-resume-preparation/, https://www.udemy.com/course/ultimate-devops-and-cloud-interview-guide/, https://www.youtube.com/playlist?list=PLdpzxOOAlwvI0O4PeKVV1-yJoX2AqIWuf, https://www.linkedin.com/in/abhishek-veeramalla, https://github.com/iam-veeramalla, https://www.youtube.com/playlist?list=PLdpzxOOAlwvIKMhk8WhzN1pYoJ1YU8Csa]"
Day - 3 | User Management | File Management | Vi Editor Shortcuts,"Join our 24*7 Career guidance channel:
www.youtube.com/abhishekveeramalla/join

End to End DevOps Project on Udemy
https://www.udemy.com/course/ultimate-devops-project-with-resume-preparation/

Ultimate DevOps Interview Guide
https://www.udemy.com/course/ultimate-devops-and-cloud-interview-guide/

---- Join us on Discord for Help(clearing doubts) while learning.
www.youtube.com/abhishekveeramalla/join

Welcome to the 3rd episode of Free Linux Course, In this episode, we learnt 
about:
- User Management
- File Management
- VI Editor Shortcut

GitHub Repo for the course
https://github.com/iam-veeramalla/ultimate-linux-guide/

Udemy Course (End to End DevOps Project)
https://www.udemy.com/course/ultimate-devops-project-with-resume-preparation/?referralCode=9F588E43854814744430

Free Course on the channel
==============================
- Free DevOps Playlist: https://www.youtube.com/playlist?list=PLdpzxOOAlwvIKMhk8WhzN1pYoJ1YU8Csa
- AWS Zero to Hero Playlist: https://www.youtube.com/playlist?list=PLdpzxOOAlwvLNOxX0RfndiYSt1Le9azze
- Azure Zero to Hero Playlist: https://www.youtube.com/playlist?list=PLdpzxOOAlwvIcxgCUyBHVOcWs0Krjx9xR
- Terraform Zero to Hero Playlist: https://www.youtube.com/playlist?list=PLdpzxOOAlwvI0O4PeKVV1-yJoX2AqIWuf
- Python for DevOps Playlist: https://www.youtube.com/playlist?list=PLdpzxOOAlwvKwTyYNJCUwGPvql0TrsPgv

About me:
========
Instagram: https://www.instagram.com/abhishekveeramalla_official/
Telegram Channel : https://t.me/abhishekveeramalla
LinkedIn: https://www.linkedin.com/in/abhishek-veeramalla
GitHub: https://github.com/iam-veeramalla
Medium: https://abhishekveeramalla-av.medium.com/

Disclaimer: Unauthorized copying, reproduction, or distribution of this video content, in whole or in part, is strictly prohibited. Any attempt to upload, share, or use this content for commercial or non-commercial purposes without explicit permission from the owner will be subject to legal action. All rights reserved.",https://i.ytimg.com/vi/WNQU9QFK80M/maxresdefault.jpg,Abhishek.Veeramalla,64108,1175,122,3639,60.65,1:00:39,"1 Hours, 0 Minutes, 39 Seconds",2025-04-16T17:52:11,https://www.youtube.com/watch?v=WNQU9QFK80M,[],[],[],"[https://github.com/iam-veeramalla/ultimate-linux-guide/, https://www.udemy.com/course/ultimate-devops-project-with-resume-preparation/?referralCode=9F588E43854814744430, https://t.me/abhishekveeramalla, https://www.youtube.com/playlist?list=PLdpzxOOAlwvIcxgCUyBHVOcWs0Krjx9xR, https://abhishekveeramalla-av.medium.com/, https://www.youtube.com/playlist?list=PLdpzxOOAlwvLNOxX0RfndiYSt1Le9azze, https://www.instagram.com/abhishekveeramalla_official/, https://www.youtube.com/playlist?list=PLdpzxOOAlwvKwTyYNJCUwGPvql0TrsPgv, https://www.udemy.com/course/ultimate-devops-project-with-resume-preparation/, https://www.udemy.com/course/ultimate-devops-and-cloud-interview-guide/, https://www.youtube.com/playlist?list=PLdpzxOOAlwvI0O4PeKVV1-yJoX2AqIWuf, https://www.linkedin.com/in/abhishek-veeramalla, https://github.com/iam-veeramalla, https://www.youtube.com/playlist?list=PLdpzxOOAlwvIKMhk8WhzN1pYoJ1YU8Csa]"
Day - 4 | Linux File Permissions Management | Free Linux Course,"Join our 24*7 Career guidance channel:
www.youtube.com/abhishekveeramalla/join

End to End DevOps Project on Udemy
https://www.udemy.com/course/ultimate-devops-project-with-resume-preparation/

Ultimate DevOps Interview Guide
https://www.udemy.com/course/ultimate-devops-and-cloud-interview-guide/

---- Join us on Discord for Help(clearing doubts) while learning.
www.youtube.com/abhishekveeramalla/join

Welcome to the 4th episode of Free Linux Course, In this episode, we learnt 
about:
- File Permissions Management 
- Free Linux Course
- chmod & chown

GitHub Repo for the course
https://github.com/iam-veeramalla/ultimate-linux-guide/

Udemy Course (End to End DevOps Project)
https://www.udemy.com/course/ultimate-devops-project-with-resume-preparation/?referralCode=9F588E43854814744430

Free Course on the channel
==============================
- Free DevOps Playlist: https://www.youtube.com/playlist?list=PLdpzxOOAlwvIKMhk8WhzN1pYoJ1YU8Csa
- AWS Zero to Hero Playlist: https://www.youtube.com/playlist?list=PLdpzxOOAlwvLNOxX0RfndiYSt1Le9azze
- Azure Zero to Hero Playlist: https://www.youtube.com/playlist?list=PLdpzxOOAlwvIcxgCUyBHVOcWs0Krjx9xR
- Terraform Zero to Hero Playlist: https://www.youtube.com/playlist?list=PLdpzxOOAlwvI0O4PeKVV1-yJoX2AqIWuf
- Python for DevOps Playlist: https://www.youtube.com/playlist?list=PLdpzxOOAlwvKwTyYNJCUwGPvql0TrsPgv

About me:
========
Instagram: https://www.instagram.com/abhishekveeramalla_official/
Telegram Channel : https://t.me/abhishekveeramalla
LinkedIn: https://www.linkedin.com/in/abhishek-veeramalla
GitHub: https://github.com/iam-veeramalla
Medium: https://abhishekveeramalla-av.medium.com/

Disclaimer: Unauthorized copying, reproduction, or distribution of this video content, in whole or in part, is strictly prohibited. Any attempt to upload, share, or use this content for commercial or non-commercial purposes without explicit permission from the owner will be subject to legal action. All rights reserved.",https://i.ytimg.com/vi/kqTgHRKeb04/maxresdefault.jpg,Abhishek.Veeramalla,49158,1109,122,2659,44.32,44:19,"44 Minutes, 19 Seconds",2025-04-19T17:10:22,https://www.youtube.com/watch?v=kqTgHRKeb04,[],[],[],"[https://github.com/iam-veeramalla/ultimate-linux-guide/, https://www.udemy.com/course/ultimate-devops-project-with-resume-preparation/?referralCode=9F588E43854814744430, https://t.me/abhishekveeramalla, https://www.youtube.com/playlist?list=PLdpzxOOAlwvIcxgCUyBHVOcWs0Krjx9xR, https://abhishekveeramalla-av.medium.com/, https://www.youtube.com/playlist?list=PLdpzxOOAlwvLNOxX0RfndiYSt1Le9azze, https://www.instagram.com/abhishekveeramalla_official/, https://www.youtube.com/playlist?list=PLdpzxOOAlwvKwTyYNJCUwGPvql0TrsPgv, https://www.udemy.com/course/ultimate-devops-project-with-resume-preparation/, https://www.udemy.com/course/ultimate-devops-and-cloud-interview-guide/, https://www.youtube.com/playlist?list=PLdpzxOOAlwvI0O4PeKVV1-yJoX2AqIWuf, https://www.linkedin.com/in/abhishek-veeramalla, https://github.com/iam-veeramalla, https://www.youtube.com/playlist?list=PLdpzxOOAlwvIKMhk8WhzN1pYoJ1YU8Csa]"
Day - 5 | Process Management | Monitoring | Networking | Disk Management | Free Linux Course,"Join our 24*7 Career guidance channel:
www.youtube.com/abhishekveeramalla/join

End to End DevOps Project on Udemy
https://www.udemy.com/course/ultimate-devops-project-with-resume-preparation/

Ultimate DevOps Interview Guide
https://www.udemy.com/course/ultimate-devops-and-cloud-interview-guide/

---- Join this channel to get access to perks:
https://www.youtube.com/channel/UCnnQ3ybuyFdzvgv2Ky5jnAA/join",https://i.ytimg.com/vi/H9DAWegYpag/maxresdefault.jpg,Abhishek.Veeramalla,63028,1188,122,4210,70.17,1:10:10,"1 Hours, 10 Minutes, 10 Seconds",2025-04-21T16:22:09,https://www.youtube.com/watch?v=H9DAWegYpag,[],[],[],"[https://www.youtube.com/channel/UCnnQ3ybuyFdzvgv2Ky5jnAA/join, https://www.udemy.com/course/ultimate-devops-project-with-resume-preparation/, https://www.udemy.com/course/ultimate-devops-and-cloud-interview-guide/]"
Networking Concepts are Easy | Networking Explained in a simple way,"Join our 24*7 Career guidance channel:
www.youtube.com/abhishekveeramalla/join

End to End DevOps Project on Udemy
https://www.udemy.com/course/ultimate-devops-project-with-resume-preparation/

Ultimate DevOps Interview Guide
https://www.udemy.com/course/ultimate-devops-and-cloud-interview-guide/

---- 

Udemy Course (End to End DevOps Project)
https://www.udemy.com/course/ultimate-devops-project-with-resume-preparation/?referralCode=9F588E43854814744430

--- --- Support my work
https://www.buymeacoffee.com/abhishekprd

Hi Everyone, My Name is Abhishek and my channel is focused on delivering Free content on DevOps and Cloud. Follow my channel for practical learning of DevOps and Cloud. Don't miss the FREE DEVOPS, AWS and TERRAFORM PLAYLISTS.

In this video, We will learn about the fundamentals of networking such as IP address, Subnet, CIDR, Ports and e.t.c.,. In this networking basics are explained in a very simple way.

Python For DevOps Series
https://www.youtube.com/playlist?list=PLdpzxOOAlwvKwTyYNJCUwGPvql0TrsPgv

Doubts Clearing Group
https://www.youtube.com/@AbhishekVeeramalla/join

Instagram: https://www.instagram.com/abhishekveeramalla_official/

GitHub Repo for this Course
https://github.com/iam-veeramalla/python-for-devops

Public Telegram Channel For Notes and Updates
https://t.me/abhishekveeramalla

About me:
========
LinkedIn: https://www.linkedin.com/in/abhishek-veeramalla-77b33996/
GitHub: https://github.com/iam-veeramalla
Medium: https://abhishekveeramalla-av.medium.com/

#networkingfundamentals 
#ipaddress 
#cidr
#subnet
#basicsofnetworking
#ports Disclaimer: Unauthorized copying, reproduction, or distribution of this video content, in whole or in part, is strictly prohibited. Any attempt to upload, share, or use this content for commercial or non-commercial purposes without explicit permission from the owner will be subject to legal action. All rights reserved. .
.
Disclaimer: Unauthorized copying, reproduction, or distribution of this video content, in whole or in part, is strictly prohibited. Any attempt to upload, share, or use this content for commercial or non-commercial purposes without explicit permission from the owner will be subject to legal action. All rights reserved.",https://i.ytimg.com/vi/PhTn8RkF0F4/maxresdefault.jpg,Abhishek.Veeramalla,382444,6077,562,2524,42.07,42:04,"42 Minutes, 4 Seconds",2023-12-12T17:01:27,https://www.youtube.com/watch?v=PhTn8RkF0F4,"[#devops, #linux fundamentals, #networking fundamentals, #basics of networking, #what is a subnet, #what is private and public subnet, #what is CIDR, #CIDR calculation, #Networking Demystified, #Networking made easy, #Networking explained in a simple way, #Best DevOps Channel]","[#cidr, #subnet, #basicsofnetworking, #ports, #networkingfundamentals, #ipaddress]",[],"[https://www.udemy.com/course/ultimate-devops-project-with-resume-preparation/?referralCode=9F588E43854814744430, https://t.me/abhishekveeramalla, https://www.youtube.com/@AbhishekVeeramalla/join, https://abhishekveeramalla-av.medium.com/, https://www.buymeacoffee.com/abhishekprd, https://www.instagram.com/abhishekveeramalla_official/, https://www.youtube.com/playlist?list=PLdpzxOOAlwvKwTyYNJCUwGPvql0TrsPgv, https://www.udemy.com/course/ultimate-devops-project-with-resume-preparation/, https://www.udemy.com/course/ultimate-devops-and-cloud-interview-guide/, https://github.com/iam-veeramalla/python-for-devops, https://github.com/iam-veeramalla, https://www.linkedin.com/in/abhishek-veeramalla-77b33996/]"
OSI Model Simplified | You will never forget OSI model after this,"Join our 24*7 Career guidance channel:
www.youtube.com/abhishekveeramalla/join

End to End DevOps Project on Udemy
https://www.udemy.com/course/ultimate-devops-project-with-resume-preparation/

Ultimate DevOps Interview Guide
https://www.udemy.com/course/ultimate-devops-and-cloud-interview-guide/

---- 

Udemy Course (End to End DevOps Project)
https://www.udemy.com/course/ultimate-devops-project-with-resume-preparation/?referralCode=9F588E43854814744430

--- --- Support my work
https://www.buymeacoffee.com/abhishekprd Hi Everyone, My Name is Abhishek and my channel is focused on delivering Free content on DevOps and Cloud. Follow my channel for practical learning of DevOps and Cloud. Don't miss the FREE DEVOPS, AWS and TERRAFORM PLAYLISTS.

Link to Episode 1: https://youtu.be/PhTn8RkF0F4

In this video, We will learn about the OSI Model in the most simple way. You will learn how data is transformed in each of these layers and how request is sent and response is received. 

After watching this video. I am sure you will never forget OSI Model.

Doubts Clearing Group
https://www.youtube.com/@AbhishekVeeramalla/join

Instagram: https://www.instagram.com/abhishekveeramalla_official/

GitHub Repo for this Course
https://github.com/iam-veeramalla/python-for-devops

Public Telegram Channel For Notes and Updates
https://t.me/abhishekveeramalla

About me:
========
LinkedIn: https://www.linkedin.com/in/abhishek-veeramalla-77b33996/
GitHub: https://github.com/iam-veeramalla
Medium: https://abhishekveeramalla-av.medium.com/

#networkingfundamentals 
#ipaddress 
#cidr
#subnet
#basicsofnetworking
#ports
#OSIModel
#Networkingfordevops
#AWSNetworking
#VPC
#OSI Disclaimer: Unauthorized copying, reproduction, or distribution of this video content, in whole or in part, is strictly prohibited. Any attempt to upload, share, or use this content for commercial or non-commercial purposes without explicit permission from the owner will be subject to legal action. All rights reserved. .
.
Disclaimer: Unauthorized copying, reproduction, or distribution of this video content, in whole or in part, is strictly prohibited. Any attempt to upload, share, or use this content for commercial or non-commercial purposes without explicit permission from the owner will be subject to legal action. All rights reserved.",https://i.ytimg.com/vi/lomiPKIXdEo/maxresdefault.jpg,Abhishek.Veeramalla,122801,2534,171,1859,30.98,30:59,"30 Minutes, 59 Seconds",2023-12-20T15:51:50,https://www.youtube.com/watch?v=lomiPKIXdEo,"[#devops, #linux fundamentals, #networking fundamentals, #basics of networking, #what is a subnet, #what is private and public subnet, #what is CIDR, #CIDR calculation, #Networking Demystified, #Networking made easy, #Networking explained in a simple way, #OSI Model Explained, #Explain OSI Model in simple words, #Learn OSI Model, #What is OSI Model, #Explain OSI with real life example, #How OSI Model works in real time, #OSI Model Desmystified, #Networking for DevOps, #DevOps need networking ?]","[#cidr, #VPC, #Networkingfordevops, #subnet, #basicsofnetworking, #OSI, #OSIModel, #ports, #AWSNetworking, #networkingfundamentals, #ipaddress]",[],"[https://youtu.be/PhTn8RkF0F4, https://www.udemy.com/course/ultimate-devops-project-with-resume-preparation/?referralCode=9F588E43854814744430, https://t.me/abhishekveeramalla, https://www.youtube.com/@AbhishekVeeramalla/join, https://abhishekveeramalla-av.medium.com/, https://www.buymeacoffee.com/abhishekprd, https://www.instagram.com/abhishekveeramalla_official/, https://github.com/iam-veeramalla/python-for-devops, https://www.udemy.com/course/ultimate-devops-project-with-resume-preparation/, https://www.udemy.com/course/ultimate-devops-and-cloud-interview-guide/, https://github.com/iam-veeramalla, https://www.linkedin.com/in/abhishek-veeramalla-77b33996/]"
Day-0 | Course Details | Free AWS Zero to Hero Course for DevOps Engineers #devops #aws #interview,"Join our 24*7 Career guidance channel:
www.youtube.com/abhishekveeramalla/join

End to End DevOps Project on Udemy
https://www.udemy.com/course/ultimate-devops-project-with-resume-preparation/

Ultimate DevOps Interview Guide
https://www.udemy.com/course/ultimate-devops-and-cloud-interview-guide/

---- 



Udemy Course (End to End DevOps Project)
https://www.udemy.com/course/ultimate-devops-project-with-resume-preparation/?referralCode=9F588E43854814744430

Hi Everyone, My Name is Abhishek and my channel is focused on delivering Free content on DevOps and Cloud. Follow my channel for practical learning of DevOps and Cloud. Don't miss the FREE DEVOPS COURSE in Playlists.

In this video I will share the complete course summary, what will you learn from Day 1 to Day 30. Course starts at 25th of June.

Dedicated Telegram channel for community discussions on issues
https://www.youtube.com/@AbhishekVeeramalla/join

Instagram: https://www.instagram.com/abhishekveeramalla_official/

GitHub Repo for this course
https://github.com/iam-veeramalla/aws-devops-zero-to-hero#readme

Book 1:1 with me on TopMate for career guidance
https://topmate.io/abhishek_veeramalla

Follow me on Telegram (Notifications and future updates of channel)
https://t.me/abhishekveeramalla

About me:
========
LinkedIn: https://www.linkedin.com/in/abhishek-veeramalla-77b33996/
GitHub: https://github.com/iam-veeramalla
Medium: https://abhishekveeramalla-av.medium.com/

#devops #futureofdevops #kubernetes #sre #aws #azure 
DEVOPS FAQ
DEVOPS
WHAT IS DEVOPS ?
WHY DEVOPS ?
HOW TO LEARN DEVOPS ?
LEARN DEVOPS IN 60 DAYS ?
NON IT TO IT BACKGROUND ?
IS DEVOPS EASY TO LEARN ?
BEST DEVOPS COURSE
FREE DEVOPS COURSE
#AbhishekVeeramalla
BEST DEVOPS VIDEOS 
DEVOPS INTERVIEW QUESTIONS
EASY DEVOPS VIDEOS
BEST WAY TO LEARN DEVOPS
PYTHON FOR DEVOPS
PYTHON PROJECTS FOR DEVOPS
LEARN PYTHON 
PYTHON PROJECTS FOR AWS
AWS PYTHON PROJECTS
AWS LAMBDA FUNCTIONS
WHAT IS GITOPS ?
WHY GITOPS ?
LEARN GITOPS ?
GITOPS FREE COURSE
What is AWS ?
LEARN AWS FOR FREE 
AWS COURSE 
AWS COURSE FOR DEVOPS .
.
Disclaimer: Unauthorized copying, reproduction, or distribution of this video content, in whole or in part, is strictly prohibited. Any attempt to upload, share, or use this content for commercial or non-commercial purposes without explicit permission from the owner will be subject to legal action. All rights reserved.",https://i.ytimg.com/vi/GkKNxyLp_V0/sddefault.jpg,Abhishek.Veeramalla,1133082,13637,755,1443,24.05,24:03,"24 Minutes, 3 Seconds",2023-06-19T15:50:40,https://www.youtube.com/watch?v=GkKNxyLp_V0,"[#devops mock interview, #devops, #devops round table, #azure, #vmware, #openshift, #gcp, #openstack, #azure git, #bitbucket, #stash, #gitlab, #azure devops interview questions, #Real Time Python Project, #DevOps Python Project, #python videos, #what is devops, #why devops, #how to learn devops, #SRE, #What is SRE ?, #Devops vs SRE, #Devops to SRE, #SRE roadmap, #learn SRE, #Platform Engineering ?, #What is Platform Engineering ?, #Difference Between Platform Engineering and DevOps ?, #Future of Devops]","[#kubernetes, #futureofdevops, #sre, #AbhishekVeeramalla, #azure, #aws, #devops, #readme]",[],"[https://topmate.io/abhishek_veeramalla, https://www.udemy.com/course/ultimate-devops-project-with-resume-preparation/?referralCode=9F588E43854814744430, https://t.me/abhishekveeramalla, https://www.youtube.com/@AbhishekVeeramalla/join, https://abhishekveeramalla-av.medium.com/, https://www.instagram.com/abhishekveeramalla_official/, https://www.udemy.com/course/ultimate-devops-project-with-resume-preparation/, https://www.udemy.com/course/ultimate-devops-and-cloud-interview-guide/, https://github.com/iam-veeramalla/aws-devops-zero-to-hero#readme, https://github.com/iam-veeramalla, https://www.linkedin.com/in/abhishek-veeramalla-77b33996/]"
Day-1 | Introduction to AWS | What is Public Cloud ? | Create an AWS Account | #aws #devops #cloud,"Join our 24*7 Career guidance channel:
www.youtube.com/abhishekveeramalla/join

End to End DevOps Project on Udemy
https://www.udemy.com/course/ultimate-devops-project-with-resume-preparation/

Ultimate DevOps Interview Guide
https://www.udemy.com/course/ultimate-devops-and-cloud-interview-guide/

---- 

Udemy Course (End to End DevOps Project)
https://www.udemy.com/course/ultimate-devops-project-with-resume-preparation/?referralCode=9F588E43854814744430

--- --- Support my work
https://www.buymeacoffee.com/abhishekprd

Hi Everyone, My Name is Abhishek and my channel is focused on delivering Free content on DevOps and Cloud. Follow my channel for practical learning of DevOps and Cloud. Don't miss the FREE DEVOPS COURSE in Playlists.

In this video , we will understand what is public cloud, difference between private and public cloud and create an AWS account for the next classes. 

Dedicated Telegram channel for community discussions on issues
https://www.youtube.com/@AbhishekVeeramalla/join

Instagram: https://www.instagram.com/abhishekveeramalla_official/

GitHub Repo for this course
https://github.com/iam-veeramalla/aws-devops-zero-to-hero#readme

Book 1:1 with me on TopMate for career guidance
https://topmate.io/abhishek_veeramalla

Follow me on Telegram
https://t.me/abhishekveeramalla

About me:
========
LinkedIn: https://www.linkedin.com/in/abhishek-veeramalla-77b33996/
GitHub: https://github.com/iam-veeramalla
Medium: https://abhishekveeramalla-av.medium.com/

#devops #futureofdevops #kubernetes #sre #aws #azure 
DEVOPS FAQ
DEVOPS
WHAT IS DEVOPS ?
WHY DEVOPS ?
HOW TO LEARN DEVOPS ?
LEARN DEVOPS IN 60 DAYS ?
NON IT TO IT BACKGROUND ?
IS DEVOPS EASY TO LEARN ?
BEST DEVOPS COURSE
FREE DEVOPS COURSE
#AbhishekVeeramalla
BEST DEVOPS VIDEOS 
DEVOPS INTERVIEW QUESTIONS
EASY DEVOPS VIDEOS
BEST WAY TO LEARN DEVOPS
PYTHON FOR DEVOPS
PYTHON PROJECTS FOR DEVOPS
LEARN PYTHON 
PYTHON PROJECTS FOR AWS
AWS PYTHON PROJECTS
AWS LAMBDA FUNCTIONS
WHAT IS GITOPS ?
WHY GITOPS ?
LEARN GITOPS ?
GITOPS FREE COURSE
What is AWS ?
LEARN AWS FOR FREE 
AWS COURSE 
AWS COURSE FOR DEVOPS .
.
Disclaimer: Unauthorized copying, reproduction, or distribution of this video content, in whole or in part, is strictly prohibited. Any attempt to upload, share, or use this content for commercial or non-commercial purposes without explicit permission from the owner will be subject to legal action. All rights reserved.",https://i.ytimg.com/vi/n6RWhajimZg/maxresdefault.jpg,Abhishek.Veeramalla,580428,9090,448,1710,28.5,28:30,"28 Minutes, 30 Seconds",2023-06-25T15:30:19,https://www.youtube.com/watch?v=n6RWhajimZg,"[#devops mock interview, #devops, #devops round table, #azure, #vmware, #openshift, #gcp, #openstack, #azure git, #bitbucket, #stash, #gitlab, #azure devops interview questions, #Real Time Python Project, #DevOps Python Project, #python videos, #what is devops, #why devops, #how to learn devops, #SRE, #What is SRE ?, #Devops vs SRE, #Devops to SRE, #SRE roadmap, #learn SRE, #Platform Engineering ?, #What is Platform Engineering ?, #Difference Between Platform Engineering and DevOps ?, #Future of Devops]","[#kubernetes, #futureofdevops, #sre, #AbhishekVeeramalla, #azure, #aws, #devops, #readme]",[],"[https://topmate.io/abhishek_veeramalla, https://www.udemy.com/course/ultimate-devops-project-with-resume-preparation/?referralCode=9F588E43854814744430, https://t.me/abhishekveeramalla, https://www.youtube.com/@AbhishekVeeramalla/join, https://abhishekveeramalla-av.medium.com/, https://www.buymeacoffee.com/abhishekprd, https://www.instagram.com/abhishekveeramalla_official/, https://www.udemy.com/course/ultimate-devops-project-with-resume-preparation/, https://www.udemy.com/course/ultimate-devops-and-cloud-interview-guide/, https://github.com/iam-veeramalla/aws-devops-zero-to-hero#readme, https://github.com/iam-veeramalla, https://www.linkedin.com/in/abhishek-veeramalla-77b33996/]"
Day-2 | AWS IAM deep dive with practicals and notes | IAM Project |#devops #aws #abhishekveeramalla,"Join our 24*7 Career guidance channel:
www.youtube.com/abhishekveeramalla/join

End to End DevOps Project on Udemy
https://www.udemy.com/course/ultimate-devops-project-with-resume-preparation/

Ultimate DevOps Interview Guide
https://www.udemy.com/course/ultimate-devops-and-cloud-interview-guide/

---- 

Udemy Course (End to End DevOps Project)
https://www.udemy.com/course/ultimate-devops-project-with-resume-preparation/?referralCode=9F588E43854814744430

--- --- Support my work
https://www.buymeacoffee.com/abhishekprd

Hi Everyone, My Name is Abhishek and my channel is focused on delivering Free content on DevOps and Cloud. Follow my channel for practical learning of DevOps and Cloud. Don't miss the FREE DEVOPS COURSE in Playlists.

In this video , we will deep dive into one of the most widely used service on AWS that is IAM (Identity and Access Management).
Notes: 

Dedicated Telegram channel for community discussions on issues
https://www.youtube.com/@AbhishekVeeramalla/join

Instagram: https://www.instagram.com/abhishekveeramalla_official/

GitHub Repo for this course
https://github.com/iam-veeramalla/aws-devops-zero-to-hero#readme

Book 1:1 with me on TopMate for career guidance
https://topmate.io/abhishek_veeramalla

Follow me on Telegram
https://t.me/abhishekveeramalla

About me:
========
LinkedIn: https://www.linkedin.com/in/abhishek-veeramalla-77b33996/
GitHub: https://github.com/iam-veeramalla
Medium: https://abhishekveeramalla-av.medium.com/

#devops #futureofdevops #kubernetes #sre #aws #azure 
DEVOPS FAQ
DEVOPS
WHAT IS DEVOPS ?
WHY DEVOPS ?
HOW TO LEARN DEVOPS ?
LEARN DEVOPS IN 60 DAYS ?
NON IT TO IT BACKGROUND ?
IS DEVOPS EASY TO LEARN ?
BEST DEVOPS COURSE
FREE DEVOPS COURSE
#AbhishekVeeramalla
BEST DEVOPS VIDEOS 
DEVOPS INTERVIEW QUESTIONS
EASY DEVOPS VIDEOS
BEST WAY TO LEARN DEVOPS
PYTHON FOR DEVOPS
PYTHON PROJECTS FOR DEVOPS
LEARN PYTHON 
PYTHON PROJECTS FOR AWS
AWS PYTHON PROJECTS
AWS LAMBDA FUNCTIONS
WHAT IS GITOPS ?
WHY GITOPS ?
LEARN GITOPS ?
GITOPS FREE COURSE
What is AWS ?
LEARN AWS FOR FREE 
AWS COURSE 
AWS COURSE FOR DEVOPS .
.
Disclaimer: Unauthorized copying, reproduction, or distribution of this video content, in whole or in part, is strictly prohibited. Any attempt to upload, share, or use this content for commercial or non-commercial purposes without explicit permission from the owner will be subject to legal action. All rights reserved.",https://i.ytimg.com/vi/mCLYcsJ0GXQ/maxresdefault.jpg,Abhishek.Veeramalla,591724,8902,813,2760,46,46:00,"46 Minutes, 0 Seconds",2023-06-26T15:30:18,https://www.youtube.com/watch?v=mCLYcsJ0GXQ,"[#devops mock interview, #devops, #devops round table, #azure, #vmware, #openshift, #gcp, #openstack, #azure git, #bitbucket, #stash, #gitlab, #azure devops interview questions, #Real Time Python Project, #DevOps Python Project, #python videos, #what is devops, #why devops, #how to learn devops, #SRE, #What is SRE ?, #Devops vs SRE, #Devops to SRE, #SRE roadmap, #learn SRE, #Platform Engineering ?, #What is Platform Engineering ?, #Difference Between Platform Engineering and DevOps ?, #Future of Devops]","[#kubernetes, #futureofdevops, #sre, #AbhishekVeeramalla, #azure, #aws, #devops, #readme]",[],"[https://topmate.io/abhishek_veeramalla, https://www.udemy.com/course/ultimate-devops-project-with-resume-preparation/?referralCode=9F588E43854814744430, https://t.me/abhishekveeramalla, https://www.youtube.com/@AbhishekVeeramalla/join, https://abhishekveeramalla-av.medium.com/, https://www.buymeacoffee.com/abhishekprd, https://www.instagram.com/abhishekveeramalla_official/, https://www.udemy.com/course/ultimate-devops-project-with-resume-preparation/, https://www.udemy.com/course/ultimate-devops-and-cloud-interview-guide/, https://github.com/iam-veeramalla/aws-devops-zero-to-hero#readme, https://github.com/iam-veeramalla, https://www.linkedin.com/in/abhishek-veeramalla-77b33996/]"
Day-3 | EC2 Deep Dive | Deploy Jenkins on AWS | Available in 1080P Quality | Project | #aws #devops,"Join our 24*7 Career guidance channel:
www.youtube.com/abhishekveeramalla/join

End to End DevOps Project on Udemy
https://www.udemy.com/course/ultimate-devops-project-with-resume-preparation/

Ultimate DevOps Interview Guide
https://www.udemy.com/course/ultimate-devops-and-cloud-interview-guide/

---- 

Udemy Course (End to End DevOps Project)
https://www.udemy.com/course/ultimate-devops-project-with-resume-preparation/?referralCode=9F588E43854814744430

--- --- Support my work
https://www.buymeacoffee.com/abhishekprd Hi Everyone, My Name is Abhishek and my channel is focused on delivering Free content on DevOps and Cloud. Follow my channel for practical learning of DevOps and Cloud. Don't miss the FREE DEVOPS COURSE in Playlists.

In this video , we will deep dive into AWS and understand the important concepts of EC2 in theory and create a simple project to deploy your first application on AWS.

Dedicated Telegram channel for community discussions on issues
https://www.youtube.com/@AbhishekVeeramalla/join

Instagram: https://www.instagram.com/abhishekveeramalla_official/

GitHub Repo for this course
https://github.com/iam-veeramalla/aws-devops-zero-to-hero#readme

Book 1:1 with me on TopMate for career guidance
https://topmate.io/abhishek_veeramalla

Follow me on Telegram
https://t.me/abhishekveeramalla

About me:
========
LinkedIn: https://www.linkedin.com/in/abhishek-veeramalla-77b33996/
GitHub: https://github.com/iam-veeramalla
Medium: https://abhishekveeramalla-av.medium.com/

#devops #futureofdevops #kubernetes #sre #aws #azure 
DEVOPS FAQ
DEVOPS
WHAT IS DEVOPS ?
WHY DEVOPS ?
HOW TO LEARN DEVOPS ?
LEARN DEVOPS IN 60 DAYS ?
NON IT TO IT BACKGROUND ?
IS DEVOPS EASY TO LEARN ?
BEST DEVOPS COURSE
FREE DEVOPS COURSE
#AbhishekVeeramalla
BEST DEVOPS VIDEOS 
DEVOPS INTERVIEW QUESTIONS
EASY DEVOPS VIDEOS
BEST WAY TO LEARN DEVOPS
PYTHON FOR DEVOPS
PYTHON PROJECTS FOR DEVOPS
LEARN PYTHON 
PYTHON PROJECTS FOR AWS
AWS PYTHON PROJECTS
AWS LAMBDA FUNCTIONS
WHAT IS GITOPS ?
WHY GITOPS ?
LEARN GITOPS ?
GITOPS FREE COURSE
What is AWS ?
LEARN AWS FOR FREE 
AWS COURSE 
AWS COURSE FOR DEVOPS .
.
Disclaimer: Unauthorized copying, reproduction, or distribution of this video content, in whole or in part, is strictly prohibited. Any attempt to upload, share, or use this content for commercial or non-commercial purposes without explicit permission from the owner will be subject to legal action. All rights reserved.",https://i.ytimg.com/vi/Dc0t4LDOySY/sddefault.jpg,Abhishek.Veeramalla,441381,6042,707,2535,42.25,42:15,"42 Minutes, 15 Seconds",2023-06-27T15:30:03,https://www.youtube.com/watch?v=Dc0t4LDOySY,"[#devops mock interview, #devops, #devops round table, #azure, #vmware, #openshift, #gcp, #openstack, #azure git, #bitbucket, #stash, #gitlab, #azure devops interview questions, #Real Time Python Project, #DevOps Python Project, #python videos, #what is devops, #why devops, #how to learn devops, #SRE, #What is SRE ?, #Devops vs SRE, #Devops to SRE, #SRE roadmap, #learn SRE, #Platform Engineering ?, #What is Platform Engineering ?, #Difference Between Platform Engineering and DevOps ?, #Future of Devops]","[#kubernetes, #futureofdevops, #sre, #AbhishekVeeramalla, #azure, #aws, #devops, #readme]",[],"[https://topmate.io/abhishek_veeramalla, https://www.udemy.com/course/ultimate-devops-project-with-resume-preparation/?referralCode=9F588E43854814744430, https://t.me/abhishekveeramalla, https://www.youtube.com/@AbhishekVeeramalla/join, https://abhishekveeramalla-av.medium.com/, https://www.buymeacoffee.com/abhishekprd, https://www.instagram.com/abhishekveeramalla_official/, https://www.udemy.com/course/ultimate-devops-project-with-resume-preparation/, https://www.udemy.com/course/ultimate-devops-and-cloud-interview-guide/, https://github.com/iam-veeramalla/aws-devops-zero-to-hero#readme, https://github.com/iam-veeramalla, https://www.linkedin.com/in/abhishek-veeramalla-77b33996/]"
Day-4 | Best VPC explanation| VPC explained in 30 mins #devops #aws #abhishekveeramalla,"Join our 24*7 Career guidance channel:
www.youtube.com/abhishekveeramalla/join

End to End DevOps Project on Udemy
https://www.udemy.com/course/ultimate-devops-project-with-resume-preparation/

Ultimate DevOps Interview Guide
https://www.udemy.com/course/ultimate-devops-and-cloud-interview-guide/

---- 

Udemy Course (End to End DevOps Project)
https://www.udemy.com/course/ultimate-devops-project-with-resume-preparation/?referralCode=9F588E43854814744430

--- --- Support my work
https://www.buymeacoffee.com/abhishekprd Hi Everyone, My Name is Abhishek and my channel is focused on delivering Free content on DevOps and Cloud. Follow my channel for practical learning of DevOps and Cloud. Don't miss the FREE DEVOPS COURSE in Playlists.

In this video , we will deep dive into one of the most complicated topics of AWS, that is VPC. After watching this video, you will never forget VPC. 

Dedicated Telegram channel for community discussions on issues
https://www.youtube.com/@AbhishekVeeramalla/join

Instagram: https://www.instagram.com/abhishekveeramalla_official/

GitHub Repo for this course
https://github.com/iam-veeramalla/aws-devops-zero-to-hero#readme

Book 1:1 with me on TopMate for career guidance
https://topmate.io/abhishek_veeramalla

Follow me on Telegram
https://t.me/abhishekveeramalla

About me:
========
LinkedIn: https://www.linkedin.com/in/abhishek-veeramalla-77b33996/
GitHub: https://github.com/iam-veeramalla
Medium: https://abhishekveeramalla-av.medium.com/

#devops #futureofdevops #kubernetes #sre #aws #azure 
DEVOPS FAQ
DEVOPS
WHAT IS DEVOPS ?
WHY DEVOPS ?
HOW TO LEARN DEVOPS ?
LEARN DEVOPS IN 60 DAYS ?
NON IT TO IT BACKGROUND ?
IS DEVOPS EASY TO LEARN ?
BEST DEVOPS COURSE
FREE DEVOPS COURSE
#AbhishekVeeramalla
BEST DEVOPS VIDEOS 
DEVOPS INTERVIEW QUESTIONS
EASY DEVOPS VIDEOS
BEST WAY TO LEARN DEVOPS
PYTHON FOR DEVOPS
PYTHON PROJECTS FOR DEVOPS
LEARN PYTHON 
PYTHON PROJECTS FOR AWS
AWS PYTHON PROJECTS
AWS LAMBDA FUNCTIONS
WHAT IS GITOPS ?
WHY GITOPS ?
LEARN GITOPS ?
GITOPS FREE COURSE
What is AWS ?
LEARN AWS FOR FREE 
AWS COURSE 
AWS COURSE FOR DEVOPS .
.
Disclaimer: Unauthorized copying, reproduction, or distribution of this video content, in whole or in part, is strictly prohibited. Any attempt to upload, share, or use this content for commercial or non-commercial purposes without explicit permission from the owner will be subject to legal action. All rights reserved.",https://i.ytimg.com/vi/P8g7Z4NYk3Q/sddefault.jpg,Abhishek.Veeramalla,438416,9551,855,1969,32.82,32:49,"32 Minutes, 49 Seconds",2023-06-28T15:30:05,https://www.youtube.com/watch?v=P8g7Z4NYk3Q,"[#devops mock interview, #devops, #devops round table, #azure, #vmware, #openshift, #gcp, #openstack, #azure git, #bitbucket, #stash, #gitlab, #azure devops interview questions, #Real Time Python Project, #DevOps Python Project, #python videos, #what is devops, #why devops, #how to learn devops, #SRE, #What is SRE ?, #Devops vs SRE, #Devops to SRE, #SRE roadmap, #learn SRE, #Platform Engineering ?, #What is Platform Engineering ?, #Difference Between Platform Engineering and DevOps ?, #Future of Devops]","[#kubernetes, #futureofdevops, #sre, #AbhishekVeeramalla, #azure, #aws, #devops, #readme]",[],"[https://topmate.io/abhishek_veeramalla, https://www.udemy.com/course/ultimate-devops-project-with-resume-preparation/?referralCode=9F588E43854814744430, https://t.me/abhishekveeramalla, https://www.youtube.com/@AbhishekVeeramalla/join, https://abhishekveeramalla-av.medium.com/, https://www.buymeacoffee.com/abhishekprd, https://www.instagram.com/abhishekveeramalla_official/, https://www.udemy.com/course/ultimate-devops-project-with-resume-preparation/, https://www.udemy.com/course/ultimate-devops-and-cloud-interview-guide/, https://github.com/iam-veeramalla/aws-devops-zero-to-hero#readme, https://github.com/iam-veeramalla, https://www.linkedin.com/in/abhishek-veeramalla-77b33996/]"
Day-5 | AWS Security Group and NACL | Theory + Practical | AWS FREE COURSE by Abhishek |#devops #aws,"Join our 24*7 Career guidance channel:
www.youtube.com/abhishekveeramalla/join

End to End DevOps Project on Udemy
https://www.udemy.com/course/ultimate-devops-project-with-resume-preparation/

Ultimate DevOps Interview Guide
https://www.udemy.com/course/ultimate-devops-and-cloud-interview-guide/

---- 

Udemy Course (End to End DevOps Project)
https://www.udemy.com/course/ultimate-devops-project-with-resume-preparation/?referralCode=9F588E43854814744430

--- --- Support my work
https://www.buymeacoffee.com/abhishekprd Hi Everyone, My Name is Abhishek and my channel is focused on delivering Free content on DevOps and Cloud. Follow my channel for practical learning of DevOps and Cloud. Don't miss the FREE DEVOPS COURSE in Playlists.

In this video , we will deep dive into one of the concept of Security Groups and NACLs and understand how they add security to applications deployed in AWS.

Dedicated Telegram channel for community discussions on issues
https://www.youtube.com/@AbhishekVeeramalla/join

Instagram: https://www.instagram.com/abhishekveeramalla_official/

GitHub Repo for this course
https://github.com/iam-veeramalla/aws-devops-zero-to-hero#readme

Book 1:1 with me on TopMate for career guidance
https://topmate.io/abhishek_veeramalla

Follow me on Telegram
https://t.me/abhishekveeramalla

About me:
========
LinkedIn: https://www.linkedin.com/in/abhishek-veeramalla-77b33996/
GitHub: https://github.com/iam-veeramalla
Medium: https://abhishekveeramalla-av.medium.com/

#devops #futureofdevops #kubernetes #sre #aws #azure 
DEVOPS FAQ
DEVOPS
WHAT IS DEVOPS ?
WHY DEVOPS ?
HOW TO LEARN DEVOPS ?
LEARN DEVOPS IN 60 DAYS ?
NON IT TO IT BACKGROUND ?
IS DEVOPS EASY TO LEARN ?
BEST DEVOPS COURSE
FREE DEVOPS COURSE
#AbhishekVeeramalla
BEST DEVOPS VIDEOS 
DEVOPS INTERVIEW QUESTIONS
EASY DEVOPS VIDEOS
BEST WAY TO LEARN DEVOPS
PYTHON FOR DEVOPS
PYTHON PROJECTS FOR DEVOPS
LEARN PYTHON 
PYTHON PROJECTS FOR AWS
AWS PYTHON PROJECTS
AWS LAMBDA FUNCTIONS
WHAT IS GITOPS ?
WHY GITOPS ?
LEARN GITOPS ?
GITOPS FREE COURSE
What is AWS ?
LEARN AWS FOR FREE 
AWS COURSE 
AWS COURSE FOR DEVOPS .
.
Disclaimer: Unauthorized copying, reproduction, or distribution of this video content, in whole or in part, is strictly prohibited. Any attempt to upload, share, or use this content for commercial or non-commercial purposes without explicit permission from the owner will be subject to legal action. All rights reserved.",https://i.ytimg.com/vi/TtlKFgfN3PU/sddefault.jpg,Abhishek.Veeramalla,365624,5794,680,2880,48,48:00,"48 Minutes, 0 Seconds",2023-06-29T15:30:07,https://www.youtube.com/watch?v=TtlKFgfN3PU,"[#devops mock interview, #devops, #devops round table, #azure, #vmware, #openshift, #gcp, #openstack, #azure git, #bitbucket, #stash, #gitlab, #azure devops interview questions, #Real Time Python Project, #DevOps Python Project, #python videos, #what is devops, #why devops, #how to learn devops, #SRE, #What is SRE ?, #Devops vs SRE, #Devops to SRE, #SRE roadmap, #learn SRE, #Platform Engineering ?, #What is Platform Engineering ?, #Difference Between Platform Engineering and DevOps ?, #Future of Devops]","[#kubernetes, #futureofdevops, #sre, #AbhishekVeeramalla, #azure, #aws, #devops, #readme]",[],"[https://topmate.io/abhishek_veeramalla, https://www.udemy.com/course/ultimate-devops-project-with-resume-preparation/?referralCode=9F588E43854814744430, https://t.me/abhishekveeramalla, https://www.youtube.com/@AbhishekVeeramalla/join, https://abhishekveeramalla-av.medium.com/, https://www.buymeacoffee.com/abhishekprd, https://www.instagram.com/abhishekveeramalla_official/, https://www.udemy.com/course/ultimate-devops-project-with-resume-preparation/, https://www.udemy.com/course/ultimate-devops-and-cloud-interview-guide/, https://github.com/iam-veeramalla/aws-devops-zero-to-hero#readme, https://github.com/iam-veeramalla, https://www.linkedin.com/in/abhishek-veeramalla-77b33996/]"
Day-6 | Route53 explained in 15 mins | AWS FREE COURSE |#devops #aws #abhishekveeramalla,"Join our 24*7 Career guidance channel:
www.youtube.com/abhishekveeramalla/join

End to End DevOps Project on Udemy
https://www.udemy.com/course/ultimate-devops-project-with-resume-preparation/

Ultimate DevOps Interview Guide
https://www.udemy.com/course/ultimate-devops-and-cloud-interview-guide/

---- 

Udemy Course (End to End DevOps Project)
https://www.udemy.com/course/ultimate-devops-project-with-resume-preparation/?referralCode=9F588E43854814744430

--- --- Support my work
https://www.buymeacoffee.com/abhishekprd Hi Everyone, My Name is Abhishek and my channel is focused on delivering Free content on DevOps and Cloud. Follow my channel for practical learning of DevOps and Cloud. Don't miss the FREE DEVOPS COURSE in Playlists.

In this video , we will deep dive into the concept of Route 53 which provide DNS as a service on AWS.

Dedicated Telegram channel for community discussions on issues
https://www.youtube.com/@AbhishekVeeramalla/join

Instagram: https://www.instagram.com/abhishekveeramalla_official/

GitHub Repo for this course
https://github.com/iam-veeramalla/aws-devops-zero-to-hero#readme

Book 1:1 with me on TopMate for career guidance
https://topmate.io/abhishek_veeramalla

Follow me on Telegram
https://t.me/abhishekveeramalla

About me:
========
LinkedIn: https://www.linkedin.com/in/abhishek-veeramalla-77b33996/
GitHub: https://github.com/iam-veeramalla
Medium: https://abhishekveeramalla-av.medium.com/

#devops #futureofdevops #kubernetes #sre #aws #azure 
DEVOPS FAQ
DEVOPS
WHAT IS DEVOPS ?
WHY DEVOPS ?
HOW TO LEARN DEVOPS ?
LEARN DEVOPS IN 60 DAYS ?
NON IT TO IT BACKGROUND ?
IS DEVOPS EASY TO LEARN ?
BEST DEVOPS COURSE
FREE DEVOPS COURSE
#AbhishekVeeramalla
BEST DEVOPS VIDEOS 
DEVOPS INTERVIEW QUESTIONS
EASY DEVOPS VIDEOS
BEST WAY TO LEARN DEVOPS
PYTHON FOR DEVOPS
PYTHON PROJECTS FOR DEVOPS
LEARN PYTHON 
PYTHON PROJECTS FOR AWS
AWS PYTHON PROJECTS
AWS LAMBDA FUNCTIONS
WHAT IS GITOPS ?
WHY GITOPS ?
LEARN GITOPS ?
GITOPS FREE COURSE
What is AWS ?
LEARN AWS FOR FREE 
AWS COURSE 
AWS COURSE FOR DEVOPS .
.
Disclaimer: Unauthorized copying, reproduction, or distribution of this video content, in whole or in part, is strictly prohibited. Any attempt to upload, share, or use this content for commercial or non-commercial purposes without explicit permission from the owner will be subject to legal action. All rights reserved.",https://i.ytimg.com/vi/6BoTfTtNsGU/sddefault.jpg,Abhishek.Veeramalla,261915,7584,200,1040,17.33,17:20,"17 Minutes, 20 Seconds",2023-06-30T15:30:02,https://www.youtube.com/watch?v=6BoTfTtNsGU,"[#devops mock interview, #devops, #devops round table, #azure, #vmware, #openshift, #gcp, #openstack, #azure git, #bitbucket, #stash, #gitlab, #azure devops interview questions, #Real Time Python Project, #DevOps Python Project, #python videos, #what is devops, #why devops, #how to learn devops, #SRE, #What is SRE ?, #Devops vs SRE, #Devops to SRE, #SRE roadmap, #learn SRE, #Platform Engineering ?, #What is Platform Engineering ?, #Difference Between Platform Engineering and DevOps ?, #Future of Devops]","[#kubernetes, #futureofdevops, #sre, #AbhishekVeeramalla, #azure, #aws, #devops, #readme]",[],"[https://topmate.io/abhishek_veeramalla, https://www.udemy.com/course/ultimate-devops-project-with-resume-preparation/?referralCode=9F588E43854814744430, https://t.me/abhishekveeramalla, https://www.youtube.com/@AbhishekVeeramalla/join, https://abhishekveeramalla-av.medium.com/, https://www.buymeacoffee.com/abhishekprd, https://www.instagram.com/abhishekveeramalla_official/, https://www.udemy.com/course/ultimate-devops-project-with-resume-preparation/, https://www.udemy.com/course/ultimate-devops-and-cloud-interview-guide/, https://github.com/iam-veeramalla/aws-devops-zero-to-hero#readme, https://github.com/iam-veeramalla, https://www.linkedin.com/in/abhishek-veeramalla-77b33996/]"
Day-7 | AWS Project Used In Production | Complete Implementation | #aws #abhishekveeramalla #devops,"Join our 24*7 Career guidance channel:
www.youtube.com/abhishekveeramalla/join

End to End DevOps Project on Udemy
https://www.udemy.com/course/ultimate-devops-project-with-resume-preparation/

Ultimate DevOps Interview Guide
https://www.udemy.com/course/ultimate-devops-and-cloud-interview-guide/

---- 

Udemy Course (End to End DevOps Project)
https://www.udemy.com/course/ultimate-devops-project-with-resume-preparation/?referralCode=9F588E43854814744430

--- --- Support my work
https://www.buymeacoffee.com/abhishekprd

Hi Everyone, My Name is Abhishek and my channel is focused on delivering Free content on DevOps and Cloud. Follow my channel for practical learning of DevOps and Cloud. Don't miss the FREE DEVOPS COURSE in Playlists.

This video demonstrates how to create a VPC that you can use for servers in a production environment. To improve resiliency, you deploy the servers in two Availability Zones, by using an Auto Scaling group and an Application Load Balancer. For additional security, you deploy the servers in private subnets. The servers receive requests through the load balancer. The servers can connect to the internet by using a NAT gateway. To improve resiliency, you deploy the NAT gateway in both Availability Zones.
Reference
https://docs.aws.amazon.com/vpc/latest/userguide/vpc-example-private-subnets-nat.html

Dedicated Telegram channel for community discussions on issues
https://www.youtube.com/@AbhishekVeeramalla/join

Instagram: https://www.instagram.com/abhishekveeramalla_official/

GitHub Repo for this course
https://github.com/iam-veeramalla/aws-devops-zero-to-hero#readme

Book 1:1 with me on TopMate for career guidance
https://topmate.io/abhishek_veeramalla

Follow me on Telegram
https://t.me/abhishekveeramalla

About me:
========
LinkedIn: https://www.linkedin.com/in/abhishek-veeramalla-77b33996/
GitHub: https://github.com/iam-veeramalla
Medium: https://abhishekveeramalla-av.medium.com/

#devops #futureofdevops #kubernetes #sre #aws #azure 
DEVOPS FAQ
DEVOPS
WHAT IS DEVOPS ?
WHY DEVOPS ?
HOW TO LEARN DEVOPS ?
LEARN DEVOPS IN 60 DAYS ?
NON IT TO IT BACKGROUND ?
IS DEVOPS EASY TO LEARN ?
BEST DEVOPS COURSE
FREE DEVOPS COURSE
#AbhishekVeeramalla
BEST DEVOPS VIDEOS 
DEVOPS INTERVIEW QUESTIONS
EASY DEVOPS VIDEOS
BEST WAY TO LEARN DEVOPS
PYTHON FOR DEVOPS
PYTHON PROJECTS FOR DEVOPS
LEARN PYTHON 
PYTHON PROJECTS FOR AWS
AWS PYTHON PROJECTS
AWS LAMBDA FUNCTIONS
WHAT IS GITOPS ?
WHY GITOPS ?
LEARN GITOPS ?
GITOPS FREE COURSE
What is AWS ?
LEARN AWS FOR FREE 
AWS COURSE 
AWS COURSE FOR DEVOPS .
.
Disclaimer: Unauthorized copying, reproduction, or distribution of this video content, in whole or in part, is strictly prohibited. Any attempt to upload, share, or use this content for commercial or non-commercial purposes without explicit permission from the owner will be subject to legal action. All rights reserved.",https://i.ytimg.com/vi/FZPTL_kNvXc/sddefault.jpg,Abhishek.Veeramalla,385817,5834,1644,2752,45.87,45:52,"45 Minutes, 52 Seconds",2023-07-03T15:31:31,https://www.youtube.com/watch?v=FZPTL_kNvXc,"[#devops mock interview, #devops, #devops round table, #azure, #vmware, #openshift, #gcp, #openstack, #azure git, #bitbucket, #stash, #gitlab, #azure devops interview questions, #Real Time Python Project, #DevOps Python Project, #python videos, #what is devops, #why devops, #how to learn devops, #SRE, #What is SRE ?, #Devops vs SRE, #Devops to SRE, #SRE roadmap, #learn SRE, #Platform Engineering ?, #What is Platform Engineering ?, #Difference Between Platform Engineering and DevOps ?, #Future of Devops]","[#kubernetes, #futureofdevops, #sre, #AbhishekVeeramalla, #azure, #aws, #devops, #readme]",[],"[https://topmate.io/abhishek_veeramalla, https://www.udemy.com/course/ultimate-devops-project-with-resume-preparation/?referralCode=9F588E43854814744430, https://t.me/abhishekveeramalla, https://www.youtube.com/@AbhishekVeeramalla/join, https://abhishekveeramalla-av.medium.com/, https://www.buymeacoffee.com/abhishekprd, https://www.instagram.com/abhishekveeramalla_official/, https://www.udemy.com/course/ultimate-devops-project-with-resume-preparation/, https://www.udemy.com/course/ultimate-devops-and-cloud-interview-guide/, https://docs.aws.amazon.com/vpc/latest/userguide/vpc-example-private-subnets-nat.html, https://github.com/iam-veeramalla/aws-devops-zero-to-hero#readme, https://github.com/iam-veeramalla, https://www.linkedin.com/in/abhishek-veeramalla-77b33996/]"
"Day-8 |AWS Scenario Based Interview Questions on EC2, IAM and VPC |#aws #devops #abhishekveeramalla","Join our 24*7 Career guidance channel:
www.youtube.com/abhishekveeramalla/join

End to End DevOps Project on Udemy
https://www.udemy.com/course/ultimate-devops-project-with-resume-preparation/

Ultimate DevOps Interview Guide
https://www.udemy.com/course/ultimate-devops-and-cloud-interview-guide/

---- 

Udemy Course (End to End DevOps Project)
https://www.udemy.com/course/ultimate-devops-project-with-resume-preparation/?referralCode=9F588E43854814744430

--- --- Support my work
https://www.buymeacoffee.com/abhishekprd Hi Everyone, My Name is Abhishek and my channel is focused on delivering Free content on DevOps and Cloud. Follow my channel for practical learning of DevOps and Cloud. Don't miss the FREE DEVOPS COURSE in Playlists.

In this videos, we will learn about the scenario based interview questions that can be asked in the interview on topics EC2, IAM and VPC.
Questions and Answers can be found here
https://github.com/iam-veeramalla/aws-devops-zero-to-hero/blob/main/day-8/Interview_q%26a

Dedicated Telegram channel for community discussions on issues
https://www.youtube.com/@AbhishekVeeramalla/join

Instagram: https://www.instagram.com/abhishekveeramalla_official/

GitHub Repo for this course
https://github.com/iam-veeramalla/aws-devops-zero-to-hero#readme

Book 1:1 with me on TopMate for career guidance
https://topmate.io/abhishek_veeramalla

Follow me on Telegram
https://t.me/abhishekveeramalla

About me:
========
LinkedIn: https://www.linkedin.com/in/abhishek-veeramalla-77b33996/
GitHub: https://github.com/iam-veeramalla
Medium: https://abhishekveeramalla-av.medium.com/

#devops #futureofdevops #kubernetes #sre #aws #azure 
DEVOPS FAQ
DEVOPS
WHAT IS DEVOPS ?
WHY DEVOPS ?
HOW TO LEARN DEVOPS ?
LEARN DEVOPS IN 60 DAYS ?
NON IT TO IT BACKGROUND ?
IS DEVOPS EASY TO LEARN ?
BEST DEVOPS COURSE
FREE DEVOPS COURSE
#AbhishekVeeramalla
BEST DEVOPS VIDEOS 
DEVOPS INTERVIEW QUESTIONS
EASY DEVOPS VIDEOS
BEST WAY TO LEARN DEVOPS
PYTHON FOR DEVOPS
PYTHON PROJECTS FOR DEVOPS
LEARN PYTHON 
PYTHON PROJECTS FOR AWS
AWS PYTHON PROJECTS
AWS LAMBDA FUNCTIONS
WHAT IS GITOPS ?
WHY GITOPS ?
LEARN GITOPS ?
GITOPS FREE COURSE
What is AWS ?
LEARN AWS FOR FREE 
AWS COURSE 
AWS COURSE FOR DEVOPS .
.
Disclaimer: Unauthorized copying, reproduction, or distribution of this video content, in whole or in part, is strictly prohibited. Any attempt to upload, share, or use this content for commercial or non-commercial purposes without explicit permission from the owner will be subject to legal action. All rights reserved.",https://i.ytimg.com/vi/qtkWHhikLh8/sddefault.jpg,Abhishek.Veeramalla,278025,7567,373,1550,25.83,25:50,"25 Minutes, 50 Seconds",2023-07-04T15:39:36,https://www.youtube.com/watch?v=qtkWHhikLh8,"[#devops mock interview, #devops, #devops round table, #azure, #vmware, #openshift, #gcp, #openstack, #azure git, #bitbucket, #stash, #gitlab, #azure devops interview questions, #Real Time Python Project, #DevOps Python Project, #python videos, #what is devops, #why devops, #how to learn devops, #SRE, #What is SRE ?, #Devops vs SRE, #Devops to SRE, #SRE roadmap, #learn SRE, #Platform Engineering ?, #What is Platform Engineering ?, #Difference Between Platform Engineering and DevOps ?, #Future of Devops]","[#kubernetes, #futureofdevops, #sre, #AbhishekVeeramalla, #azure, #aws, #devops, #readme]",[],"[https://topmate.io/abhishek_veeramalla, https://www.udemy.com/course/ultimate-devops-project-with-resume-preparation/?referralCode=9F588E43854814744430, https://t.me/abhishekveeramalla, https://www.youtube.com/@AbhishekVeeramalla/join, https://github.com/iam-veeramalla/aws-devops-zero-to-hero/blob/main/day-8/Interview_q%26a, https://abhishekveeramalla-av.medium.com/, https://www.buymeacoffee.com/abhishekprd, https://www.instagram.com/abhishekveeramalla_official/, https://www.udemy.com/course/ultimate-devops-project-with-resume-preparation/, https://www.udemy.com/course/ultimate-devops-and-cloud-interview-guide/, https://github.com/iam-veeramalla/aws-devops-zero-to-hero#readme, https://github.com/iam-veeramalla, https://www.linkedin.com/in/abhishek-veeramalla-77b33996/]"
Day-9 | AWS S3 Buckets Deep Dive | 2 Demo Projects with Code | #aws #s3 #abhishekveeramalla,"Join our 24*7 Career guidance channel:
www.youtube.com/abhishekveeramalla/join

End to End DevOps Project on Udemy
https://www.udemy.com/course/ultimate-devops-project-with-resume-preparation/

Ultimate DevOps Interview Guide
https://www.udemy.com/course/ultimate-devops-and-cloud-interview-guide/

---- 

Udemy Course (End to End DevOps Project)
https://www.udemy.com/course/ultimate-devops-project-with-resume-preparation/?referralCode=9F588E43854814744430

--- --- Support my work
https://www.buymeacoffee.com/abhishekprd

Hi Everyone, My Name is Abhishek and my channel is focused on delivering Free content on DevOps and Cloud. Follow my channel for practical learning of DevOps and Cloud. Don't miss the FREE DEVOPS COURSE in Playlists.

In this video, we will deep dive into S3 with both theory and practical projects.
GitHub Repo for this video
https://github.com/iam-veeramalla/aws-devops-zero-to-hero/tree/main/day-9

Dedicated Telegram channel for community discussions on issues
https://www.youtube.com/@AbhishekVeeramalla/join

Instagram: https://www.instagram.com/abhishekveeramalla_official/

Book 1:1 with me on TopMate for career guidance
https://topmate.io/abhishek_veeramalla

Follow me on Telegram
https://t.me/abhishekveeramalla

About me:
========
LinkedIn: https://www.linkedin.com/in/abhishek-veeramalla-77b33996/
GitHub: https://github.com/iam-veeramalla
Medium: https://abhishekveeramalla-av.medium.com/

#devops #futureofdevops #kubernetes #sre #aws #azure 
DEVOPS FAQ
DEVOPS
WHAT IS DEVOPS ?
WHY DEVOPS ?
HOW TO LEARN DEVOPS ?
LEARN DEVOPS IN 60 DAYS ?
NON IT TO IT BACKGROUND ?
IS DEVOPS EASY TO LEARN ?
BEST DEVOPS COURSE
FREE DEVOPS COURSE
#AbhishekVeeramalla
BEST DEVOPS VIDEOS 
DEVOPS INTERVIEW QUESTIONS
EASY DEVOPS VIDEOS
BEST WAY TO LEARN DEVOPS
PYTHON FOR DEVOPS
PYTHON PROJECTS FOR DEVOPS
LEARN PYTHON 
PYTHON PROJECTS FOR AWS
AWS PYTHON PROJECTS
AWS LAMBDA FUNCTIONS
WHAT IS GITOPS ?
WHY GITOPS ?
LEARN GITOPS ?
GITOPS FREE COURSE
What is AWS ?
LEARN AWS FOR FREE 
AWS COURSE 
AWS COURSE FOR DEVOPS
AWS S3 Deep Dive .
.
Disclaimer: Unauthorized copying, reproduction, or distribution of this video content, in whole or in part, is strictly prohibited. Any attempt to upload, share, or use this content for commercial or non-commercial purposes without explicit permission from the owner will be subject to legal action. All rights reserved.",https://i.ytimg.com/vi/DiWWPo2Qoso/sddefault.jpg,Abhishek.Veeramalla,304953,7376,264,3779,62.98,1:02:59,"1 Hours, 2 Minutes, 59 Seconds",2023-07-06T16:38:18,https://www.youtube.com/watch?v=DiWWPo2Qoso,"[#devops mock interview, #devops, #devops round table, #azure, #vmware, #openshift, #gcp, #openstack, #azure git, #bitbucket, #stash, #gitlab, #azure devops interview questions, #Real Time Python Project, #DevOps Python Project, #python videos, #what is devops, #why devops, #how to learn devops, #SRE, #What is SRE ?, #Devops vs SRE, #Devops to SRE, #SRE roadmap, #learn SRE, #Platform Engineering ?, #What is Platform Engineering ?, #Difference Between Platform Engineering and DevOps ?, #Future of Devops]","[#kubernetes, #futureofdevops, #sre, #AbhishekVeeramalla, #azure, #aws, #devops]",[],"[https://topmate.io/abhishek_veeramalla, https://github.com/iam-veeramalla, https://www.udemy.com/course/ultimate-devops-project-with-resume-preparation/?referralCode=9F588E43854814744430, https://t.me/abhishekveeramalla, https://www.youtube.com/@AbhishekVeeramalla/join, https://abhishekveeramalla-av.medium.com/, https://www.buymeacoffee.com/abhishekprd, https://www.instagram.com/abhishekveeramalla_official/, https://www.udemy.com/course/ultimate-devops-project-with-resume-preparation/, https://www.udemy.com/course/ultimate-devops-and-cloud-interview-guide/, https://github.com/iam-veeramalla/aws-devops-zero-to-hero/tree/main/day-9, https://www.linkedin.com/in/abhishek-veeramalla-77b33996/]"
Day-10 | AWS CLI Deep Dive | Concept + Installation + Demo | #aws #abhishekveeramalla #devops,"Join our 24*7 Career guidance channel:
www.youtube.com/abhishekveeramalla/join

End to End DevOps Project on Udemy
https://www.udemy.com/course/ultimate-devops-project-with-resume-preparation/

Ultimate DevOps Interview Guide
https://www.udemy.com/course/ultimate-devops-and-cloud-interview-guide/

---- 

Udemy Course (End to End DevOps Project)
https://www.udemy.com/course/ultimate-devops-project-with-resume-preparation/?referralCode=9F588E43854814744430

--- --- Support my work
https://www.buymeacoffee.com/abhishekprd Hi Everyone, My Name is Abhishek and my channel is focused on delivering Free content on DevOps and Cloud. Follow my channel for practical learning of DevOps and Cloud. Don't miss the FREE DEVOPS COURSE in Playlists.

In this video, we will deep dive into AWS command line interface with both theory and practical projects.

Dedicated Telegram channel for community discussions on issues
https://www.youtube.com/@AbhishekVeeramalla/join

Instagram: https://www.instagram.com/abhishekveeramalla_official/

Book 1:1 with me on TopMate for career guidance
https://topmate.io/abhishek_veeramalla

GitHub Repo for this AWS series
https://github.com/iam-veeramalla/aws-devops-zero-to-hero/

Telegram Regular Updates and Notes Channel
https://t.me/abhishekveeramalla

About me:
========
LinkedIn: https://www.linkedin.com/in/abhishek-veeramalla-77b33996/
GitHub: https://github.com/iam-veeramalla
Medium: https://abhishekveeramalla-av.medium.com/

#devops #futureofdevops #kubernetes #sre #aws #azure 
DEVOPS FAQ
DEVOPS
WHAT IS DEVOPS ?
WHY DEVOPS ?
HOW TO LEARN DEVOPS ?
LEARN DEVOPS IN 60 DAYS ?
NON IT TO IT BACKGROUND ?
IS DEVOPS EASY TO LEARN ?
BEST DEVOPS COURSE
FREE DEVOPS COURSE
#AbhishekVeeramalla
BEST DEVOPS VIDEOS 
DEVOPS INTERVIEW QUESTIONS
EASY DEVOPS VIDEOS
BEST WAY TO LEARN DEVOPS
PYTHON FOR DEVOPS
PYTHON PROJECTS FOR DEVOPS
LEARN PYTHON 
PYTHON PROJECTS FOR AWS
AWS PYTHON PROJECTS
AWS LAMBDA FUNCTIONS
WHAT IS GITOPS ?
WHY GITOPS ?
LEARN GITOPS ?
GITOPS FREE COURSE
What is AWS ?
LEARN AWS FOR FREE 
AWS COURSE 
AWS COURSE FOR DEVOPS
AWS CLI Deep Dive .
.
Disclaimer: Unauthorized copying, reproduction, or distribution of this video content, in whole or in part, is strictly prohibited. Any attempt to upload, share, or use this content for commercial or non-commercial purposes without explicit permission from the owner will be subject to legal action. All rights reserved.",https://i.ytimg.com/vi/TiDSwf8gydk/sddefault.jpg,Abhishek.Veeramalla,168953,3424,195,2637,43.95,43:57,"43 Minutes, 57 Seconds",2023-07-07T15:47:16,https://www.youtube.com/watch?v=TiDSwf8gydk,"[#devops mock interview, #devops, #devops round table, #azure, #vmware, #openshift, #gcp, #openstack, #azure git, #bitbucket, #stash, #gitlab, #azure devops interview questions, #Real Time Python Project, #DevOps Python Project, #python videos, #what is devops, #why devops, #how to learn devops, #SRE, #What is SRE ?, #Devops vs SRE, #Devops to SRE, #SRE roadmap, #learn SRE, #Platform Engineering ?, #What is Platform Engineering ?, #Difference Between Platform Engineering and DevOps ?, #Future of Devops]","[#kubernetes, #futureofdevops, #sre, #AbhishekVeeramalla, #azure, #aws, #devops]",[],"[https://topmate.io/abhishek_veeramalla, https://www.udemy.com/course/ultimate-devops-project-with-resume-preparation/?referralCode=9F588E43854814744430, https://github.com/iam-veeramalla/aws-devops-zero-to-hero/, https://t.me/abhishekveeramalla, https://www.youtube.com/@AbhishekVeeramalla/join, https://abhishekveeramalla-av.medium.com/, https://www.buymeacoffee.com/abhishekprd, https://www.instagram.com/abhishekveeramalla_official/, https://www.udemy.com/course/ultimate-devops-project-with-resume-preparation/, https://www.udemy.com/course/ultimate-devops-and-cloud-interview-guide/, https://github.com/iam-veeramalla, https://www.linkedin.com/in/abhishek-veeramalla-77b33996/]"
Day-11 | IaC with AWS CFT | Tips and Tricks to Write CFT | CFT vs Terraform |  #abhishekveeramalla,"Join our 24*7 Career guidance channel:
www.youtube.com/abhishekveeramalla/join

End to End DevOps Project on Udemy
https://www.udemy.com/course/ultimate-devops-project-with-resume-preparation/

Ultimate DevOps Interview Guide
https://www.udemy.com/course/ultimate-devops-and-cloud-interview-guide/

---- 

Udemy Course (End to End DevOps Project)
https://www.udemy.com/course/ultimate-devops-project-with-resume-preparation/?referralCode=9F588E43854814744430

--- --- Support my work
https://www.buymeacoffee.com/abhishekprd Hi Everyone, My Name is Abhishek and my channel is focused on delivering Free content on DevOps and Cloud. Follow my channel for practical learning of DevOps and Cloud. Don't miss the FREE DEVOPS COURSE in Playlists.

In this video, we will deep dive into AWS CFT and learn about CFT, how to write CFT,  features like Drift Detection, IaC and much more.

Dedicated Telegram channel for community discussions on issues
https://www.youtube.com/@AbhishekVeeramalla/join

Instagram: https://www.instagram.com/abhishekveeramalla_official/

Book 1:1 with me on TopMate for career guidance
https://topmate.io/abhishek_veeramalla

GitHub Repo for this AWS series
https://github.com/iam-veeramalla/aws-devops-zero-to-hero/

Telegram Regular Updates and Notes Channel
https://t.me/abhishekveeramalla

About me:
========
LinkedIn: https://www.linkedin.com/in/abhishek-veeramalla-77b33996/
GitHub: https://github.com/iam-veeramalla
Medium: https://abhishekveeramalla-av.medium.com/

#devops #futureofdevops #kubernetes #sre #aws #azure 
DEVOPS FAQ
DEVOPS
WHAT IS DEVOPS ?
WHY DEVOPS ?
HOW TO LEARN DEVOPS ?
LEARN DEVOPS IN 60 DAYS ?
NON IT TO IT BACKGROUND ?
IS DEVOPS EASY TO LEARN ?
BEST DEVOPS COURSE
FREE DEVOPS COURSE
#AbhishekVeeramalla
BEST DEVOPS VIDEOS 
DEVOPS INTERVIEW QUESTIONS
EASY DEVOPS VIDEOS
BEST WAY TO LEARN DEVOPS
PYTHON FOR DEVOPS
PYTHON PROJECTS FOR DEVOPS
LEARN PYTHON 
PYTHON PROJECTS FOR AWS
AWS PYTHON PROJECTS
AWS LAMBDA FUNCTIONS
WHAT IS GITOPS ?
WHY GITOPS ?
LEARN GITOPS ?
GITOPS FREE COURSE
What is AWS ?
LEARN AWS FOR FREE 
AWS COURSE 
AWS COURSE FOR DEVOPS
AWS CLI Deep Dive .
.
Disclaimer: Unauthorized copying, reproduction, or distribution of this video content, in whole or in part, is strictly prohibited. Any attempt to upload, share, or use this content for commercial or non-commercial purposes without explicit permission from the owner will be subject to legal action. All rights reserved.",https://i.ytimg.com/vi/ov4WmWgQgsA/sddefault.jpg,Abhishek.Veeramalla,193724,3173,237,4317,71.95,1:11:57,"1 Hours, 11 Minutes, 57 Seconds",2023-07-10T15:30:18,https://www.youtube.com/watch?v=ov4WmWgQgsA,"[#devops mock interview, #devops, #devops round table, #azure, #vmware, #openshift, #gcp, #openstack, #azure git, #bitbucket, #stash, #gitlab, #azure devops interview questions, #Real Time Python Project, #DevOps Python Project, #python videos, #what is devops, #why devops, #how to learn devops, #SRE, #What is SRE ?, #Devops vs SRE, #Devops to SRE, #SRE roadmap, #learn SRE, #Platform Engineering ?, #What is Platform Engineering ?, #Difference Between Platform Engineering and DevOps ?, #Future of Devops]","[#kubernetes, #futureofdevops, #sre, #AbhishekVeeramalla, #azure, #aws, #devops]",[],"[https://topmate.io/abhishek_veeramalla, https://www.udemy.com/course/ultimate-devops-project-with-resume-preparation/?referralCode=9F588E43854814744430, https://github.com/iam-veeramalla/aws-devops-zero-to-hero/, https://t.me/abhishekveeramalla, https://www.youtube.com/@AbhishekVeeramalla/join, https://abhishekveeramalla-av.medium.com/, https://www.buymeacoffee.com/abhishekprd, https://www.instagram.com/abhishekveeramalla_official/, https://www.udemy.com/course/ultimate-devops-project-with-resume-preparation/, https://www.udemy.com/course/ultimate-devops-and-cloud-interview-guide/, https://github.com/iam-veeramalla, https://www.linkedin.com/in/abhishek-veeramalla-77b33996/]"
Day-12 | AWS CICD | AWS CodeCommit | What is CICD on AWS ? |  #abhishekveeramalla #devops #awm,"Join our 24*7 Career guidance channel:
www.youtube.com/abhishekveeramalla/join

End to End DevOps Project on Udemy
https://www.udemy.com/course/ultimate-devops-project-with-resume-preparation/

Ultimate DevOps Interview Guide
https://www.udemy.com/course/ultimate-devops-and-cloud-interview-guide/

---- 

Udemy Course (End to End DevOps Project)
https://www.udemy.com/course/ultimate-devops-project-with-resume-preparation/?referralCode=9F588E43854814744430

--- --- Support my work
https://www.buymeacoffee.com/abhishekprd Hi Everyone, My Name is Abhishek and my channel is focused on delivering Free content on DevOps and Cloud. Follow my channel for practical learning of DevOps and Cloud. Don't miss the FREE DEVOPS COURSE in Playlists.

In this video, we will deep dive into CICD on AWS. We will learn about CICD on AWS in 4 parts and in the First part (today), we will learn about AWS CodeCommit.

Dedicated Telegram channel for community discussions on issues
https://www.youtube.com/@AbhishekVeeramalla/join

Instagram: https://www.instagram.com/abhishekveeramalla_official/

Book 1:1 with me on TopMate for career guidance
https://topmate.io/abhishek_veeramalla

GitHub Repo for this AWS series
https://github.com/iam-veeramalla/aws-devops-zero-to-hero/

Telegram Regular Updates and Notes Channel
https://t.me/abhishekveeramalla

About me:
========
LinkedIn: https://www.linkedin.com/in/abhishek-veeramalla-77b33996/
GitHub: https://github.com/iam-veeramalla
Medium: https://abhishekveeramalla-av.medium.com/

#devops #futureofdevops #kubernetes #sre #aws #azure 
DEVOPS FAQ
DEVOPS
WHAT IS DEVOPS ?
WHY DEVOPS ?
HOW TO LEARN DEVOPS ?
LEARN DEVOPS IN 60 DAYS ?
NON IT TO IT BACKGROUND ?
IS DEVOPS EASY TO LEARN ?
BEST DEVOPS COURSE
FREE DEVOPS COURSE
#AbhishekVeeramalla
BEST DEVOPS VIDEOS 
DEVOPS INTERVIEW QUESTIONS
EASY DEVOPS VIDEOS
BEST WAY TO LEARN DEVOPS
PYTHON FOR DEVOPS
PYTHON PROJECTS FOR DEVOPS
LEARN PYTHON 
PYTHON PROJECTS FOR AWS
AWS PYTHON PROJECTS
AWS LAMBDA FUNCTIONS
WHAT IS GITOPS ?
WHY GITOPS ?
LEARN GITOPS ?
GITOPS FREE COURSE
What is AWS ?
LEARN AWS FOR FREE 
AWS COURSE 
AWS COURSE FOR DEVOPS
AWS CLI Deep Dive .
.
Disclaimer: Unauthorized copying, reproduction, or distribution of this video content, in whole or in part, is strictly prohibited. Any attempt to upload, share, or use this content for commercial or non-commercial purposes without explicit permission from the owner will be subject to legal action. All rights reserved.",https://i.ytimg.com/vi/n42nFDTkTCI/sddefault.jpg,Abhishek.Veeramalla,152911,2463,272,1886,31.43,31:26,"31 Minutes, 26 Seconds",2023-07-12T15:30:11,https://www.youtube.com/watch?v=n42nFDTkTCI,"[#devops mock interview, #devops, #devops round table, #azure, #vmware, #openshift, #gcp, #openstack, #azure git, #bitbucket, #stash, #gitlab, #azure devops interview questions, #Real Time Python Project, #DevOps Python Project, #python videos, #what is devops, #why devops, #how to learn devops, #SRE, #What is SRE ?, #Devops vs SRE, #Devops to SRE, #SRE roadmap, #learn SRE, #Platform Engineering ?, #What is Platform Engineering ?, #Difference Between Platform Engineering and DevOps ?, #Future of Devops]","[#kubernetes, #futureofdevops, #sre, #AbhishekVeeramalla, #azure, #aws, #devops]",[],"[https://topmate.io/abhishek_veeramalla, https://www.udemy.com/course/ultimate-devops-project-with-resume-preparation/?referralCode=9F588E43854814744430, https://github.com/iam-veeramalla/aws-devops-zero-to-hero/, https://t.me/abhishekveeramalla, https://www.youtube.com/@AbhishekVeeramalla/join, https://abhishekveeramalla-av.medium.com/, https://www.buymeacoffee.com/abhishekprd, https://www.instagram.com/abhishekveeramalla_official/, https://www.udemy.com/course/ultimate-devops-project-with-resume-preparation/, https://www.udemy.com/course/ultimate-devops-and-cloud-interview-guide/, https://github.com/iam-veeramalla, https://www.linkedin.com/in/abhishek-veeramalla-77b33996/]"
Day-13 | AWS Code Pipeline | Jenkins vs AWS Code Pipeline | Open Source vs AWS Managed | #aws,"Join our 24*7 Career guidance channel:
www.youtube.com/abhishekveeramalla/join

End to End DevOps Project on Udemy
https://www.udemy.com/course/ultimate-devops-project-with-resume-preparation/

Ultimate DevOps Interview Guide
https://www.udemy.com/course/ultimate-devops-and-cloud-interview-guide/

---- 

Udemy Course (End to End DevOps Project)
https://www.udemy.com/course/ultimate-devops-project-with-resume-preparation/?referralCode=9F588E43854814744430

--- --- Support my work
https://www.buymeacoffee.com/abhishekprd Hi Everyone, My Name is Abhishek and my channel is focused on delivering Free content on DevOps and Cloud. Follow my channel for practical learning of DevOps and Cloud. Don't miss the FREE DEVOPS COURSE in Playlists.

In this video, we will deep dive into CICD on AWS. We will learn about CICD on AWS in 4 parts and in the First part (today), we will learn about AWS CodePipeline.

Dedicated Telegram channel for community discussions on issues
https://www.youtube.com/@AbhishekVeeramalla/join

Instagram: https://www.instagram.com/abhishekveeramalla_official/

Book 1:1 with me on TopMate for career guidance
https://topmate.io/abhishek_veeramalla

GitHub Repo for this AWS series
https://github.com/iam-veeramalla/aws-devops-zero-to-hero/

Telegram Regular Updates and Notes Channel
https://t.me/abhishekveeramalla

About me:
========
LinkedIn: https://www.linkedin.com/in/abhishek-veeramalla-77b33996/
GitHub: https://github.com/iam-veeramalla
Medium: https://abhishekveeramalla-av.medium.com/

#devops #futureofdevops #kubernetes #sre #aws #azure 
DEVOPS FAQ
DEVOPS
WHAT IS DEVOPS ?
WHY DEVOPS ?
HOW TO LEARN DEVOPS ?
LEARN DEVOPS IN 60 DAYS ?
NON IT TO IT BACKGROUND ?
IS DEVOPS EASY TO LEARN ?
BEST DEVOPS COURSE
FREE DEVOPS COURSE
#AbhishekVeeramalla
BEST DEVOPS VIDEOS 
DEVOPS INTERVIEW QUESTIONS
EASY DEVOPS VIDEOS
BEST WAY TO LEARN DEVOPS
PYTHON FOR DEVOPS
PYTHON PROJECTS FOR DEVOPS
LEARN PYTHON 
PYTHON PROJECTS FOR AWS
AWS PYTHON PROJECTS
AWS LAMBDA FUNCTIONS
WHAT IS GITOPS ?
WHY GITOPS ?
LEARN GITOPS ?
GITOPS FREE COURSE
What is AWS ?
LEARN AWS FOR FREE 
AWS COURSE 
AWS COURSE FOR DEVOPS
AWS CLI Deep Dive .
.
Disclaimer: Unauthorized copying, reproduction, or distribution of this video content, in whole or in part, is strictly prohibited. Any attempt to upload, share, or use this content for commercial or non-commercial purposes without explicit permission from the owner will be subject to legal action. All rights reserved.",https://i.ytimg.com/vi/Tbp8325cKJ8/sddefault.jpg,Abhishek.Veeramalla,100250,2742,130,1581,26.35,26:21,"26 Minutes, 21 Seconds",2023-07-13T16:46:45,https://www.youtube.com/watch?v=Tbp8325cKJ8,"[#devops mock interview, #devops, #devops round table, #azure, #vmware, #openshift, #gcp, #openstack, #azure git, #bitbucket, #stash, #gitlab, #azure devops interview questions, #Real Time Python Project, #DevOps Python Project, #python videos, #what is devops, #why devops, #how to learn devops, #SRE, #What is SRE ?, #Devops vs SRE, #Devops to SRE, #SRE roadmap, #learn SRE, #Platform Engineering ?, #What is Platform Engineering ?, #Difference Between Platform Engineering and DevOps ?, #Future of Devops]","[#kubernetes, #futureofdevops, #sre, #AbhishekVeeramalla, #azure, #aws, #devops]",[],"[https://topmate.io/abhishek_veeramalla, https://www.udemy.com/course/ultimate-devops-project-with-resume-preparation/?referralCode=9F588E43854814744430, https://github.com/iam-veeramalla/aws-devops-zero-to-hero/, https://t.me/abhishekveeramalla, https://www.youtube.com/@AbhishekVeeramalla/join, https://abhishekveeramalla-av.medium.com/, https://www.buymeacoffee.com/abhishekprd, https://www.instagram.com/abhishekveeramalla_official/, https://www.udemy.com/course/ultimate-devops-project-with-resume-preparation/, https://www.udemy.com/course/ultimate-devops-and-cloud-interview-guide/, https://github.com/iam-veeramalla, https://www.linkedin.com/in/abhishek-veeramalla-77b33996/]"
Day-14 | AWS END TO END CI | REALTIME PROJECT | DEMO WITH NOTES | #aws #devops #abhishekveeramalla,"Join our 24*7 Career guidance channel:
www.youtube.com/abhishekveeramalla/join

End to End DevOps Project on Udemy
https://www.udemy.com/course/ultimate-devops-project-with-resume-preparation/

Ultimate DevOps Interview Guide
https://www.udemy.com/course/ultimate-devops-and-cloud-interview-guide/

---- 

Udemy Course (End to End DevOps Project)
https://www.udemy.com/course/ultimate-devops-project-with-resume-preparation/?referralCode=9F588E43854814744430

--- --- Support my work
https://www.buymeacoffee.com/abhishekprd Hi Everyone, My Name is Abhishek and my channel is focused on delivering Free content on DevOps and Cloud. Follow my channel for practical learning of DevOps and Cloud. Don't miss the FREE DEVOPS COURSE in Playlists.

In this video, We will implement the end to end CI solution on AWS using code build and code pipeline.
Instagram: https://www.instagram.com/abhishekveeramalla_official/

GitHub Repo for this video
https://github.com/iam-veeramalla/aws-devops-zero-to-hero/tree/main/day-14

Dedicated Telegram channel for community discussions on issues
https://www.youtube.com/@AbhishekVeeramalla/join

Book 1:1 with me on TopMate for career guidance
https://topmate.io/abhishek_veeramalla

Telegram Regular Updates and Notes Channel
https://t.me/abhishekveeramalla

About me:
========
LinkedIn: https://www.linkedin.com/in/abhishek-veeramalla-77b33996/
GitHub: https://github.com/iam-veeramalla
Medium: https://abhishekveeramalla-av.medium.com/

#devops #futureofdevops #kubernetes #sre #aws #azure 
DEVOPS FAQ
DEVOPS
WHAT IS DEVOPS ?
WHY DEVOPS ?
HOW TO LEARN DEVOPS ?
LEARN DEVOPS IN 60 DAYS ?
NON IT TO IT BACKGROUND ?
IS DEVOPS EASY TO LEARN ?
BEST DEVOPS COURSE
FREE DEVOPS COURSE
#AbhishekVeeramalla
BEST DEVOPS VIDEOS 
DEVOPS INTERVIEW QUESTIONS
EASY DEVOPS VIDEOS
BEST WAY TO LEARN DEVOPS
PYTHON FOR DEVOPS
PYTHON PROJECTS FOR DEVOPS
LEARN PYTHON 
PYTHON PROJECTS FOR AWS
AWS PYTHON PROJECTS
AWS LAMBDA FUNCTIONS
WHAT IS GITOPS ?
WHY GITOPS ?
LEARN GITOPS ?
GITOPS FREE COURSE
What is AWS ?
LEARN AWS FOR FREE 
AWS COURSE 
AWS COURSE FOR DEVOPS
AWS CLI Deep Dive .
.
Disclaimer: Unauthorized copying, reproduction, or distribution of this video content, in whole or in part, is strictly prohibited. Any attempt to upload, share, or use this content for commercial or non-commercial purposes without explicit permission from the owner will be subject to legal action. All rights reserved.",https://i.ytimg.com/vi/kOU-7_Sc72U/sddefault.jpg,Abhishek.Veeramalla,148647,2258,426,3460,57.67,57:40,"57 Minutes, 40 Seconds",2023-07-14T16:57:56,https://www.youtube.com/watch?v=kOU-7_Sc72U,"[#devops mock interview, #devops, #devops round table, #azure, #vmware, #openshift, #gcp, #openstack, #azure git, #bitbucket, #stash, #gitlab, #azure devops interview questions, #Real Time Python Project, #DevOps Python Project, #python videos, #what is devops, #why devops, #how to learn devops, #SRE, #What is SRE ?, #Devops vs SRE, #Devops to SRE, #SRE roadmap, #learn SRE, #Platform Engineering ?, #What is Platform Engineering ?, #Difference Between Platform Engineering and DevOps ?, #Future of Devops]","[#kubernetes, #futureofdevops, #sre, #AbhishekVeeramalla, #azure, #aws, #devops]",[],"[https://topmate.io/abhishek_veeramalla, https://www.udemy.com/course/ultimate-devops-project-with-resume-preparation/?referralCode=9F588E43854814744430, https://t.me/abhishekveeramalla, https://www.youtube.com/@AbhishekVeeramalla/join, https://github.com/iam-veeramalla/aws-devops-zero-to-hero/tree/main/day-14, https://abhishekveeramalla-av.medium.com/, https://www.buymeacoffee.com/abhishekprd, https://www.instagram.com/abhishekveeramalla_official/, https://www.udemy.com/course/ultimate-devops-project-with-resume-preparation/, https://www.udemy.com/course/ultimate-devops-and-cloud-interview-guide/, https://github.com/iam-veeramalla, https://www.linkedin.com/in/abhishek-veeramalla-77b33996/]"
Day-15 | AWS ULTIMATE CICD PIPEPLINE | END TO END DEMO | AWS CODE PIPELINE | #aws #devops #cicd,"Join our 24*7 Career guidance channel:
www.youtube.com/abhishekveeramalla/join

End to End DevOps Project on Udemy
https://www.udemy.com/course/ultimate-devops-project-with-resume-preparation/

Ultimate DevOps Interview Guide
https://www.udemy.com/course/ultimate-devops-and-cloud-interview-guide/

---- 

Udemy Course (End to End DevOps Project)
https://www.udemy.com/course/ultimate-devops-project-with-resume-preparation/?referralCode=9F588E43854814744430

--- --- Support my work
https://www.buymeacoffee.com/abhishekprd Hi Everyone, My Name is Abhishek and my channel is focused on delivering Free content on DevOps and Cloud. Follow my channel for practical learning of DevOps and Cloud. Don't miss the FREE DEVOPS COURSE in Playlists.

In this video, We will implement the end to end CI solution on AWS using code build and code pipeline.

Instagram: https://www.instagram.com/abhishekveeramalla_official/

GitHub Repo for this video
https://github.com/iam-veeramalla/aws-devops-zero-to-hero/

Deployment Strategies
https://youtu.be/aU-EtdEOdlM

Dedicated Telegram channel for community discussions on issues
https://www.youtube.com/@AbhishekVeeramalla/join

Book 1:1 with me on TopMate for career guidance
https://topmate.io/abhishek_veeramalla

Telegram Regular Updates and Notes Channel
https://t.me/abhishekveeramalla

About me:
========
LinkedIn: https://www.linkedin.com/in/abhishek-veeramalla-77b33996/
GitHub: https://github.com/iam-veeramalla
Medium: https://abhishekveeramalla-av.medium.com/

#devops #futureofdevops #kubernetes #sre #aws #azure 
DEVOPS FAQ
DEVOPS
WHAT IS DEVOPS ?
WHY DEVOPS ?
HOW TO LEARN DEVOPS ?
LEARN DEVOPS IN 60 DAYS ?
NON IT TO IT BACKGROUND ?
IS DEVOPS EASY TO LEARN ?
BEST DEVOPS COURSE
FREE DEVOPS COURSE
#AbhishekVeeramalla
BEST DEVOPS VIDEOS 
DEVOPS INTERVIEW QUESTIONS
EASY DEVOPS VIDEOS
BEST WAY TO LEARN DEVOPS
PYTHON FOR DEVOPS
PYTHON PROJECTS FOR DEVOPS
LEARN PYTHON 
PYTHON PROJECTS FOR AWS
AWS PYTHON PROJECTS
AWS LAMBDA FUNCTIONS
WHAT IS GITOPS ?
WHY GITOPS ?
LEARN GITOPS ?
GITOPS FREE COURSE
What is AWS ?
LEARN AWS FOR FREE 
AWS COURSE 
AWS COURSE FOR DEVOPS
AWS CLI Deep Dive .
.
Disclaimer: Unauthorized copying, reproduction, or distribution of this video content, in whole or in part, is strictly prohibited. Any attempt to upload, share, or use this content for commercial or non-commercial purposes without explicit permission from the owner will be subject to legal action. All rights reserved.",https://i.ytimg.com/vi/8ftrKNbSv28/sddefault.jpg,Abhishek.Veeramalla,118426,1767,359,4027,67.12,1:07:07,"1 Hours, 7 Minutes, 7 Seconds",2023-07-18T17:50:23,https://www.youtube.com/watch?v=8ftrKNbSv28,"[#devops mock interview, #devops, #devops round table, #azure, #vmware, #openshift, #gcp, #openstack, #azure git, #bitbucket, #stash, #gitlab, #azure devops interview questions, #Real Time Python Project, #DevOps Python Project, #python videos, #what is devops, #why devops, #how to learn devops, #SRE, #What is SRE ?, #Devops vs SRE, #Devops to SRE, #SRE roadmap, #learn SRE, #Platform Engineering ?, #What is Platform Engineering ?, #Difference Between Platform Engineering and DevOps ?, #Future of Devops]","[#kubernetes, #futureofdevops, #sre, #AbhishekVeeramalla, #azure, #aws, #devops]",[],"[https://topmate.io/abhishek_veeramalla, https://www.udemy.com/course/ultimate-devops-project-with-resume-preparation/?referralCode=9F588E43854814744430, https://github.com/iam-veeramalla/aws-devops-zero-to-hero/, https://t.me/abhishekveeramalla, https://www.youtube.com/@AbhishekVeeramalla/join, https://abhishekveeramalla-av.medium.com/, https://www.buymeacoffee.com/abhishekprd, https://www.instagram.com/abhishekveeramalla_official/, https://youtu.be/aU-EtdEOdlM, https://www.udemy.com/course/ultimate-devops-project-with-resume-preparation/, https://www.udemy.com/course/ultimate-devops-and-cloud-interview-guide/, https://github.com/iam-veeramalla, https://www.linkedin.com/in/abhishek-veeramalla-77b33996/]"
Day-16 | AWS CLOUD WATCH DEEP DIVE | DEMO - LIVE EC2 CPU ALERTING THROUGH SNS | #aws #devops,"Join our 24*7 Career guidance channel:
www.youtube.com/abhishekveeramalla/join

End to End DevOps Project on Udemy
https://www.udemy.com/course/ultimate-devops-project-with-resume-preparation/

Ultimate DevOps Interview Guide
https://www.udemy.com/course/ultimate-devops-and-cloud-interview-guide/

---- 

Udemy Course (End to End DevOps Project)
https://www.udemy.com/course/ultimate-devops-project-with-resume-preparation/?referralCode=9F588E43854814744430

--- --- Support my work
https://www.buymeacoffee.com/abhishekprd Hi Everyone, My Name is Abhishek and my channel is focused on delivering Free content on DevOps and Cloud. Follow my channel for practical learning of DevOps and Cloud. Don't miss the FREE DEVOPS COURSE in Playlists.

In this video, We will deep dive into the AWS Cloud Watch.

GitHub Repo for this video
https://github.com/iam-veeramalla/aws-devops-zero-to-hero/tree/main/day-16

Private Telegram Channel For Doubts Clearing
https://www.youtube.com/@AbhishekVeeramalla/join

Instagram: https://www.instagram.com/abhishekveeramalla_official/

Book 1:1 with me on TopMate for career guidance
https://topmate.io/abhishek_veeramalla

Public Telegram Channel For Notes and Updates
https://t.me/abhishekveeramalla

About me:
========
LinkedIn: https://www.linkedin.com/in/abhishek-veeramalla-77b33996/
GitHub: https://github.com/iam-veeramalla
Medium: https://abhishekveeramalla-av.medium.com/

#devops #futureofdevops #kubernetes #sre #aws #azure 
DEVOPS FAQ
DEVOPS
WHAT IS DEVOPS ?
WHY DEVOPS ?
HOW TO LEARN DEVOPS ?
LEARN DEVOPS IN 60 DAYS ?
NON IT TO IT BACKGROUND ?
IS DEVOPS EASY TO LEARN ?
BEST DEVOPS COURSE
FREE DEVOPS COURSE
#AbhishekVeeramalla
BEST DEVOPS VIDEOS 
DEVOPS INTERVIEW QUESTIONS
EASY DEVOPS VIDEOS
BEST WAY TO LEARN DEVOPS
PYTHON FOR DEVOPS
PYTHON PROJECTS FOR DEVOPS
LEARN PYTHON 
PYTHON PROJECTS FOR AWS
AWS PYTHON PROJECTS
AWS LAMBDA FUNCTIONS
WHAT IS GITOPS ?
WHY GITOPS ?
LEARN GITOPS ?
GITOPS FREE COURSE
What is AWS ?
LEARN AWS FOR FREE 
AWS COURSE 
AWS COURSE FOR DEVOPS
AWS CLI Deep Dive .
.
Disclaimer: Unauthorized copying, reproduction, or distribution of this video content, in whole or in part, is strictly prohibited. Any attempt to upload, share, or use this content for commercial or non-commercial purposes without explicit permission from the owner will be subject to legal action. All rights reserved.",https://i.ytimg.com/vi/u4XngwbY-O0/sddefault.jpg,Abhishek.Veeramalla,196172,3658,210,3436,57.27,57:16,"57 Minutes, 16 Seconds",2023-07-20T16:02:49,https://www.youtube.com/watch?v=u4XngwbY-O0,"[#devops mock interview, #devops, #devops round table, #azure, #vmware, #openshift, #gcp, #openstack, #azure git, #bitbucket, #stash, #gitlab, #azure devops interview questions, #Real Time Python Project, #DevOps Python Project, #python videos, #what is devops, #why devops, #how to learn devops, #SRE, #What is SRE ?, #Devops vs SRE, #Devops to SRE, #SRE roadmap, #learn SRE, #Platform Engineering ?, #What is Platform Engineering ?, #Difference Between Platform Engineering and DevOps ?, #Future of Devops]","[#kubernetes, #futureofdevops, #sre, #AbhishekVeeramalla, #azure, #aws, #devops]",[],"[https://topmate.io/abhishek_veeramalla, https://www.udemy.com/course/ultimate-devops-project-with-resume-preparation/?referralCode=9F588E43854814744430, https://t.me/abhishekveeramalla, https://www.youtube.com/@AbhishekVeeramalla/join, https://abhishekveeramalla-av.medium.com/, https://github.com/iam-veeramalla/aws-devops-zero-to-hero/tree/main/day-16, https://www.buymeacoffee.com/abhishekprd, https://www.instagram.com/abhishekveeramalla_official/, https://www.udemy.com/course/ultimate-devops-project-with-resume-preparation/, https://www.udemy.com/course/ultimate-devops-and-cloud-interview-guide/, https://github.com/iam-veeramalla, https://www.linkedin.com/in/abhishek-veeramalla-77b33996/]"
Day-17 | AWS LAMBDA INTRODUCTION | HOW DEVOPS ENGINEERS USE SERVERLESS ARCHITECTURE ?| #aws #devops,"Join our 24*7 Career guidance channel:
www.youtube.com/abhishekveeramalla/join

End to End DevOps Project on Udemy
https://www.udemy.com/course/ultimate-devops-project-with-resume-preparation/

Ultimate DevOps Interview Guide
https://www.udemy.com/course/ultimate-devops-and-cloud-interview-guide/

---- 

Udemy Course (End to End DevOps Project)
https://www.udemy.com/course/ultimate-devops-project-with-resume-preparation/?referralCode=9F588E43854814744430

--- --- Support my work
https://www.buymeacoffee.com/abhishekprd Hi Everyone, My Name is Abhishek and my channel is focused on delivering Free content on DevOps and Cloud. Follow my channel for practical learning of DevOps and Cloud. Don't miss the FREE DEVOPS COURSE in Playlists.

In this video, We will learn about serverless architecture on AWS and how devops engineers use Lambda functions to implement serverless solutions.

Private Telegram Channel For Doubts Clearing
https://www.youtube.com/@AbhishekVeeramalla/join

Instagram: https://www.instagram.com/abhishekveeramalla_official/

GitHub Repo for this video
https://github.com/iam-veeramalla/aws-devops-zero-to-hero/tree/main/day-17

Book 1:1 with me on TopMate for career guidance
https://topmate.io/abhishek_veeramalla

Public Telegram Channel For Notes and Updates
https://t.me/abhishekveeramalla

About me:
========
LinkedIn: https://www.linkedin.com/in/abhishek-veeramalla-77b33996/
GitHub: https://github.com/iam-veeramalla
Medium: https://abhishekveeramalla-av.medium.com/

#devops #futureofdevops #kubernetes #sre #aws #azure 
DEVOPS FAQ
DEVOPS
WHAT IS DEVOPS ?
WHY DEVOPS ?
HOW TO LEARN DEVOPS ?
LEARN DEVOPS IN 60 DAYS ?
NON IT TO IT BACKGROUND ?
IS DEVOPS EASY TO LEARN ?
BEST DEVOPS COURSE
FREE DEVOPS COURSE
#AbhishekVeeramalla
BEST DEVOPS VIDEOS 
DEVOPS INTERVIEW QUESTIONS
EASY DEVOPS VIDEOS
BEST WAY TO LEARN DEVOPS
PYTHON FOR DEVOPS
PYTHON PROJECTS FOR DEVOPS
LEARN PYTHON 
PYTHON PROJECTS FOR AWS
AWS PYTHON PROJECTS
AWS LAMBDA FUNCTIONS
WHAT IS GITOPS ?
WHY GITOPS ?
LEARN GITOPS ?
GITOPS FREE COURSE
What is AWS ?
LEARN AWS FOR FREE 
AWS COURSE 
AWS COURSE FOR DEVOPS
AWS CLI Deep Dive .
.
Disclaimer: Unauthorized copying, reproduction, or distribution of this video content, in whole or in part, is strictly prohibited. Any attempt to upload, share, or use this content for commercial or non-commercial purposes without explicit permission from the owner will be subject to legal action. All rights reserved.",https://i.ytimg.com/vi/5fTtmeCpSRw/sddefault.jpg,Abhishek.Veeramalla,187769,3079,160,2113,35.22,35:13,"35 Minutes, 13 Seconds",2023-07-21T15:30:02,https://www.youtube.com/watch?v=5fTtmeCpSRw,"[#devops mock interview, #devops, #devops round table, #azure, #vmware, #openshift, #gcp, #openstack, #azure git, #bitbucket, #stash, #gitlab, #azure devops interview questions, #Real Time Python Project, #DevOps Python Project, #python videos, #what is devops, #why devops, #how to learn devops, #SRE, #What is SRE ?, #Devops vs SRE, #Devops to SRE, #SRE roadmap, #learn SRE, #Platform Engineering ?, #What is Platform Engineering ?, #Difference Between Platform Engineering and DevOps ?, #Future of Devops]","[#kubernetes, #futureofdevops, #sre, #AbhishekVeeramalla, #azure, #aws, #devops]",[],"[https://github.com/iam-veeramalla/aws-devops-zero-to-hero/tree/main/day-17, https://topmate.io/abhishek_veeramalla, https://www.udemy.com/course/ultimate-devops-project-with-resume-preparation/?referralCode=9F588E43854814744430, https://t.me/abhishekveeramalla, https://www.youtube.com/@AbhishekVeeramalla/join, https://abhishekveeramalla-av.medium.com/, https://www.buymeacoffee.com/abhishekprd, https://www.instagram.com/abhishekveeramalla_official/, https://www.udemy.com/course/ultimate-devops-project-with-resume-preparation/, https://www.udemy.com/course/ultimate-devops-and-cloud-interview-guide/, https://github.com/iam-veeramalla, https://www.linkedin.com/in/abhishek-veeramalla-77b33996/]"
Day-18 | AWS Cost Optimization | Most Popular Cloud and DevOps project| Event Driven Serverless #aws,"Join our 24*7 Career guidance channel:
www.youtube.com/abhishekveeramalla/join

End to End DevOps Project on Udemy
https://www.udemy.com/course/ultimate-devops-project-with-resume-preparation/

Ultimate DevOps Interview Guide
https://www.udemy.com/course/ultimate-devops-and-cloud-interview-guide/

---- 

Udemy Course (End to End DevOps Project)
https://www.udemy.com/course/ultimate-devops-project-with-resume-preparation/?referralCode=9F588E43854814744430

--- --- Support my work
https://www.buymeacoffee.com/abhishekprd Hi Everyone, My Name is Abhishek and my channel is focused on delivering Free content on DevOps and Cloud. Follow my channel for practical learning of DevOps and Cloud. Don't miss the FREE DEVOPS COURSE in Playlists.

In this video, We will learn how to implement the cost optimization project on AWS using lambda functions and event driven serverless architecture.

Private Telegram Channel For Doubts Clearing
https://www.youtube.com/@AbhishekVeeramalla/join

Instagram: https://www.instagram.com/abhishekveeramalla_official/

GitHub Repo for this video
https://github.com/iam-veeramalla/aws-devops-zero-to-hero/tree/main/day-18

Book 1:1 with me on TopMate for career guidance
https://topmate.io/abhishek_veeramalla

Public Telegram Channel For Notes and Updates
https://t.me/abhishekveeramalla

About me:
========
LinkedIn: https://www.linkedin.com/in/abhishek-veeramalla-77b33996/
GitHub: https://github.com/iam-veeramalla
Medium: https://abhishekveeramalla-av.medium.com/

#devops #futureofdevops #kubernetes #sre #aws #azure 
DEVOPS FAQ
DEVOPS
WHAT IS DEVOPS ?
WHY DEVOPS ?
HOW TO LEARN DEVOPS ?
LEARN DEVOPS IN 60 DAYS ?
NON IT TO IT BACKGROUND ?
IS DEVOPS EASY TO LEARN ?
BEST DEVOPS COURSE
FREE DEVOPS COURSE
#AbhishekVeeramalla
BEST DEVOPS VIDEOS 
DEVOPS INTERVIEW QUESTIONS
EASY DEVOPS VIDEOS
BEST WAY TO LEARN DEVOPS
PYTHON FOR DEVOPS
PYTHON PROJECTS FOR DEVOPS
LEARN PYTHON 
PYTHON PROJECTS FOR AWS
AWS PYTHON PROJECTS
AWS LAMBDA FUNCTIONS
WHAT IS GITOPS ?
WHY GITOPS ?
LEARN GITOPS ?
GITOPS FREE COURSE
What is AWS ?
LEARN AWS FOR FREE 
AWS COURSE 
AWS COURSE FOR DEVOPS
AWS CLI Deep Dive .
.
Disclaimer: Unauthorized copying, reproduction, or distribution of this video content, in whole or in part, is strictly prohibited. Any attempt to upload, share, or use this content for commercial or non-commercial purposes without explicit permission from the owner will be subject to legal action. All rights reserved.",https://i.ytimg.com/vi/OKYJCHHSWb4/maxresdefault.jpg,Abhishek.Veeramalla,164635,3393,249,2686,44.77,44:46,"44 Minutes, 46 Seconds",2023-07-25T17:46:12,https://www.youtube.com/watch?v=OKYJCHHSWb4,"[#devops mock interview, #devops, #devops round table, #azure, #vmware, #openshift, #gcp, #openstack, #azure git, #bitbucket, #stash, #gitlab, #azure devops interview questions, #Real Time Python Project, #DevOps Python Project, #python videos, #what is devops, #why devops, #how to learn devops, #SRE, #What is SRE ?, #Devops vs SRE, #Devops to SRE, #SRE roadmap, #learn SRE, #Platform Engineering ?, #What is Platform Engineering ?, #Difference Between Platform Engineering and DevOps ?, #Future of Devops]","[#kubernetes, #futureofdevops, #sre, #AbhishekVeeramalla, #azure, #aws, #devops]",[],"[https://topmate.io/abhishek_veeramalla, https://github.com/iam-veeramalla/aws-devops-zero-to-hero/tree/main/day-18, https://www.udemy.com/course/ultimate-devops-project-with-resume-preparation/?referralCode=9F588E43854814744430, https://t.me/abhishekveeramalla, https://www.youtube.com/@AbhishekVeeramalla/join, https://abhishekveeramalla-av.medium.com/, https://www.buymeacoffee.com/abhishekprd, https://www.instagram.com/abhishekveeramalla_official/, https://www.udemy.com/course/ultimate-devops-project-with-resume-preparation/, https://www.udemy.com/course/ultimate-devops-and-cloud-interview-guide/, https://github.com/iam-veeramalla, https://www.linkedin.com/in/abhishek-veeramalla-77b33996/]"
Day-19 | AWS CLOUD FRONT | Ft: Piyush | Content Delivery Network | #aws #devops #abhishekveeramalla,"Join our 24*7 Career guidance channel:
www.youtube.com/abhishekveeramalla/join

End to End DevOps Project on Udemy
https://www.udemy.com/course/ultimate-devops-project-with-resume-preparation/

Ultimate DevOps Interview Guide
https://www.udemy.com/course/ultimate-devops-and-cloud-interview-guide/

---- 

Udemy Course (End to End DevOps Project)
https://www.udemy.com/course/ultimate-devops-project-with-resume-preparation/?referralCode=9F588E43854814744430

--- --- Support my work
https://www.buymeacoffee.com/abhishekprd Hi Everyone, My Name is Abhishek and my channel is focused on delivering Free content on DevOps and Cloud. Follow my channel for practical learning of DevOps and Cloud. Don't miss the FREE DEVOPS COURSE in Playlists.

In this video, We will learn how to implement the CDN using AWS Cloud Front. We have a special guest for today - Piyush Sachdeva who is a multi cloud expert.

Instagram: https://www.instagram.com/abhishekveeramalla_official/

Piyush's Channel - https://youtube.com/@TechTutorialswithPiyush

Private Telegram Channel For Doubts Clearing
https://www.youtube.com/@AbhishekVeeramalla/join

GitHub Repo for this video
https://github.com/iam-veeramalla/aws-devops-zero-to-hero/tree/main/day-19

Book 1:1 with me on TopMate for career guidance
https://topmate.io/abhishek_veeramalla

Public Telegram Channel For Notes and Updates
https://t.me/abhishekveeramalla

About me:
========
LinkedIn: https://www.linkedin.com/in/abhishek-veeramalla-77b33996/
GitHub: https://github.com/iam-veeramalla
Medium: https://abhishekveeramalla-av.medium.com/

#devops #futureofdevops #kubernetes #sre #aws #azure 
DEVOPS FAQ
DEVOPS
WHAT IS DEVOPS ?
WHY DEVOPS ?
HOW TO LEARN DEVOPS ?
LEARN DEVOPS IN 60 DAYS ?
NON IT TO IT BACKGROUND ?
IS DEVOPS EASY TO LEARN ?
BEST DEVOPS COURSE
FREE DEVOPS COURSE
#AbhishekVeeramalla
BEST DEVOPS VIDEOS 
DEVOPS INTERVIEW QUESTIONS
EASY DEVOPS VIDEOS
BEST WAY TO LEARN DEVOPS
PYTHON FOR DEVOPS
PYTHON PROJECTS FOR DEVOPS
LEARN PYTHON 
PYTHON PROJECTS FOR AWS
AWS PYTHON PROJECTS
AWS LAMBDA FUNCTIONS
WHAT IS GITOPS ?
WHY GITOPS ?
LEARN GITOPS ?
GITOPS FREE COURSE
What is AWS ?
LEARN AWS FOR FREE 
AWS COURSE 
AWS COURSE FOR DEVOPS
AWS CLI Deep Dive .
.
Disclaimer: Unauthorized copying, reproduction, or distribution of this video content, in whole or in part, is strictly prohibited. Any attempt to upload, share, or use this content for commercial or non-commercial purposes without explicit permission from the owner will be subject to legal action. All rights reserved.",https://i.ytimg.com/vi/yhieOhvHz6Q/maxresdefault.jpg,Abhishek.Veeramalla,111765,2442,212,2282,38.03,38:02,"38 Minutes, 2 Seconds",2023-07-26T16:09:34,https://www.youtube.com/watch?v=yhieOhvHz6Q,"[#devops mock interview, #devops, #devops round table, #azure, #vmware, #openshift, #gcp, #openstack, #azure git, #bitbucket, #stash, #gitlab, #azure devops interview questions, #Real Time Python Project, #DevOps Python Project, #python videos, #what is devops, #why devops, #how to learn devops, #SRE, #What is SRE ?, #Devops vs SRE, #Devops to SRE, #SRE roadmap, #learn SRE, #Platform Engineering ?, #What is Platform Engineering ?, #Difference Between Platform Engineering and DevOps ?, #Future of Devops]","[#kubernetes, #futureofdevops, #sre, #AbhishekVeeramalla, #azure, #aws, #devops]",[],"[https://topmate.io/abhishek_veeramalla, https://www.udemy.com/course/ultimate-devops-project-with-resume-preparation/?referralCode=9F588E43854814744430, https://t.me/abhishekveeramalla, https://www.linkedin.com/in/abhishek-veeramalla-77b33996/, https://www.youtube.com/@AbhishekVeeramalla/join, https://abhishekveeramalla-av.medium.com/, https://www.buymeacoffee.com/abhishekprd, https://www.instagram.com/abhishekveeramalla_official/, https://www.udemy.com/course/ultimate-devops-project-with-resume-preparation/, https://www.udemy.com/course/ultimate-devops-and-cloud-interview-guide/, https://youtube.com/@TechTutorialswithPiyush, https://github.com/iam-veeramalla, https://github.com/iam-veeramalla/aws-devops-zero-to-hero/tree/main/day-19]"
Day-20 | AWS ECR | ECR vs DockerHub | Free AWS job ready course | #aws #devops #abhishekveeramalla,"Join our 24*7 Career guidance channel:
www.youtube.com/abhishekveeramalla/join

End to End DevOps Project on Udemy
https://www.udemy.com/course/ultimate-devops-project-with-resume-preparation/

Ultimate DevOps Interview Guide
https://www.udemy.com/course/ultimate-devops-and-cloud-interview-guide/

---- 

Udemy Course (End to End DevOps Project)
https://www.udemy.com/course/ultimate-devops-project-with-resume-preparation/?referralCode=9F588E43854814744430

--- --- Support my work
https://www.buymeacoffee.com/abhishekprd Hi Everyone, My Name is Abhishek and my channel is focused on delivering Free content on DevOps and Cloud. Follow my channel for practical learning of DevOps and Cloud. Don't miss the FREE DEVOPS COURSE in Playlists.

In this video, Day 20 of Free AWS job ready course, we will learn about AWS ECR. 

Private Telegram Channel For Doubts Clearing
https://www.youtube.com/@AbhishekVeeramalla/join

Instagram: https://www.instagram.com/abhishekveeramalla_official/

GitHub Repo for this video
https://github.com/iam-veeramalla/aws-devops-zero-to-hero/tree/main/day-20

Book 1:1 with me on TopMate for career guidance
https://topmate.io/abhishek_veeramalla

Public Telegram Channel For Notes and Updates
https://t.me/abhishekveeramalla

About me:
========
LinkedIn: https://www.linkedin.com/in/abhishek-veeramalla-77b33996/
GitHub: https://github.com/iam-veeramalla
Medium: https://abhishekveeramalla-av.medium.com/

#devops #futureofdevops #kubernetes #sre #aws #azure 
DEVOPS FAQ
DEVOPS
WHAT IS DEVOPS ?
WHY DEVOPS ?
HOW TO LEARN DEVOPS ?
LEARN DEVOPS IN 60 DAYS ?
NON IT TO IT BACKGROUND ?
IS DEVOPS EASY TO LEARN ?
BEST DEVOPS COURSE
FREE DEVOPS COURSE
#AbhishekVeeramalla
BEST DEVOPS VIDEOS 
DEVOPS INTERVIEW QUESTIONS
EASY DEVOPS VIDEOS
BEST WAY TO LEARN DEVOPS
PYTHON FOR DEVOPS
PYTHON PROJECTS FOR DEVOPS
LEARN PYTHON 
PYTHON PROJECTS FOR AWS
AWS PYTHON PROJECTS
AWS LAMBDA FUNCTIONS
WHAT IS GITOPS ?
WHY GITOPS ?
LEARN GITOPS ?
GITOPS FREE COURSE
What is AWS ?
LEARN AWS FOR FREE 
AWS COURSE 
AWS COURSE FOR DEVOPS
AWS CLI Deep Dive .
.
Disclaimer: Unauthorized copying, reproduction, or distribution of this video content, in whole or in part, is strictly prohibited. Any attempt to upload, share, or use this content for commercial or non-commercial purposes without explicit permission from the owner will be subject to legal action. All rights reserved.",https://i.ytimg.com/vi/-8_r28jJ6AM/maxresdefault.jpg,Abhishek.Veeramalla,89051,1433,132,1767,29.45,29:27,"29 Minutes, 27 Seconds",2023-07-31T15:33:10,https://www.youtube.com/watch?v=-8_r28jJ6AM,"[#devops mock interview, #devops, #devops round table, #azure, #vmware, #openshift, #gcp, #openstack, #azure git, #bitbucket, #stash, #gitlab, #azure devops interview questions, #Real Time Python Project, #DevOps Python Project, #python videos, #what is devops, #why devops, #how to learn devops, #SRE, #What is SRE ?, #Devops vs SRE, #Devops to SRE, #SRE roadmap, #learn SRE, #Platform Engineering ?, #What is Platform Engineering ?, #Difference Between Platform Engineering and DevOps ?, #Future of Devops]","[#kubernetes, #futureofdevops, #sre, #AbhishekVeeramalla, #azure, #aws, #devops]",[],"[https://topmate.io/abhishek_veeramalla, https://github.com/iam-veeramalla/aws-devops-zero-to-hero/tree/main/day-20, https://www.udemy.com/course/ultimate-devops-project-with-resume-preparation/?referralCode=9F588E43854814744430, https://t.me/abhishekveeramalla, https://www.youtube.com/@AbhishekVeeramalla/join, https://abhishekveeramalla-av.medium.com/, https://www.buymeacoffee.com/abhishekprd, https://www.instagram.com/abhishekveeramalla_official/, https://www.udemy.com/course/ultimate-devops-project-with-resume-preparation/, https://www.udemy.com/course/ultimate-devops-and-cloud-interview-guide/, https://github.com/iam-veeramalla, https://www.linkedin.com/in/abhishek-veeramalla-77b33996/]"
Day-21 | AWS ECS | ECS vs EKS vs Kubernetes | Free AWS job ready course| #devops #abhishekveeramalla,"Join our 24*7 Career guidance channel:
www.youtube.com/abhishekveeramalla/join

End to End DevOps Project on Udemy
https://www.udemy.com/course/ultimate-devops-project-with-resume-preparation/

Ultimate DevOps Interview Guide
https://www.udemy.com/course/ultimate-devops-and-cloud-interview-guide/

---- 

Udemy Course (End to End DevOps Project)
https://www.udemy.com/course/ultimate-devops-project-with-resume-preparation/?referralCode=9F588E43854814744430

--- --- Support my work
https://www.buymeacoffee.com/abhishekprd Hi Everyone, My Name is Abhishek and my channel is focused on delivering Free content on DevOps and Cloud. Follow my channel for practical learning of DevOps and Cloud. Don't miss the FREE DEVOPS COURSE in Playlists.

In this video, Day 21 of Free AWS job ready course, we will learn about AWS ECS. 

Instagram: https://www.instagram.com/abhishekveeramalla_official/

Introduction to containers
https://youtu.be/7JZP345yVjw

Introduction to kubernetes
https://youtu.be/dfxrdoEQe00

Private Telegram Channel For Doubts Clearing
https://www.youtube.com/@AbhishekVeeramalla/join

GitHub Repo for this video
https://github.com/iam-veeramalla/aws-devops-zero-to-hero/tree/main/day-21

Book 1:1 with me on TopMate for career guidance
https://topmate.io/abhishek_veeramalla

Public Telegram Channel For Notes and Updates
https://t.me/abhishekveeramalla

About me:
========
LinkedIn: https://www.linkedin.com/in/abhishek-veeramalla-77b33996/
GitHub: https://github.com/iam-veeramalla
Medium: https://abhishekveeramalla-av.medium.com/

#devops #futureofdevops #kubernetes #sre #aws #azure 
DEVOPS FAQ
DEVOPS
WHAT IS DEVOPS ?
WHY DEVOPS ?
HOW TO LEARN DEVOPS ?
LEARN DEVOPS IN 60 DAYS ?
NON IT TO IT BACKGROUND ?
IS DEVOPS EASY TO LEARN ?
BEST DEVOPS COURSE
FREE DEVOPS COURSE
#AbhishekVeeramalla
BEST DEVOPS VIDEOS 
DEVOPS INTERVIEW QUESTIONS
EASY DEVOPS VIDEOS
BEST WAY TO LEARN DEVOPS
PYTHON FOR DEVOPS
PYTHON PROJECTS FOR DEVOPS
LEARN PYTHON 
PYTHON PROJECTS FOR AWS
AWS PYTHON PROJECTS
AWS LAMBDA FUNCTIONS
WHAT IS GITOPS ?
WHY GITOPS ?
LEARN GITOPS ?
GITOPS FREE COURSE
What is AWS ?
LEARN AWS FOR FREE 
AWS COURSE 
AWS COURSE FOR DEVOPS
AWS CLI Deep Dive .
.
Disclaimer: Unauthorized copying, reproduction, or distribution of this video content, in whole or in part, is strictly prohibited. Any attempt to upload, share, or use this content for commercial or non-commercial purposes without explicit permission from the owner will be subject to legal action. All rights reserved.",https://i.ytimg.com/vi/nnIFkEOzNp4/maxresdefault.jpg,Abhishek.Veeramalla,139373,1999,153,3308,55.13,55:08,"55 Minutes, 8 Seconds",2023-08-01T16:22:49,https://www.youtube.com/watch?v=nnIFkEOzNp4,"[#devops mock interview, #devops, #devops round table, #azure, #vmware, #openshift, #gcp, #openstack, #azure git, #bitbucket, #stash, #gitlab, #azure devops interview questions, #Real Time Python Project, #DevOps Python Project, #python videos, #what is devops, #why devops, #how to learn devops, #SRE, #What is SRE ?, #Devops vs SRE, #Devops to SRE, #SRE roadmap, #learn SRE, #Platform Engineering ?, #What is Platform Engineering ?, #Difference Between Platform Engineering and DevOps ?, #Future of Devops]","[#kubernetes, #futureofdevops, #sre, #AbhishekVeeramalla, #azure, #aws, #devops]",[],"[https://topmate.io/abhishek_veeramalla, https://www.udemy.com/course/ultimate-devops-project-with-resume-preparation/?referralCode=9F588E43854814744430, https://youtu.be/7JZP345yVjw, https://t.me/abhishekveeramalla, https://www.youtube.com/@AbhishekVeeramalla/join, https://www.linkedin.com/in/abhishek-veeramalla-77b33996/, https://abhishekveeramalla-av.medium.com/, https://www.buymeacoffee.com/abhishekprd, https://www.instagram.com/abhishekveeramalla_official/, https://www.udemy.com/course/ultimate-devops-project-with-resume-preparation/, https://www.udemy.com/course/ultimate-devops-and-cloud-interview-guide/, https://github.com/iam-veeramalla, https://github.com/iam-veeramalla/aws-devops-zero-to-hero/tree/main/day-21, https://youtu.be/dfxrdoEQe00]"
Day-23 | Secret Management on AWS | Most asked Interview question | #aws #abhishekveeramalla,"Join our 24*7 Career guidance channel:
www.youtube.com/abhishekveeramalla/join

End to End DevOps Project on Udemy
https://www.udemy.com/course/ultimate-devops-project-with-resume-preparation/

Ultimate DevOps Interview Guide
https://www.udemy.com/course/ultimate-devops-and-cloud-interview-guide/

---- 

Udemy Course (End to End DevOps Project)
https://www.udemy.com/course/ultimate-devops-project-with-resume-preparation/?referralCode=9F588E43854814744430

--- --- Support my work
https://www.buymeacoffee.com/abhishekprd Hi Everyone, My Name is Abhishek and my channel is focused on delivering Free content on DevOps and Cloud. Follow my channel for practical learning of DevOps and Cloud. Don't miss the FREE DEVOPS COURSE in Playlists.

In this video, Day 23 of Free AWS job ready course, we will learn about AWS Secrets Management Techniques 

Private Telegram Channel For Doubts Clearing
https://www.youtube.com/@AbhishekVeeramalla/join

Instagram: https://www.instagram.com/abhishekveeramalla_official/

GitHub Repo 
https://github.com/iam-veeramalla/aws-devops-zero-to-hero

Book 1:1 with me on TopMate for career guidance
https://topmate.io/abhishek_veeramalla

Public Telegram Channel For Notes and Updates
https://t.me/abhishekveeramalla

About me:
========
LinkedIn: https://www.linkedin.com/in/abhishek-veeramalla-77b33996/
GitHub: https://github.com/iam-veeramalla
Medium: https://abhishekveeramalla-av.medium.com/

#devops #futureofdevops #kubernetes #sre #aws #azure 
DEVOPS FAQ
DEVOPS
WHAT IS DEVOPS ?
WHY DEVOPS ?
HOW TO LEARN DEVOPS ?
LEARN DEVOPS IN 60 DAYS ?
NON IT TO IT BACKGROUND ?
IS DEVOPS EASY TO LEARN ?
BEST DEVOPS COURSE
FREE DEVOPS COURSE
#AbhishekVeeramalla
BEST DEVOPS VIDEOS 
DEVOPS INTERVIEW QUESTIONS
EASY DEVOPS VIDEOS
BEST WAY TO LEARN DEVOPS
PYTHON FOR DEVOPS
PYTHON PROJECTS FOR DEVOPS
LEARN PYTHON 
PYTHON PROJECTS FOR AWS
AWS PYTHON PROJECTS
AWS LAMBDA FUNCTIONS
WHAT IS GITOPS ?
WHY GITOPS ?
LEARN GITOPS ?
GITOPS FREE COURSE
What is AWS ?
LEARN AWS FOR FREE 
AWS COURSE 
AWS COURSE FOR DEVOPS
AWS CLI Deep Dive .
.
Disclaimer: Unauthorized copying, reproduction, or distribution of this video content, in whole or in part, is strictly prohibited. Any attempt to upload, share, or use this content for commercial or non-commercial purposes without explicit permission from the owner will be subject to legal action. All rights reserved.",https://i.ytimg.com/vi/FllcHYsBm78/maxresdefault.jpg,Abhishek.Veeramalla,83959,1708,105,1035,17.25,17:15,"17 Minutes, 15 Seconds",2023-08-07T17:43:29,https://www.youtube.com/watch?v=FllcHYsBm78,"[#devops mock interview, #devops, #devops round table, #azure, #vmware, #openshift, #gcp, #openstack, #azure git, #bitbucket, #stash, #gitlab, #azure devops interview questions, #Real Time Python Project, #DevOps Python Project, #python videos, #what is devops, #why devops, #how to learn devops, #SRE, #What is SRE ?, #Devops vs SRE, #Devops to SRE, #SRE roadmap, #learn SRE, #Platform Engineering ?, #What is Platform Engineering ?, #Difference Between Platform Engineering and DevOps ?, #Future of Devops]","[#kubernetes, #futureofdevops, #sre, #AbhishekVeeramalla, #azure, #aws, #devops]",[],"[https://topmate.io/abhishek_veeramalla, https://github.com/iam-veeramalla/aws-devops-zero-to-hero, https://www.udemy.com/course/ultimate-devops-project-with-resume-preparation/?referralCode=9F588E43854814744430, https://t.me/abhishekveeramalla, https://www.youtube.com/@AbhishekVeeramalla/join, https://abhishekveeramalla-av.medium.com/, https://www.buymeacoffee.com/abhishekprd, https://www.instagram.com/abhishekveeramalla_official/, https://www.udemy.com/course/ultimate-devops-project-with-resume-preparation/, https://www.udemy.com/course/ultimate-devops-and-cloud-interview-guide/, https://github.com/iam-veeramalla, https://www.linkedin.com/in/abhishek-veeramalla-77b33996/]"
Day-24 | TERRAFORM WITH AWS PROJECT  | @cloudchamp  | AWS REAL TIME PROJECT #aws,"Join our 24*7 Career guidance channel:
www.youtube.com/abhishekveeramalla/join

End to End DevOps Project on Udemy
https://www.udemy.com/course/ultimate-devops-project-with-resume-preparation/

Ultimate DevOps Interview Guide
https://www.udemy.com/course/ultimate-devops-and-cloud-interview-guide/

---- 

Udemy Course (End to End DevOps Project)
https://www.udemy.com/course/ultimate-devops-project-with-resume-preparation/?referralCode=9F588E43854814744430

--- --- Support my work
https://www.buymeacoffee.com/abhishekprd Hi Everyone, My Name is Abhishek and my channel is focused on delivering Free content on DevOps and Cloud. Follow my channel for practical learning of DevOps and Cloud. Don't miss the FREE DEVOPS COURSE in Playlists.

In this video, Day 24 of Free AWS job ready course, we will learn how to use Terraform to automate infrastructure on AWS. We will deploy a real time use-case with Terraform in this video.

Private Telegram Channel For Doubts Clearing
https://www.youtube.com/@AbhishekVeeramalla/join

Instagram: https://www.instagram.com/abhishekveeramalla_official/

GitHub Repo 
https://github.com/iam-veeramalla/aws-devops-zero-to-hero/tree/main/day-24

Book 1:1 with me on TopMate for career guidance
https://topmate.io/abhishek_veeramalla

Public Telegram Channel For Notes and Updates
https://t.me/abhishekveeramalla

About me:
========
LinkedIn: https://www.linkedin.com/in/abhishek-veeramalla-77b33996/
GitHub: https://github.com/iam-veeramalla
Medium: https://abhishekveeramalla-av.medium.com/

#devops #futureofdevops #kubernetes #sre #aws #azure 
DEVOPS FAQ
DEVOPS
WHAT IS DEVOPS ?
WHY DEVOPS ?
HOW TO LEARN DEVOPS ?
LEARN DEVOPS IN 60 DAYS ?
NON IT TO IT BACKGROUND ?
IS DEVOPS EASY TO LEARN ?
BEST DEVOPS COURSE
FREE DEVOPS COURSE
#AbhishekVeeramalla
BEST DEVOPS VIDEOS 
DEVOPS INTERVIEW QUESTIONS
EASY DEVOPS VIDEOS
BEST WAY TO LEARN DEVOPS
PYTHON FOR DEVOPS
PYTHON PROJECTS FOR DEVOPS
LEARN PYTHON 
PYTHON PROJECTS FOR AWS
AWS PYTHON PROJECTS
AWS LAMBDA FUNCTIONS
WHAT IS GITOPS ?
WHY GITOPS ?
LEARN GITOPS ?
GITOPS FREE COURSE
What is AWS ?
LEARN AWS FOR FREE 
AWS COURSE 
AWS COURSE FOR DEVOPS
AWS CLI Deep Dive .
.
Disclaimer: Unauthorized copying, reproduction, or distribution of this video content, in whole or in part, is strictly prohibited. Any attempt to upload, share, or use this content for commercial or non-commercial purposes without explicit permission from the owner will be subject to legal action. All rights reserved.",https://i.ytimg.com/vi/Koabqyopqns/sddefault.jpg,Abhishek.Veeramalla,158211,2622,304,5243,87.38,1:27:23,"1 Hours, 27 Minutes, 23 Seconds",2023-08-08T15:30:04,https://www.youtube.com/watch?v=Koabqyopqns,"[#devops mock interview, #devops, #devops round table, #azure, #vmware, #openshift, #gcp, #openstack, #azure git, #bitbucket, #stash, #gitlab, #azure devops interview questions, #Real Time Python Project, #DevOps Python Project, #python videos, #what is devops, #why devops, #how to learn devops, #SRE, #What is SRE ?, #Devops vs SRE, #Devops to SRE, #SRE roadmap, #learn SRE, #Platform Engineering ?, #What is Platform Engineering ?, #Difference Between Platform Engineering and DevOps ?, #Future of Devops]","[#kubernetes, #futureofdevops, #sre, #AbhishekVeeramalla, #azure, #aws, #devops]",[],"[https://topmate.io/abhishek_veeramalla, https://www.udemy.com/course/ultimate-devops-project-with-resume-preparation/?referralCode=9F588E43854814744430, https://t.me/abhishekveeramalla, https://www.youtube.com/@AbhishekVeeramalla/join, https://abhishekveeramalla-av.medium.com/, https://www.buymeacoffee.com/abhishekprd, https://github.com/iam-veeramalla/aws-devops-zero-to-hero/tree/main/day-24, https://www.instagram.com/abhishekveeramalla_official/, https://www.udemy.com/course/ultimate-devops-project-with-resume-preparation/, https://www.udemy.com/course/ultimate-devops-and-cloud-interview-guide/, https://github.com/iam-veeramalla, https://www.linkedin.com/in/abhishek-veeramalla-77b33996/]"
Day-25 | AWS Config | Identify Compliant and Non Compliant AWS resources   |#aws #abhishekveeramalla,"Join our 24*7 Career guidance channel:
www.youtube.com/abhishekveeramalla/join

End to End DevOps Project on Udemy
https://www.udemy.com/course/ultimate-devops-project-with-resume-preparation/

Ultimate DevOps Interview Guide
https://www.udemy.com/course/ultimate-devops-and-cloud-interview-guide/

---- 

Udemy Course (End to End DevOps Project)
https://www.udemy.com/course/ultimate-devops-project-with-resume-preparation/?referralCode=9F588E43854814744430

--- --- Support my work
https://www.buymeacoffee.com/abhishekprd Hi Everyone, My Name is Abhishek and my channel is focused on delivering Free content on DevOps and Cloud. Follow my channel for practical learning of DevOps and Cloud. Don't miss the FREE DEVOPS COURSE in Playlists.

In this video, Day 25 of Free AWS job ready course, we will learn how to use AWS Config to identify the compliant and non-compliant AWS resources in your organization. 

Private Telegram Channel For Doubts Clearing
https://www.youtube.com/@AbhishekVeeramalla/join

Instagram: https://www.instagram.com/abhishekveeramalla_official/

GitHub Repo 
https://github.com/iam-veeramalla/aws-devops-zero-to-hero/tree/main/day-25

Book 1:1 with me on TopMate for career guidance
https://topmate.io/abhishek_veeramalla

Public Telegram Channel For Notes and Updates
https://t.me/abhishekveeramalla

About me:
========
LinkedIn: https://www.linkedin.com/in/abhishek-veeramalla-77b33996/
GitHub: https://github.com/iam-veeramalla
Medium: https://abhishekveeramalla-av.medium.com/

#devops #futureofdevops #kubernetes #sre #aws #azure 
DEVOPS FAQ
DEVOPS
WHAT IS DEVOPS ?
WHY DEVOPS ?
HOW TO LEARN DEVOPS ?
LEARN DEVOPS IN 60 DAYS ?
NON IT TO IT BACKGROUND ?
IS DEVOPS EASY TO LEARN ?
BEST DEVOPS COURSE
FREE DEVOPS COURSE
#AbhishekVeeramalla
BEST DEVOPS VIDEOS 
DEVOPS INTERVIEW QUESTIONS
EASY DEVOPS VIDEOS
BEST WAY TO LEARN DEVOPS
PYTHON FOR DEVOPS
PYTHON PROJECTS FOR DEVOPS
LEARN PYTHON 
PYTHON PROJECTS FOR AWS
AWS PYTHON PROJECTS
AWS LAMBDA FUNCTIONS
WHAT IS GITOPS ?
WHY GITOPS ?
LEARN GITOPS ?
GITOPS FREE COURSE
What is AWS ?
LEARN AWS FOR FREE 
AWS COURSE 
AWS COURSE FOR DEVOPS
AWS CLI Deep Dive .
.
Disclaimer: Unauthorized copying, reproduction, or distribution of this video content, in whole or in part, is strictly prohibited. Any attempt to upload, share, or use this content for commercial or non-commercial purposes without explicit permission from the owner will be subject to legal action. All rights reserved.",https://i.ytimg.com/vi/ig1KxKgN8ls/sddefault.jpg,Abhishek.Veeramalla,56128,1020,121,1817,30.28,30:17,"30 Minutes, 17 Seconds",2023-08-10T16:48:32,https://www.youtube.com/watch?v=ig1KxKgN8ls,"[#devops mock interview, #devops, #devops round table, #azure, #vmware, #openshift, #gcp, #openstack, #azure git, #bitbucket, #stash, #gitlab, #azure devops interview questions, #Real Time Python Project, #DevOps Python Project, #python videos, #what is devops, #why devops, #how to learn devops, #SRE, #What is SRE ?, #Devops vs SRE, #Devops to SRE, #SRE roadmap, #learn SRE, #Platform Engineering ?, #What is Platform Engineering ?, #Difference Between Platform Engineering and DevOps ?, #Future of Devops]","[#kubernetes, #futureofdevops, #sre, #AbhishekVeeramalla, #azure, #aws, #devops]",[],"[https://topmate.io/abhishek_veeramalla, https://github.com/iam-veeramalla/aws-devops-zero-to-hero/tree/main/day-25, https://www.udemy.com/course/ultimate-devops-project-with-resume-preparation/?referralCode=9F588E43854814744430, https://t.me/abhishekveeramalla, https://www.youtube.com/@AbhishekVeeramalla/join, https://abhishekveeramalla-av.medium.com/, https://www.buymeacoffee.com/abhishekprd, https://www.instagram.com/abhishekveeramalla_official/, https://www.udemy.com/course/ultimate-devops-project-with-resume-preparation/, https://www.udemy.com/course/ultimate-devops-and-cloud-interview-guide/, https://github.com/iam-veeramalla, https://www.linkedin.com/in/abhishek-veeramalla-77b33996/]"
Day-26 | AWS Load Balancers | ALB vs NLB vs GWLB | Detailed Comparison | #aws #abhishekveeramalla,"Join our 24*7 Career guidance channel:
www.youtube.com/abhishekveeramalla/join

End to End DevOps Project on Udemy
https://www.udemy.com/course/ultimate-devops-project-with-resume-preparation/

Ultimate DevOps Interview Guide
https://www.udemy.com/course/ultimate-devops-and-cloud-interview-guide/

---- 

Udemy Course (End to End DevOps Project)
https://www.udemy.com/course/ultimate-devops-project-with-resume-preparation/?referralCode=9F588E43854814744430

--- --- Support my work
https://www.buymeacoffee.com/abhishekprd Hi Everyone, My Name is Abhishek and my channel is focused on delivering Free content on DevOps and Cloud. Follow my channel for practical learning of DevOps and Cloud. Don't miss the FREE DEVOPS COURSE in Playlists.

In this video, Day 26 of Free AWS job ready course, we will learn in depth about AWS Load Balancers

Private Telegram Channel For Doubts Clearing
https://www.youtube.com/@AbhishekVeeramalla/join

Instagram: https://www.instagram.com/abhishekveeramalla_official/

GitHub Repo 
https://github.com/iam-veeramalla/aws-devops-zero-to-hero/tree/main/day-25

Book 1:1 with me on TopMate for career guidance
https://topmate.io/abhishek_veeramalla

Public Telegram Channel For Notes and Updates
https://t.me/abhishekveeramalla

About me:
========
LinkedIn: https://www.linkedin.com/in/abhishek-veeramalla-77b33996/
GitHub: https://github.com/iam-veeramalla
Medium: https://abhishekveeramalla-av.medium.com/

#devops #futureofdevops #kubernetes #sre #aws #azure 
DEVOPS FAQ
DEVOPS
WHAT IS DEVOPS ?
WHY DEVOPS ?
HOW TO LEARN DEVOPS ?
LEARN DEVOPS IN 60 DAYS ?
NON IT TO IT BACKGROUND ?
IS DEVOPS EASY TO LEARN ?
BEST DEVOPS COURSE
FREE DEVOPS COURSE
#AbhishekVeeramalla
BEST DEVOPS VIDEOS 
DEVOPS INTERVIEW QUESTIONS
EASY DEVOPS VIDEOS
BEST WAY TO LEARN DEVOPS
PYTHON FOR DEVOPS
PYTHON PROJECTS FOR DEVOPS
LEARN PYTHON 
PYTHON PROJECTS FOR AWS
AWS PYTHON PROJECTS
AWS LAMBDA FUNCTIONS
WHAT IS GITOPS ?
WHY GITOPS ?
LEARN GITOPS ?
GITOPS FREE COURSE
What is AWS ?
LEARN AWS FOR FREE 
AWS COURSE 
AWS COURSE FOR DEVOPS
AWS CLI Deep Dive .
.
Disclaimer: Unauthorized copying, reproduction, or distribution of this video content, in whole or in part, is strictly prohibited. Any attempt to upload, share, or use this content for commercial or non-commercial purposes without explicit permission from the owner will be subject to legal action. All rights reserved.",https://i.ytimg.com/vi/bCS9m5RVPyo/sddefault.jpg,Abhishek.Veeramalla,119362,2197,219,1902,31.7,31:42,"31 Minutes, 42 Seconds",2023-08-11T14:50:17,https://www.youtube.com/watch?v=bCS9m5RVPyo,"[#devops mock interview, #devops, #devops round table, #azure, #vmware, #openshift, #gcp, #openstack, #azure git, #bitbucket, #stash, #gitlab, #azure devops interview questions, #Real Time Python Project, #DevOps Python Project, #python videos, #what is devops, #why devops, #how to learn devops, #SRE, #What is SRE ?, #Devops vs SRE, #Devops to SRE, #SRE roadmap, #learn SRE, #Platform Engineering ?, #What is Platform Engineering ?, #Difference Between Platform Engineering and DevOps ?, #Future of Devops]","[#kubernetes, #futureofdevops, #sre, #AbhishekVeeramalla, #azure, #aws, #devops]",[],"[https://topmate.io/abhishek_veeramalla, https://github.com/iam-veeramalla/aws-devops-zero-to-hero/tree/main/day-25, https://www.udemy.com/course/ultimate-devops-project-with-resume-preparation/?referralCode=9F588E43854814744430, https://t.me/abhishekveeramalla, https://www.youtube.com/@AbhishekVeeramalla/join, https://abhishekveeramalla-av.medium.com/, https://www.buymeacoffee.com/abhishekprd, https://www.instagram.com/abhishekveeramalla_official/, https://www.udemy.com/course/ultimate-devops-project-with-resume-preparation/, https://www.udemy.com/course/ultimate-devops-and-cloud-interview-guide/, https://github.com/iam-veeramalla, https://www.linkedin.com/in/abhishek-veeramalla-77b33996/]"
Day-28 | Migrating applications to AWS cloud | Complete project details |  #aws #abhishekveeramalla,"Join our 24*7 Career guidance channel:
www.youtube.com/abhishekveeramalla/join

End to End DevOps Project on Udemy
https://www.udemy.com/course/ultimate-devops-project-with-resume-preparation/

Ultimate DevOps Interview Guide
https://www.udemy.com/course/ultimate-devops-and-cloud-interview-guide/

---- 

Udemy Course (End to End DevOps Project)
https://www.udemy.com/course/ultimate-devops-project-with-resume-preparation/?referralCode=9F588E43854814744430

--- --- Support my work
https://www.buymeacoffee.com/abhishekprd Hi Everyone, My Name is Abhishek and my channel is focused on delivering Free content on DevOps and Cloud. Follow my channel for practical learning of DevOps and Cloud. Don't miss the FREE DEVOPS COURSE in Playlists.

In this video, Day 28 of Free AWS job ready course, we will learn in depth about the cloud migration process to the AWS platform. We will learn what are the steps involved in the cloud migration and what are the different phases of cloud migration.

Private Telegram Channel For Doubts Clearing
https://www.youtube.com/@AbhishekVeeramalla/join

Instagram: https://www.instagram.com/abhishekveeramalla_official/

Book 1:1 with me on TopMate for career guidance
https://topmate.io/abhishek_veeramalla

Public Telegram Channel For Notes and Updates
https://t.me/abhishekveeramalla

About me:
========
LinkedIn: https://www.linkedin.com/in/abhishek-veeramalla-77b33996/
GitHub: https://github.com/iam-veeramalla
Medium: https://abhishekveeramalla-av.medium.com/

#devops #futureofdevops #kubernetes #sre #aws #azure 
DEVOPS FAQ
DEVOPS
WHAT IS DEVOPS ?
WHY DEVOPS ?
HOW TO LEARN DEVOPS ?
LEARN DEVOPS IN 60 DAYS ?
NON IT TO IT BACKGROUND ?
IS DEVOPS EASY TO LEARN ?
BEST DEVOPS COURSE
FREE DEVOPS COURSE
#AbhishekVeeramalla
BEST DEVOPS VIDEOS 
DEVOPS INTERVIEW QUESTIONS
EASY DEVOPS VIDEOS
BEST WAY TO LEARN DEVOPS
PYTHON FOR DEVOPS
PYTHON PROJECTS FOR DEVOPS
LEARN PYTHON 
PYTHON PROJECTS FOR AWS
AWS PYTHON PROJECTS
AWS LAMBDA FUNCTIONS
WHAT IS GITOPS ?
WHY GITOPS ?
LEARN GITOPS ?
GITOPS FREE COURSE
What is AWS ?
LEARN AWS FOR FREE 
AWS COURSE 
AWS COURSE FOR DEVOPS
AWS CLI Deep Dive .
.
Disclaimer: Unauthorized copying, reproduction, or distribution of this video content, in whole or in part, is strictly prohibited. Any attempt to upload, share, or use this content for commercial or non-commercial purposes without explicit permission from the owner will be subject to legal action. All rights reserved.",https://i.ytimg.com/vi/cAXPA5lqkV4/maxresdefault.jpg,Abhishek.Veeramalla,129951,2492,183,2013,33.55,33:33,"33 Minutes, 33 Seconds",2023-08-16T16:25:39,https://www.youtube.com/watch?v=cAXPA5lqkV4,"[#devops mock interview, #devops, #devops round table, #azure, #vmware, #openshift, #gcp, #openstack, #azure git, #bitbucket, #stash, #gitlab, #azure devops interview questions, #Real Time Python Project, #DevOps Python Project, #python videos, #what is devops, #why devops, #how to learn devops, #SRE, #What is SRE ?, #Devops vs SRE, #Devops to SRE, #SRE roadmap, #learn SRE, #Platform Engineering ?, #What is Platform Engineering ?, #Difference Between Platform Engineering and DevOps ?, #Future of Devops]","[#kubernetes, #futureofdevops, #sre, #AbhishekVeeramalla, #azure, #aws, #devops]",[],"[https://topmate.io/abhishek_veeramalla, https://www.udemy.com/course/ultimate-devops-project-with-resume-preparation/?referralCode=9F588E43854814744430, https://t.me/abhishekveeramalla, https://www.youtube.com/@AbhishekVeeramalla/join, https://abhishekveeramalla-av.medium.com/, https://www.buymeacoffee.com/abhishekprd, https://www.instagram.com/abhishekveeramalla_official/, https://www.udemy.com/course/ultimate-devops-project-with-resume-preparation/, https://www.udemy.com/course/ultimate-devops-and-cloud-interview-guide/, https://github.com/iam-veeramalla, https://www.linkedin.com/in/abhishek-veeramalla-77b33996/]"
Day-30 | THREE-TIER ARCHITECTURE IMPLEMENTATION ON AWS | #aws #abhishekveeramalla,"Join our 24*7 Career guidance channel:
www.youtube.com/abhishekveeramalla/join

End to End DevOps Project on Udemy
https://www.udemy.com/course/ultimate-devops-project-with-resume-preparation/

Ultimate DevOps Interview Guide
https://www.udemy.com/course/ultimate-devops-and-cloud-interview-guide/

---- 

Udemy Course (End to End DevOps Project)
https://www.udemy.com/course/ultimate-devops-project-with-resume-preparation/?referralCode=9F588E43854814744430

--- --- Support my work
https://www.buymeacoffee.com/abhishekprd In this video, Day 30 of Free AWS job ready course, we will learn in depth about the THREE-TIER ARCHITECTURE IMPLEMENTATION ON AWS

DEMO LINK:  
https://www.showwcase.com/show/35459/building-a-resilient-three-tier-architecture-on-aws-with-deploying-mern-stack-application

Instagram: https://www.instagram.com/abhishekveeramalla_official/

Private Telegram Channel For Doubts Clearing
https://www.youtube.com/@AbhishekVeeramalla/join

Book 1:1 with me on TopMate for career guidance
https://topmate.io/abhishek_veeramalla

Public Telegram Channel For Notes and Updates
https://t.me/abhishekveeramalla

About me:
========
LinkedIn: https://www.linkedin.com/in/abhishek-veeramalla-77b33996/
GitHub: https://github.com/iam-veeramalla
Medium: https://abhishekveeramalla-av.medium.com/

#devops #futureofdevops #kubernetes #sre #aws #azure 
DEVOPS FAQ
DEVOPS
WHAT IS DEVOPS ?
WHY DEVOPS ?
HOW TO LEARN DEVOPS ?
LEARN DEVOPS IN 60 DAYS ?
NON IT TO IT BACKGROUND ?
IS DEVOPS EASY TO LEARN ?
BEST DEVOPS COURSE
FREE DEVOPS COURSE
#AbhishekVeeramalla
BEST DEVOPS VIDEOS 
DEVOPS INTERVIEW QUESTIONS
EASY DEVOPS VIDEOS
BEST WAY TO LEARN DEVOPS
PYTHON FOR DEVOPS
PYTHON PROJECTS FOR DEVOPS
LEARN PYTHON 
PYTHON PROJECTS FOR AWS
AWS PYTHON PROJECTS
AWS LAMBDA FUNCTIONS
WHAT IS GITOPS ?
WHY GITOPS ?
LEARN GITOPS ?
GITOPS FREE COURSE
What is AWS ?
LEARN AWS FOR FREE 
AWS COURSE 
AWS COURSE FOR DEVOPS
AWS CLI Deep Dive .
.
Disclaimer: Unauthorized copying, reproduction, or distribution of this video content, in whole or in part, is strictly prohibited. Any attempt to upload, share, or use this content for commercial or non-commercial purposes without explicit permission from the owner will be subject to legal action. All rights reserved.",https://i.ytimg.com/vi/PYtgemvmHcU/sddefault.jpg,Abhishek.Veeramalla,78720,1777,239,1064,17.73,17:44,"17 Minutes, 44 Seconds",2023-08-23T17:04:22,https://www.youtube.com/watch?v=PYtgemvmHcU,"[#devops mock interview, #devops, #devops round table, #azure, #vmware, #openshift, #gcp, #openstack, #azure git, #bitbucket, #stash, #gitlab, #azure devops interview questions, #Real Time Python Project, #DevOps Python Project, #python videos, #what is devops, #why devops, #how to learn devops, #SRE, #What is SRE ?, #Devops vs SRE, #Devops to SRE, #SRE roadmap, #learn SRE, #Platform Engineering ?, #What is Platform Engineering ?, #Difference Between Platform Engineering and DevOps ?, #Future of Devops]","[#kubernetes, #futureofdevops, #sre, #AbhishekVeeramalla, #azure, #aws, #devops]",[],"[https://topmate.io/abhishek_veeramalla, https://www.udemy.com/course/ultimate-devops-project-with-resume-preparation/?referralCode=9F588E43854814744430, https://t.me/abhishekveeramalla, https://www.youtube.com/@AbhishekVeeramalla/join, https://abhishekveeramalla-av.medium.com/, https://www.buymeacoffee.com/abhishekprd, https://www.instagram.com/abhishekveeramalla_official/, https://www.udemy.com/course/ultimate-devops-project-with-resume-preparation/, https://www.udemy.com/course/ultimate-devops-and-cloud-interview-guide/, https://github.com/iam-veeramalla, https://www.showwcase.com/show/35459/building-a-resilient-three-tier-architecture-on-aws-with-deploying-mern-stack-application, https://www.linkedin.com/in/abhishek-veeramalla-77b33996/]"
Day-0 | Azure Zero to Hero Course Syllabus| Azure Job and Certification Ready Course| AZ-900| AZ-104,"Join our 24*7 Career guidance channel:
www.youtube.com/abhishekveeramalla/join

End to End DevOps Project on Udemy
https://www.udemy.com/course/ultimate-devops-project-with-resume-preparation/

Ultimate DevOps Interview Guide
https://www.udemy.com/course/ultimate-devops-and-cloud-interview-guide/

---- 



Udemy Course (End to End DevOps Project)
https://www.udemy.com/course/ultimate-devops-project-with-resume-preparation/?referralCode=9F588E43854814744430

Course Syllabus for Azure Zero to Hero. This video explains the complete details such as the concepts covered, practicals, demos, projects, interview questions and much more. 

This is a complete job ready course but along with that I will also explain the outcome of this course, will this course help in clearing the AZ-104 certification ? AZ-900 certification e.t.c.,.

Free DevOps Playlist: https://www.youtube.com/playlist?list=PLdpzxOOAlwvIKMhk8WhzN1pYoJ1YU8Csa

AWS Zero to Hero Playlist: https://www.youtube.com/playlist?list=PLdpzxOOAlwvLNOxX0RfndiYSt1Le9azze

Terraform Zero to Hero Playlist: https://www.youtube.com/playlist?list=PLdpzxOOAlwvI0O4PeKVV1-yJoX2AqIWuf

Python for DevOps Playlist: https://www.youtube.com/playlist?list=PLdpzxOOAlwvKwTyYNJCUwGPvql0TrsPgv

Join our Doubts Clearing Group
https://www.youtube.com/@AbhishekVeeramalla/join

About me:
========
Instagram: https://www.instagram.com/abhishekveeramalla_official/
Telegram Channel : https://t.me/abhishekveeramalla
LinkedIn: https://www.linkedin.com/in/abhishek-veeramalla
GitHub: https://github.com/iam-veeramalla
Medium: https://abhishekveeramalla-av.medium.com/

Free Azure Course
Azure DevOps
Learn Azure 
Best Azure Course
Azure course 2024
Learn Azure from Basics
Azure DevOps with examples
Azure DevOps projects
Azure simplified
Learn Azure for Free
Azure DevOps Playlists
Azure DevOps Projects
Azure DevOps Interview Questions
Azure Fundamentals
AZ-900 course
AZ-900 certification courses
AZ-900 playlist
Videos to clear AZ-900 .
.
Disclaimer: Unauthorized copying, reproduction, or distribution of this video content, in whole or in part, is strictly prohibited. Any attempt to upload, share, or use this content for commercial or non-commercial purposes without explicit permission from the owner will be subject to legal action. All rights reserved.",https://i.ytimg.com/vi/10jm7Waan8M/maxresdefault.jpg,Abhishek.Veeramalla,651790,8219,686,1907,31.78,31:47,"31 Minutes, 47 Seconds",2024-01-20T15:30:00,https://www.youtube.com/watch?v=10jm7Waan8M,"[#Free Azure DevOps playlist, #Azure DevOps courses, #Learn Azure for Free, #Best channel for Azure DevOps, #Best channel for DevOps, #Learn Azure DevOps with Projects, #Azure DevOps explained, #Azure simplified, #Azure Courses, #Azure Zero to Hero, #Azure concepts explained, #Azure Fundamentals, #Azure AZ-900 courses, #AZ-900 playlists, #AZ-900 certification courses, #Azure Interview preparation, #Azure Interview Questions, #Best Azure course, #Best Azure DevOps course, #Azure]",[],[],"[https://www.udemy.com/course/ultimate-devops-project-with-resume-preparation/?referralCode=9F588E43854814744430, https://t.me/abhishekveeramalla, https://www.youtube.com/@AbhishekVeeramalla/join, https://abhishekveeramalla-av.medium.com/, https://www.youtube.com/playlist?list=PLdpzxOOAlwvLNOxX0RfndiYSt1Le9azze, https://www.instagram.com/abhishekveeramalla_official/, https://www.youtube.com/playlist?list=PLdpzxOOAlwvKwTyYNJCUwGPvql0TrsPgv, https://www.udemy.com/course/ultimate-devops-project-with-resume-preparation/, https://www.udemy.com/course/ultimate-devops-and-cloud-interview-guide/, https://www.youtube.com/playlist?list=PLdpzxOOAlwvI0O4PeKVV1-yJoX2AqIWuf, https://www.linkedin.com/in/abhishek-veeramalla, https://github.com/iam-veeramalla, https://www.youtube.com/playlist?list=PLdpzxOOAlwvIKMhk8WhzN1pYoJ1YU8Csa]"
Day-1 | Basics of Cloud Computing | Fundamentals of Azure #freeazurecourse,"Join our 24*7 Career guidance channel:
www.youtube.com/abhishekveeramalla/join

End to End DevOps Project on Udemy
https://www.udemy.com/course/ultimate-devops-project-with-resume-preparation/

Ultimate DevOps Interview Guide
https://www.udemy.com/course/ultimate-devops-and-cloud-interview-guide/

---- 

Udemy Course (End to End DevOps Project)
https://www.udemy.com/course/ultimate-devops-project-with-resume-preparation/?referralCode=9F588E43854814744430

--- --- Support my work
https://www.buymeacoffee.com/abhishekprd This video is Day-1 of Azure Zero to Hero (Free Azure Course including Azure DevOps). You can follow the link below to watch all the videos in this playlist. 
https://www.youtube.com/playlist?list=PLdpzxOOAlwvIcxgCUyBHVOcWs0Krjx9xR

Have any questions while learning ? Don't worry, Join our Doubts Clearning Group.
Join our Doubts Clearing Group
https://www.youtube.com/@AbhishekVeeramalla/join

In this video, we will learn about the fundamentals of cloud computing, prerequisites before learning any cloud platform such as AWS, Azure or GCP. The video covers very important concepts such as 

What is cloud ?
What is the difference between public, private and hybrid cloud ?
What is cloud computing ?
Vocabulary
   Virtualization
   Virtual Machine
   API
   Regions
   Avalaibility Zones
   Scalability
   Elasticity
   Agility
   High Availability
   Fault Tolerance
   Disaster Recovery
   Load Balancing

Here are some more very useful Zero to Hero playlists on the channel. 
Free DevOps Playlist: https://www.youtube.com/playlist?list=PLdpzxOOAlwvIKMhk8WhzN1pYoJ1YU8Csa

AWS Zero to Hero Playlist: https://www.youtube.com/playlist?list=PLdpzxOOAlwvLNOxX0RfndiYSt1Le9azze

Terraform Zero to Hero Playlist: https://www.youtube.com/playlist?list=PLdpzxOOAlwvI0O4PeKVV1-yJoX2AqIWuf

Python for DevOps Playlist: https://www.youtube.com/playlist?list=PLdpzxOOAlwvKwTyYNJCUwGPvql0TrsPgv

About me:
========
Instagram: https://www.instagram.com/abhishekveeramalla_official/
Telegram Channel : https://t.me/abhishekveeramalla
LinkedIn: https://www.linkedin.com/in/abhishek-veeramalla
GitHub: https://github.com/iam-veeramalla
Medium: https://abhishekveeramalla-av.medium.com/

Free Azure Course
Azure DevOps
Learn Azure 
Best Azure Course
Azure course 2024
Learn Azure from Basics
Azure DevOps with examples
Azure DevOps projects
Azure simplified
Learn Azure for Free
Azure DevOps Playlists
Azure DevOps Projects
Azure DevOps Interview Questions
Azure Fundamentals
AZ-900 course
AZ-900 certification courses
AZ-900 playlist
Videos to clear AZ-900 .
.
Disclaimer: Unauthorized copying, reproduction, or distribution of this video content, in whole or in part, is strictly prohibited. Any attempt to upload, share, or use this content for commercial or non-commercial purposes without explicit permission from the owner will be subject to legal action. All rights reserved.",https://i.ytimg.com/vi/ksDAQX6MbeE/maxresdefault.jpg,Abhishek.Veeramalla,396353,6244,679,3008,50.13,50:08,"50 Minutes, 8 Seconds",2024-01-22T15:30:19,https://www.youtube.com/watch?v=ksDAQX6MbeE,"[#Free Azure DevOps playlist, #Azure DevOps courses, #Learn Azure for Free, #Best channel for Azure DevOps, #Best channel for DevOps, #Learn Azure DevOps with Projects, #Azure DevOps explained, #Azure simplified, #Azure Courses, #Azure Zero to Hero, #Azure concepts explained, #Azure Fundamentals, #Azure AZ-900 courses, #AZ-900 playlists, #AZ-900 certification courses, #Azure Interview preparation, #Azure Interview Questions, #Best Azure course, #Best Azure DevOps course, #Best DevOps Course]",[],[],"[https://www.udemy.com/course/ultimate-devops-project-with-resume-preparation/?referralCode=9F588E43854814744430, https://t.me/abhishekveeramalla, https://www.youtube.com/playlist?list=PLdpzxOOAlwvIcxgCUyBHVOcWs0Krjx9xR, https://www.youtube.com/@AbhishekVeeramalla/join, https://abhishekveeramalla-av.medium.com/, https://www.buymeacoffee.com/abhishekprd, https://www.youtube.com/playlist?list=PLdpzxOOAlwvLNOxX0RfndiYSt1Le9azze, https://www.instagram.com/abhishekveeramalla_official/, https://www.youtube.com/playlist?list=PLdpzxOOAlwvKwTyYNJCUwGPvql0TrsPgv, https://www.udemy.com/course/ultimate-devops-project-with-resume-preparation/, https://www.udemy.com/course/ultimate-devops-and-cloud-interview-guide/, https://www.youtube.com/playlist?list=PLdpzxOOAlwvI0O4PeKVV1-yJoX2AqIWuf, https://www.linkedin.com/in/abhishek-veeramalla, https://github.com/iam-veeramalla, https://www.youtube.com/playlist?list=PLdpzxOOAlwvIKMhk8WhzN1pYoJ1YU8Csa]"
Day-2 | Getting Started With Azure #freeazurecourse,"Join our 24*7 Career guidance channel:
www.youtube.com/abhishekveeramalla/join

End to End DevOps Project on Udemy
https://www.udemy.com/course/ultimate-devops-project-with-resume-preparation/

Ultimate DevOps Interview Guide
https://www.udemy.com/course/ultimate-devops-and-cloud-interview-guide/

---- 

Udemy Course (End to End DevOps Project)
https://www.udemy.com/course/ultimate-devops-project-with-resume-preparation/?referralCode=9F588E43854814744430

--- --- Support my work
https://www.buymeacoffee.com/abhishekprd This video is Day-2 of Azure Zero to Hero (Free Azure Course including Azure DevOps). You can follow the link below to watch all the videos in this playlist. 
https://www.youtube.com/playlist?list=PLdpzxOOAlwvIcxgCUyBHVOcWs0Krjx9xR

Have any questions while learning ? Don't worry, Join our Doubts Clearing Group.
Join our Doubts Clearing Group
https://www.youtube.com/@AbhishekVeeramalla/join

Notes for the playlist - https://github.com/iam-veeramalla/Azure-zero-to-hero

In this video, we will learn 
- Creating an Account with Azure
- Exploring Regions and Availability Zones in Azure
- IaaS vs PaaS vs SaaS models in Azure

Here are some more very useful Zero to Hero playlists on the channel. 
Free DevOps Playlist: https://www.youtube.com/playlist?list=PLdpzxOOAlwvIKMhk8WhzN1pYoJ1YU8Csa

AWS Zero to Hero Playlist: https://www.youtube.com/playlist?list=PLdpzxOOAlwvLNOxX0RfndiYSt1Le9azze

Terraform Zero to Hero Playlist: https://www.youtube.com/playlist?list=PLdpzxOOAlwvI0O4PeKVV1-yJoX2AqIWuf

Python for DevOps Playlist: https://www.youtube.com/playlist?list=PLdpzxOOAlwvKwTyYNJCUwGPvql0TrsPgv

About me:
========
Instagram: https://www.instagram.com/abhishekveeramalla_official/
Telegram Channel : https://t.me/abhishekveeramalla
LinkedIn: https://www.linkedin.com/in/abhishek-veeramalla
GitHub: https://github.com/iam-veeramalla
Medium: https://abhishekveeramalla-av.medium.com/

Free Azure Course
Azure DevOps
Learn Azure 
Best Azure Course
Azure course 2024
Learn Azure from Basics
Azure DevOps with examples
Azure DevOps projects
Azure simplified
Learn Azure for Free
Azure DevOps Playlists
Azure DevOps Projects
Azure DevOps Interview Questions
Azure Fundamentals
AZ-900 course
AZ-900 certification courses
AZ-900 playlist
Videos to clear AZ-900 .
.
Disclaimer: Unauthorized copying, reproduction, or distribution of this video content, in whole or in part, is strictly prohibited. Any attempt to upload, share, or use this content for commercial or non-commercial purposes without explicit permission from the owner will be subject to legal action. All rights reserved.",https://i.ytimg.com/vi/e99QsTsJPJs/maxresdefault.jpg,Abhishek.Veeramalla,223039,3056,305,1832,30.53,30:32,"30 Minutes, 32 Seconds",2024-01-23T15:30:10,https://www.youtube.com/watch?v=e99QsTsJPJs,"[#Free Azure DevOps playlist, #Azure DevOps courses, #Learn Azure for Free, #Best channel for Azure DevOps, #Best channel for DevOps, #Learn Azure DevOps with Projects, #Azure DevOps explained, #Azure simplified, #Azure Courses, #Azure Zero to Hero, #Azure concepts explained, #Azure Fundamentals, #Azure AZ-900 courses, #AZ-900 playlists, #AZ-900 certification courses, #Azure Interview preparation, #Azure Interview Questions, #Best Azure course, #Best Azure DevOps course, #Best DevOps Course]",[],[],"[https://github.com/iam-veeramalla/Azure-zero-to-hero, https://www.udemy.com/course/ultimate-devops-project-with-resume-preparation/?referralCode=9F588E43854814744430, https://t.me/abhishekveeramalla, https://www.youtube.com/playlist?list=PLdpzxOOAlwvIcxgCUyBHVOcWs0Krjx9xR, https://www.youtube.com/@AbhishekVeeramalla/join, https://abhishekveeramalla-av.medium.com/, https://www.buymeacoffee.com/abhishekprd, https://www.youtube.com/playlist?list=PLdpzxOOAlwvLNOxX0RfndiYSt1Le9azze, https://www.instagram.com/abhishekveeramalla_official/, https://www.youtube.com/playlist?list=PLdpzxOOAlwvKwTyYNJCUwGPvql0TrsPgv, https://www.udemy.com/course/ultimate-devops-project-with-resume-preparation/, https://www.udemy.com/course/ultimate-devops-and-cloud-interview-guide/, https://www.youtube.com/playlist?list=PLdpzxOOAlwvI0O4PeKVV1-yJoX2AqIWuf, https://www.linkedin.com/in/abhishek-veeramalla, https://github.com/iam-veeramalla, https://www.youtube.com/playlist?list=PLdpzxOOAlwvIKMhk8WhzN1pYoJ1YU8Csa]"
"Day-3 | Resource, Resource Groups and Azure Resource Manager | Demo and Usecases #freeazurecourse","Join our 24*7 Career guidance channel:
www.youtube.com/abhishekveeramalla/join

End to End DevOps Project on Udemy
https://www.udemy.com/course/ultimate-devops-project-with-resume-preparation/

Ultimate DevOps Interview Guide
https://www.udemy.com/course/ultimate-devops-and-cloud-interview-guide/

---- 

Udemy Course (End to End DevOps Project)
https://www.udemy.com/course/ultimate-devops-project-with-resume-preparation/?referralCode=9F588E43854814744430

--- --- Support my work
https://www.buymeacoffee.com/abhishekprd This video is Day-3 of Azure Zero to Hero (Free Azure Course including Azure DevOps). You can follow the link below to watch all the videos in this playlist. 
https://www.youtube.com/playlist?list=PLdpzxOOAlwvIcxgCUyBHVOcWs0Krjx9xR

Have any questions while learning ? Don't worry, Join our Doubts Clearing Group.
Join our Doubts Clearing Group
https://www.youtube.com/@AbhishekVeeramalla/join

Notes for the playlist - https://github.com/iam-veeramalla/Azure-zero-to-hero

In this video, we will learn 
- Resource
- Resource Group
- Azure Resource Manager
- Resource Group real time use-cases
- Resource Group Industry Practices

Here are some more very useful Zero to Hero playlists on the channel. 
Free DevOps Playlist: https://www.youtube.com/playlist?list=PLdpzxOOAlwvIKMhk8WhzN1pYoJ1YU8Csa

AWS Zero to Hero Playlist: https://www.youtube.com/playlist?list=PLdpzxOOAlwvLNOxX0RfndiYSt1Le9azze

Terraform Zero to Hero Playlist: https://www.youtube.com/playlist?list=PLdpzxOOAlwvI0O4PeKVV1-yJoX2AqIWuf

Python for DevOps Playlist: https://www.youtube.com/playlist?list=PLdpzxOOAlwvKwTyYNJCUwGPvql0TrsPgv

About me:
========
Instagram: https://www.instagram.com/abhishekveeramalla_official/
Telegram Channel : https://t.me/abhishekveeramalla
LinkedIn: https://www.linkedin.com/in/abhishek-veeramalla
GitHub: https://github.com/iam-veeramalla
Medium: https://abhishekveeramalla-av.medium.com/

Free Azure Course
Azure DevOps
Learn Azure 
Best Azure Course
Azure course 2024
Learn Azure from Basics
Azure DevOps with examples
Azure DevOps projects
Azure simplified
Learn Azure for Free
Azure DevOps Playlists
Azure DevOps Projects
Azure DevOps Interview Questions
Azure Fundamentals
AZ-900 course
AZ-900 certification courses
AZ-900 playlist
Videos to clear AZ-900 .
.
Disclaimer: Unauthorized copying, reproduction, or distribution of this video content, in whole or in part, is strictly prohibited. Any attempt to upload, share, or use this content for commercial or non-commercial purposes without explicit permission from the owner will be subject to legal action. All rights reserved.",https://i.ytimg.com/vi/0lZAtlwjp_A/maxresdefault.jpg,Abhishek.Veeramalla,214759,3759,264,1473,24.55,24:33,"24 Minutes, 33 Seconds",2024-01-24T15:32:39,https://www.youtube.com/watch?v=0lZAtlwjp_A,"[#Free Azure DevOps playlist, #Azure DevOps courses, #Learn Azure for Free, #Best channel for Azure DevOps, #Best channel for DevOps, #Learn Azure DevOps with Projects, #Azure DevOps explained, #Azure simplified, #Azure Courses, #Azure Zero to Hero, #Azure concepts explained, #Azure Fundamentals, #Azure AZ-900 courses, #AZ-900 playlists, #AZ-900 certification courses, #Azure Interview preparation, #Azure Interview Questions, #Best Azure course, #Best Azure DevOps course, #Best DevOps Course]",[],[],"[https://github.com/iam-veeramalla/Azure-zero-to-hero, https://www.udemy.com/course/ultimate-devops-project-with-resume-preparation/?referralCode=9F588E43854814744430, https://t.me/abhishekveeramalla, https://www.youtube.com/playlist?list=PLdpzxOOAlwvIcxgCUyBHVOcWs0Krjx9xR, https://www.youtube.com/@AbhishekVeeramalla/join, https://abhishekveeramalla-av.medium.com/, https://www.buymeacoffee.com/abhishekprd, https://www.youtube.com/playlist?list=PLdpzxOOAlwvLNOxX0RfndiYSt1Le9azze, https://www.instagram.com/abhishekveeramalla_official/, https://www.youtube.com/playlist?list=PLdpzxOOAlwvKwTyYNJCUwGPvql0TrsPgv, https://www.udemy.com/course/ultimate-devops-project-with-resume-preparation/, https://www.udemy.com/course/ultimate-devops-and-cloud-interview-guide/, https://www.youtube.com/playlist?list=PLdpzxOOAlwvI0O4PeKVV1-yJoX2AqIWuf, https://www.linkedin.com/in/abhishek-veeramalla, https://github.com/iam-veeramalla, https://www.youtube.com/playlist?list=PLdpzxOOAlwvIKMhk8WhzN1pYoJ1YU8Csa]"
Day-4 | Deploy Jenkins on Azure VM | Azure VM Types explained,"Join our 24*7 Career guidance channel:
www.youtube.com/abhishekveeramalla/join

End to End DevOps Project on Udemy
https://www.udemy.com/course/ultimate-devops-project-with-resume-preparation/

Ultimate DevOps Interview Guide
https://www.udemy.com/course/ultimate-devops-and-cloud-interview-guide/

---- 

Udemy Course (End to End DevOps Project)
https://www.udemy.com/course/ultimate-devops-project-with-resume-preparation/?referralCode=9F588E43854814744430

--- --- Support my work
https://www.buymeacoffee.com/abhishekprd This video is Day- of Azure Zero to Hero (Free Azure Course including Azure DevOps). You can follow the link below to watch all the videos in this playlist. 
https://www.youtube.com/playlist?list=PLdpzxOOAlwvIcxgCUyBHVOcWs0Krjx9xR

Have any questions while learning ? Don't worry, Join our Doubts Clearing Group.
Join our Doubts Clearing Group
https://www.youtube.com/@AbhishekVeeramalla/join

Notes for the playlist - https://github.com/iam-veeramalla/Azure-zero-to-hero

Useful Links for this video:
https://azure.microsoft.com/en-in/pricing/details/virtual-machines/series/
https://github.com/iam-veeramalla/Jenkins-Zero-To-Hero
https://git-scm.com/downloads

In this video, we will learn 
- Virtualization recap
- Create a Virtual Machine in Azure
- Connect to the Virtual Machine
- Deploy your first application on an Azure VM
- Virtual Machine ScaleSets for Autoscaling

Here are some more very useful Zero to Hero playlists on the channel. 
- Free DevOps Playlist: https://www.youtube.com/playlist?list=PLdpzxOOAlwvIKMhk8WhzN1pYoJ1YU8Csa
- AWS Zero to Hero Playlist: https://www.youtube.com/playlist?list=PLdpzxOOAlwvLNOxX0RfndiYSt1Le9azze
- Terraform Zero to Hero Playlist: https://www.youtube.com/playlist?list=PLdpzxOOAlwvI0O4PeKVV1-yJoX2AqIWuf
- Python for DevOps Playlist: https://www.youtube.com/playlist?list=PLdpzxOOAlwvKwTyYNJCUwGPvql0TrsPgv

About me:
========
Instagram: https://www.instagram.com/abhishekveeramalla_official/
Telegram Channel : https://t.me/abhishekveeramalla
LinkedIn: https://www.linkedin.com/in/abhishek-veeramalla
GitHub: https://github.com/iam-veeramalla
Medium: https://abhishekveeramalla-av.medium.com/

Free Azure Course
Azure DevOps
Learn Azure 
Best Azure Course
Azure course 2024
Learn Azure from Basics
Azure DevOps with examples
Azure DevOps projects
Azure simplified
Learn Azure for Free
Azure DevOps Playlists
Azure DevOps Projects
Azure DevOps Interview Questions
Azure Fundamentals
AZ-900 course
AZ-900 certification courses
AZ-900 playlist
Videos to clear AZ-900 .
.
Disclaimer: Unauthorized copying, reproduction, or distribution of this video content, in whole or in part, is strictly prohibited. Any attempt to upload, share, or use this content for commercial or non-commercial purposes without explicit permission from the owner will be subject to legal action. All rights reserved.",https://i.ytimg.com/vi/ZAJwVLaTnOM/maxresdefault.jpg,Abhishek.Veeramalla,207859,2721,444,2629,43.82,43:49,"43 Minutes, 49 Seconds",2024-01-25T16:14:24,https://www.youtube.com/watch?v=ZAJwVLaTnOM,"[#Free Azure DevOps playlist, #Azure DevOps courses, #Learn Azure for Free, #Best channel for Azure DevOps, #Best channel for DevOps, #Learn Azure DevOps with Projects, #Azure DevOps explained, #Azure simplified, #Azure Courses, #Azure Zero to Hero, #Azure concepts explained, #Azure Fundamentals, #Azure AZ-900 courses, #AZ-900 playlists, #AZ-900 certification courses, #Azure Interview preparation, #Azure Interview Questions, #Best Azure course, #Best Azure DevOps course, #Best DevOps Course]",[],[],"[https://t.me/abhishekveeramalla, https://www.youtube.com/playlist?list=PLdpzxOOAlwvIcxgCUyBHVOcWs0Krjx9xR, https://www.buymeacoffee.com/abhishekprd, https://github.com/iam-veeramalla/Jenkins-Zero-To-Hero, https://www.udemy.com/course/ultimate-devops-and-cloud-interview-guide/, https://github.com/iam-veeramalla, https://git-scm.com/downloads, https://www.youtube.com/playlist?list=PLdpzxOOAlwvLNOxX0RfndiYSt1Le9azze, https://www.instagram.com/abhishekveeramalla_official/, https://www.youtube.com/playlist?list=PLdpzxOOAlwvKwTyYNJCUwGPvql0TrsPgv, https://www.linkedin.com/in/abhishek-veeramalla, https://github.com/iam-veeramalla/Azure-zero-to-hero, https://www.youtube.com/@AbhishekVeeramalla/join, https://www.udemy.com/course/ultimate-devops-project-with-resume-preparation/, https://azure.microsoft.com/en-in/pricing/details/virtual-machines/series/, https://www.youtube.com/playlist?list=PLdpzxOOAlwvIKMhk8WhzN1pYoJ1YU8Csa, https://www.udemy.com/course/ultimate-devops-project-with-resume-preparation/?referralCode=9F588E43854814744430, https://abhishekveeramalla-av.medium.com/, https://www.youtube.com/playlist?list=PLdpzxOOAlwvI0O4PeKVV1-yJoX2AqIWuf]"
Day-5 | Azure Virtual Network(VNet) Explained | Beginner Level ✔️,"Join our 24*7 Career guidance channel:
www.youtube.com/abhishekveeramalla/join

End to End DevOps Project on Udemy
https://www.udemy.com/course/ultimate-devops-project-with-resume-preparation/

Ultimate DevOps Interview Guide
https://www.udemy.com/course/ultimate-devops-and-cloud-interview-guide/

---- 

Udemy Course (End to End DevOps Project)
https://www.udemy.com/course/ultimate-devops-project-with-resume-preparation/?referralCode=9F588E43854814744430

--- --- Support my work
https://www.buymeacoffee.com/abhishekprd This video is Day-5 of Azure Zero to Hero (Free Azure Course including Azure DevOps). You can follow the link below to watch all the videos in this playlist. 
https://www.youtube.com/playlist?list=PLdpzxOOAlwvIcxgCUyBHVOcWs0Krjx9xR

Have any questions while learning ? Don't worry, Join our Doubts Clearing Group.
Join our Doubts Clearing Group
https://www.youtube.com/@AbhishekVeeramalla/join

Notes for the playlist - https://github.com/iam-veeramalla/Azure-zero-to-hero

Useful Links for this video(CIDR):
https://youtu.be/PhTn8RkF0F4?si=6lw16ZMbP6K2n1E5

In this video, we will learn 
- Overview of Azure Networking (Real World Example)
- Virtual Network
- Subnets, CIDR
- Routes and Route Tables
- Network Security Groups(NSGs)
- Application Security Groups(ASGs)

Here are some more very useful Zero to Hero playlists on the channel. 
- Free DevOps Playlist: https://www.youtube.com/playlist?list=PLdpzxOOAlwvIKMhk8WhzN1pYoJ1YU8Csa
- AWS Zero to Hero Playlist: https://www.youtube.com/playlist?list=PLdpzxOOAlwvLNOxX0RfndiYSt1Le9azze
- Terraform Zero to Hero Playlist: https://www.youtube.com/playlist?list=PLdpzxOOAlwvI0O4PeKVV1-yJoX2AqIWuf
- Python for DevOps Playlist: https://www.youtube.com/playlist?list=PLdpzxOOAlwvKwTyYNJCUwGPvql0TrsPgv

About me:
========
Instagram: https://www.instagram.com/abhishekveeramalla_official/
Telegram Channel : https://t.me/abhishekveeramalla
LinkedIn: https://www.linkedin.com/in/abhishek-veeramalla
GitHub: https://github.com/iam-veeramalla
Medium: https://abhishekveeramalla-av.medium.com/

Free Azure Course
Azure DevOps
Learn Azure 
Best Azure Course
Azure course 2024
Learn Azure from Basics
Azure DevOps with examples
Azure DevOps projects
Azure simplified
Learn Azure for Free
Azure DevOps Playlists
Azure DevOps Projects
Azure DevOps Interview Questions
Azure Fundamentals
AZ-900 course
AZ-900 certification courses
AZ-900 playlist
Videos to clear AZ-900 .
.
Disclaimer: Unauthorized copying, reproduction, or distribution of this video content, in whole or in part, is strictly prohibited. Any attempt to upload, share, or use this content for commercial or non-commercial purposes without explicit permission from the owner will be subject to legal action. All rights reserved.",https://i.ytimg.com/vi/6MaGYkDpuJE/maxresdefault.jpg,Abhishek.Veeramalla,221336,2957,184,1112,18.53,18:32,"18 Minutes, 32 Seconds",2024-01-26T16:04:35,https://www.youtube.com/watch?v=6MaGYkDpuJE,"[#Free Azure DevOps playlist, #Azure DevOps courses, #Learn Azure for Free, #Best channel for Azure DevOps, #Best channel for DevOps, #Learn Azure DevOps with Projects, #Azure DevOps explained, #Azure simplified, #Azure Courses, #Azure Zero to Hero, #Azure concepts explained, #Azure Fundamentals, #Azure AZ-900 courses, #AZ-900 playlists, #AZ-900 certification courses, #Azure Interview preparation, #Azure Interview Questions, #Best Azure course, #Best Azure DevOps course, #Best DevOps Course]",[],[],"[https://github.com/iam-veeramalla/Azure-zero-to-hero, https://www.udemy.com/course/ultimate-devops-project-with-resume-preparation/?referralCode=9F588E43854814744430, https://t.me/abhishekveeramalla, https://www.youtube.com/playlist?list=PLdpzxOOAlwvIcxgCUyBHVOcWs0Krjx9xR, https://www.youtube.com/@AbhishekVeeramalla/join, https://youtu.be/PhTn8RkF0F4?si=6lw16ZMbP6K2n1E5, https://abhishekveeramalla-av.medium.com/, https://www.buymeacoffee.com/abhishekprd, https://www.youtube.com/playlist?list=PLdpzxOOAlwvLNOxX0RfndiYSt1Le9azze, https://www.instagram.com/abhishekveeramalla_official/, https://www.youtube.com/playlist?list=PLdpzxOOAlwvKwTyYNJCUwGPvql0TrsPgv, https://www.udemy.com/course/ultimate-devops-project-with-resume-preparation/, https://www.udemy.com/course/ultimate-devops-and-cloud-interview-guide/, https://www.youtube.com/playlist?list=PLdpzxOOAlwvI0O4PeKVV1-yJoX2AqIWuf, https://www.linkedin.com/in/abhishek-veeramalla, https://github.com/iam-veeramalla, https://www.youtube.com/playlist?list=PLdpzxOOAlwvIKMhk8WhzN1pYoJ1YU8Csa]"
Day-6 | Azure Networking Basic to Advanced | Best Azure Networking explanation ✔️,"Join our 24*7 Career guidance channel:
www.youtube.com/abhishekveeramalla/join

End to End DevOps Project on Udemy
https://www.udemy.com/course/ultimate-devops-project-with-resume-preparation/

Ultimate DevOps Interview Guide
https://www.udemy.com/course/ultimate-devops-and-cloud-interview-guide/

---- 

Udemy Course (End to End DevOps Project)
https://www.udemy.com/course/ultimate-devops-project-with-resume-preparation/?referralCode=9F588E43854814744430

--- --- Support my work
https://www.buymeacoffee.com/abhishekprd This video is Day-6 of Azure Zero to Hero (Free Azure Course including Azure DevOps). You can follow the link below to watch all the videos in this playlist. 
https://www.youtube.com/playlist?list=PLdpzxOOAlwvIcxgCUyBHVOcWs0Krjx9xR

Have any questions while learning ? Don't worry, Join our Doubts Clearing Group.
Join our Doubts Clearing Group
https://www.youtube.com/@AbhishekVeeramalla/join

Notes for the playlist - https://github.com/iam-veeramalla/Azure-zero-to-hero

Networking Fundamentals - Part -1 (Subnet & CIDR)
https://youtu.be/PhTn8RkF0F4?si=6lw16ZMbP6K2n1E5

Networking Fundamentals - Part -2 (DNS & OSI Model)
https://youtu.be/lomiPKIXdEo?si=tD1DRilpOEyth1Zl

In this video, we will learn 
- Overview of Azure Networking (Real World Example)
- Virtual Network
- Subnets, CIDR
- Routes and Route Tables
- Network Security Groups(NSGs)
- Application Security Groups(ASGs)
- Azure App Gateway & WAF
- Azure Load Balancer
- Azure DNS
- Azure Firewall
- Virtual Network Peering and VNet Gateway
- VPN Gateway

Here are some more very useful Zero to Hero playlists on the channel. 
- Free DevOps Playlist: https://www.youtube.com/playlist?list=PLdpzxOOAlwvIKMhk8WhzN1pYoJ1YU8Csa
- AWS Zero to Hero Playlist: https://www.youtube.com/playlist?list=PLdpzxOOAlwvLNOxX0RfndiYSt1Le9azze
- Terraform Zero to Hero Playlist: https://www.youtube.com/playlist?list=PLdpzxOOAlwvI0O4PeKVV1-yJoX2AqIWuf
- Python for DevOps Playlist: https://www.youtube.com/playlist?list=PLdpzxOOAlwvKwTyYNJCUwGPvql0TrsPgv

About me:
========
Instagram: https://www.instagram.com/abhishekveeramalla_official/
Telegram Channel : https://t.me/abhishekveeramalla
LinkedIn: https://www.linkedin.com/in/abhishek-veeramalla
GitHub: https://github.com/iam-veeramalla
Medium: https://abhishekveeramalla-av.medium.com/

Free Azure Course
Azure DevOps
Learn Azure 
Best Azure Course
Azure course 2024
Learn Azure from Basics
Azure DevOps with examples
Azure DevOps projects
Azure simplified
Learn Azure for Free
Azure DevOps Playlists
Azure DevOps Projects
Azure DevOps Interview Questions
Azure Fundamentals
AZ-900 course
AZ-900 certification courses
AZ-900 playlist
Videos to clear AZ-900 .
.
Disclaimer: Unauthorized copying, reproduction, or distribution of this video content, in whole or in part, is strictly prohibited. Any attempt to upload, share, or use this content for commercial or non-commercial purposes without explicit permission from the owner will be subject to legal action. All rights reserved.",https://i.ytimg.com/vi/a-Irjw7bL7w/maxresdefault.jpg,Abhishek.Veeramalla,182513,2622,266,2370,39.5,39:30,"39 Minutes, 30 Seconds",2024-01-29T15:30:01,https://www.youtube.com/watch?v=a-Irjw7bL7w,"[#Free Azure DevOps playlist, #Azure DevOps courses, #Learn Azure for Free, #Best channel for Azure DevOps, #Best channel for DevOps, #Learn Azure DevOps with Projects, #Azure DevOps explained, #Azure simplified, #Azure Courses, #Azure Zero to Hero, #Azure concepts explained, #Azure Fundamentals, #Azure AZ-900 courses, #AZ-900 playlists, #AZ-900 certification courses, #Azure Interview preparation, #Azure Interview Questions, #Best Azure course, #Best Azure DevOps course, #Best DevOps Course]",[],[],"[https://github.com/iam-veeramalla/Azure-zero-to-hero, https://youtu.be/lomiPKIXdEo?si=tD1DRilpOEyth1Zl, https://www.udemy.com/course/ultimate-devops-project-with-resume-preparation/?referralCode=9F588E43854814744430, https://t.me/abhishekveeramalla, https://www.youtube.com/playlist?list=PLdpzxOOAlwvIcxgCUyBHVOcWs0Krjx9xR, https://www.youtube.com/@AbhishekVeeramalla/join, https://youtu.be/PhTn8RkF0F4?si=6lw16ZMbP6K2n1E5, https://abhishekveeramalla-av.medium.com/, https://www.buymeacoffee.com/abhishekprd, https://www.youtube.com/playlist?list=PLdpzxOOAlwvLNOxX0RfndiYSt1Le9azze, https://www.instagram.com/abhishekveeramalla_official/, https://www.youtube.com/playlist?list=PLdpzxOOAlwvKwTyYNJCUwGPvql0TrsPgv, https://www.udemy.com/course/ultimate-devops-project-with-resume-preparation/, https://www.udemy.com/course/ultimate-devops-and-cloud-interview-guide/, https://www.youtube.com/playlist?list=PLdpzxOOAlwvI0O4PeKVV1-yJoX2AqIWuf, https://www.linkedin.com/in/abhishek-veeramalla, https://github.com/iam-veeramalla, https://www.youtube.com/playlist?list=PLdpzxOOAlwvIKMhk8WhzN1pYoJ1YU8Csa]"
"Day-7 | Azure Networking Demo | Azure VNet, Firewall, NSG and Bastion | Beginner Level Azure Project","Join our 24*7 Career guidance channel:
www.youtube.com/abhishekveeramalla/join

End to End DevOps Project on Udemy
https://www.udemy.com/course/ultimate-devops-project-with-resume-preparation/

Ultimate DevOps Interview Guide
https://www.udemy.com/course/ultimate-devops-and-cloud-interview-guide/

---- 

Udemy Course (End to End DevOps Project)
https://www.udemy.com/course/ultimate-devops-project-with-resume-preparation/?referralCode=9F588E43854814744430

--- --- Support my work
https://www.buymeacoffee.com/abhishekprd This video is Day-7 of Azure Zero to Hero (Free Azure Course including Azure DevOps). You can follow the link below to watch all the videos in this playlist. 
https://www.youtube.com/playlist?list=PLdpzxOOAlwvIcxgCUyBHVOcWs0Krjx9xR

Have any questions while learning ? Don't worry, Join our Doubts Clearing Group.
Join our Doubts Clearing Group
https://www.youtube.com/@AbhishekVeeramalla/join

Notes for the playlist - https://github.com/iam-veeramalla/Azure-zero-to-hero.

In this video, we will learn 
- Practical Hands on video that explains
- How to set up the networking
- How to deploy the applcition on Azure VMs with Networking and use bastion.
- Overview of the setup and troubleshooting.
- Overview of Azure Networking (Real World Example)
- Virtual Network
- Subnets, CIDR
- Routes and Route Tables
- Network Security Groups(NSGs)
- Application Security Groups(ASGs)
- Azure App Gateway & WAF
- Azure Load Balancer
- Azure DNS
- Azure Firewall
- Virtual Network Peering and VNet Gateway
- VPN Gateway

Here are some more very useful Zero to Hero playlists on the channel. 
- Free DevOps Playlist: https://www.youtube.com/playlist?list=PLdpzxOOAlwvIKMhk8WhzN1pYoJ1YU8Csa
- AWS Zero to Hero Playlist: https://www.youtube.com/playlist?list=PLdpzxOOAlwvLNOxX0RfndiYSt1Le9azze
- Terraform Zero to Hero Playlist: https://www.youtube.com/playlist?list=PLdpzxOOAlwvI0O4PeKVV1-yJoX2AqIWuf
- Python for DevOps Playlist: https://www.youtube.com/playlist?list=PLdpzxOOAlwvKwTyYNJCUwGPvql0TrsPgv

About me:
========
Instagram: https://www.instagram.com/abhishekveeramalla_official/
Telegram Channel : https://t.me/abhishekveeramalla
LinkedIn: https://www.linkedin.com/in/abhishek-veeramalla
GitHub: https://github.com/iam-veeramalla
Medium: https://abhishekveeramalla-av.medium.com/

Free Azure Course
Azure DevOps
Learn Azure 
Best Azure Course
Azure course 2024
Learn Azure from Basics
Azure DevOps with examples
Azure DevOps projects
Azure simplified
Learn Azure for Free
Azure DevOps Playlists
Azure DevOps Projects
Azure DevOps Interview Questions
Azure Fundamentals
AZ-900 course
AZ-900 certification courses
AZ-900 playlist
Videos to clear AZ-900 .
.
Disclaimer: Unauthorized copying, reproduction, or distribution of this video content, in whole or in part, is strictly prohibited. Any attempt to upload, share, or use this content for commercial or non-commercial purposes without explicit permission from the owner will be subject to legal action. All rights reserved.",https://i.ytimg.com/vi/jJSRYQQEUQc/maxresdefault.jpg,Abhishek.Veeramalla,158426,2010,395,2277,37.95,37:57,"37 Minutes, 57 Seconds",2024-01-30T17:40:57,https://www.youtube.com/watch?v=jJSRYQQEUQc,"[#Free Azure DevOps playlist, #Azure DevOps courses, #Learn Azure for Free, #Best channel for Azure DevOps, #Best channel for DevOps, #Learn Azure DevOps with Projects, #Azure DevOps explained, #Azure simplified, #Azure Courses, #Azure Zero to Hero, #Azure concepts explained, #Azure Fundamentals, #Azure AZ-900 courses, #AZ-900 playlists, #AZ-900 certification courses, #Azure Interview preparation, #Azure Interview Questions, #Best Azure course, #Best Azure DevOps course, #Best DevOps Course]",[],[],"[https://www.udemy.com/course/ultimate-devops-project-with-resume-preparation/?referralCode=9F588E43854814744430, https://t.me/abhishekveeramalla, https://www.youtube.com/playlist?list=PLdpzxOOAlwvIcxgCUyBHVOcWs0Krjx9xR, https://www.youtube.com/@AbhishekVeeramalla/join, https://abhishekveeramalla-av.medium.com/, https://www.buymeacoffee.com/abhishekprd, https://github.com/iam-veeramalla/Azure-zero-to-hero., https://www.youtube.com/playlist?list=PLdpzxOOAlwvLNOxX0RfndiYSt1Le9azze, https://www.youtube.com/playlist?list=PLdpzxOOAlwvKwTyYNJCUwGPvql0TrsPgv, https://www.udemy.com/course/ultimate-devops-project-with-resume-preparation/, https://www.udemy.com/course/ultimate-devops-and-cloud-interview-guide/, https://www.youtube.com/playlist?list=PLdpzxOOAlwvI0O4PeKVV1-yJoX2AqIWuf, https://www.instagram.com/abhishekveeramalla_official/, https://www.linkedin.com/in/abhishek-veeramalla, https://github.com/iam-veeramalla, https://www.youtube.com/playlist?list=PLdpzxOOAlwvIKMhk8WhzN1pYoJ1YU8Csa]"
Day-8 | Azure Networking Interview Questions | Scenario Based Interview Questions | #azure #devops,"Join our 24*7 Career guidance channel:
www.youtube.com/abhishekveeramalla/join

End to End DevOps Project on Udemy
https://www.udemy.com/course/ultimate-devops-project-with-resume-preparation/

Ultimate DevOps Interview Guide
https://www.udemy.com/course/ultimate-devops-and-cloud-interview-guide/

---- 

Udemy Course (End to End DevOps Project)
https://www.udemy.com/course/ultimate-devops-project-with-resume-preparation/?referralCode=9F588E43854814744430

--- --- Support my work
https://www.buymeacoffee.com/abhishekprd This video is Day-8 of Azure Zero to Hero (Free Azure Course including Azure DevOps). You can follow the link below to watch all the videos in this playlist. 
https://www.youtube.com/playlist?list=PLdpzxOOAlwvIcxgCUyBHVOcWs0Krjx9xR

Have any questions while learning ? Don't worry, Join our Doubts Clearing Group.
Join our Doubts Clearing Group
https://www.youtube.com/@AbhishekVeeramalla/join

Notes for the playlist - https://github.com/iam-veeramalla/Azure-zero-to-hero.

In this video, we will learn Interview questions - 
What is the difference between NSG and ASG ?
How can you block the access to a your vm from a subnet ?
Are Azure NSGs stateful or stateless ?
What is the difference between Azure Firewall and NSG ?
What are the advantages of resource groups in azure ?
What is the difference between Azure User Data and Custom Data ?
What is the difference between Azure App Gateway and Azure LB ?
Assume your company is using all the ideal Azure Networking setup and your application is deployed in the web subnet , Explain the traffic flow to your app ?
Describe the purpose of Azure Bastion and when it is used for secure remote access to virtual machines.

Here are some more very useful Zero to Hero playlists on the channel. 
- Free DevOps Playlist: https://www.youtube.com/playlist?list=PLdpzxOOAlwvIKMhk8WhzN1pYoJ1YU8Csa
- AWS Zero to Hero Playlist: https://www.youtube.com/playlist?list=PLdpzxOOAlwvLNOxX0RfndiYSt1Le9azze
- Terraform Zero to Hero Playlist: https://www.youtube.com/playlist?list=PLdpzxOOAlwvI0O4PeKVV1-yJoX2AqIWuf
- Python for DevOps Playlist: https://www.youtube.com/playlist?list=PLdpzxOOAlwvKwTyYNJCUwGPvql0TrsPgv

About me:
========
Instagram: https://www.instagram.com/abhishekveeramalla_official/
Telegram Channel : https://t.me/abhishekveeramalla
LinkedIn: https://www.linkedin.com/in/abhishek-veeramalla
GitHub: https://github.com/iam-veeramalla
Medium: https://abhishekveeramalla-av.medium.com/

Free Azure Course
Azure DevOps
Learn Azure 
Best Azure Course
Azure course 2024
Learn Azure from Basics
Azure DevOps with examples
Azure DevOps projects
Azure simplified
Learn Azure for Free
Azure DevOps Playlists
Azure DevOps Projects
Azure DevOps Interview Questions
Azure Fundamentals
AZ-900 course
AZ-900 certification courses
AZ-900 playlist
Videos to clear AZ-900 .
.
Disclaimer: Unauthorized copying, reproduction, or distribution of this video content, in whole or in part, is strictly prohibited. Any attempt to upload, share, or use this content for commercial or non-commercial purposes without explicit permission from the owner will be subject to legal action. All rights reserved.",https://i.ytimg.com/vi/9LuIwVP7n64/maxresdefault.jpg,Abhishek.Veeramalla,118706,1918,165,2040,34,34:00,"34 Minutes, 0 Seconds",2024-01-31T17:20:52,https://www.youtube.com/watch?v=9LuIwVP7n64,"[#Free Azure DevOps playlist, #Azure DevOps courses, #Learn Azure for Free, #Best channel for Azure DevOps, #Best channel for DevOps, #Learn Azure DevOps with Projects, #Azure DevOps explained, #Azure simplified, #Azure Courses, #Azure Zero to Hero, #Azure concepts explained, #Azure Fundamentals, #Azure AZ-900 courses, #AZ-900 playlists, #AZ-900 certification courses, #Azure Interview preparation, #Azure Interview Questions, #Best Azure course, #Best Azure DevOps course, #Best DevOps Course]",[],[],"[https://www.udemy.com/course/ultimate-devops-project-with-resume-preparation/?referralCode=9F588E43854814744430, https://t.me/abhishekveeramalla, https://www.youtube.com/playlist?list=PLdpzxOOAlwvIcxgCUyBHVOcWs0Krjx9xR, https://www.youtube.com/@AbhishekVeeramalla/join, https://abhishekveeramalla-av.medium.com/, https://www.buymeacoffee.com/abhishekprd, https://github.com/iam-veeramalla/Azure-zero-to-hero., https://www.youtube.com/playlist?list=PLdpzxOOAlwvLNOxX0RfndiYSt1Le9azze, https://www.youtube.com/playlist?list=PLdpzxOOAlwvKwTyYNJCUwGPvql0TrsPgv, https://www.udemy.com/course/ultimate-devops-project-with-resume-preparation/, https://www.udemy.com/course/ultimate-devops-and-cloud-interview-guide/, https://www.youtube.com/playlist?list=PLdpzxOOAlwvI0O4PeKVV1-yJoX2AqIWuf, https://www.instagram.com/abhishekveeramalla_official/, https://www.linkedin.com/in/abhishek-veeramalla, https://github.com/iam-veeramalla, https://www.youtube.com/playlist?list=PLdpzxOOAlwvIKMhk8WhzN1pYoJ1YU8Csa]"
Day-9 | Azure Storage Services and Usecases | Blob | File | Tables and Queues #freeazurecourse,"Join our 24*7 Career guidance channel:
www.youtube.com/abhishekveeramalla/join

End to End DevOps Project on Udemy
https://www.udemy.com/course/ultimate-devops-project-with-resume-preparation/

Ultimate DevOps Interview Guide
https://www.udemy.com/course/ultimate-devops-and-cloud-interview-guide/

---- 

Udemy Course (End to End DevOps Project)
https://www.udemy.com/course/ultimate-devops-project-with-resume-preparation/?referralCode=9F588E43854814744430

--- --- Support my work
https://www.buymeacoffee.com/abhishekprd This video is Day-9 of Azure Zero to Hero (Free Azure Course including Azure DevOps). You can follow the link below to watch all the videos in this playlist. 
https://www.youtube.com/playlist?list=PLdpzxOOAlwvIcxgCUyBHVOcWs0Krjx9xR

Have any questions while learning ? Don't worry, Join our Doubts Clearing Group.
Join our Doubts Clearing Group
https://www.youtube.com/@AbhishekVeeramalla/join

Notes for the playlist - https://github.com/iam-veeramalla/Azure-zero-to-hero.

In this video, we will learn,
- Azure Storage Account
- Types of Azure Storage Services
- Blob Storage
- File Storage
- Tables
- Azure Queue Storage
- DevOps Usecases for each storage

Here are some more very useful Zero to Hero playlists on the channel. 
- Free DevOps Playlist: https://www.youtube.com/playlist?list=PLdpzxOOAlwvIKMhk8WhzN1pYoJ1YU8Csa
- AWS Zero to Hero Playlist: https://www.youtube.com/playlist?list=PLdpzxOOAlwvLNOxX0RfndiYSt1Le9azze
- Terraform Zero to Hero Playlist: https://www.youtube.com/playlist?list=PLdpzxOOAlwvI0O4PeKVV1-yJoX2AqIWuf
- Python for DevOps Playlist: https://www.youtube.com/playlist?list=PLdpzxOOAlwvKwTyYNJCUwGPvql0TrsPgv

About me:
========
Instagram: https://www.instagram.com/abhishekveeramalla_official/
Telegram Channel : https://t.me/abhishekveeramalla
LinkedIn: https://www.linkedin.com/in/abhishek-veeramalla
GitHub: https://github.com/iam-veeramalla
Medium: https://abhishekveeramalla-av.medium.com/

Free Azure Course
Azure DevOps
Learn Azure 
Best Azure Course
Azure course 2024
Learn Azure from Basics
Azure DevOps with examples
Azure DevOps projects
Azure simplified
Learn Azure for Free
Azure DevOps Playlists
Azure DevOps Projects
Azure DevOps Interview Questions
Azure Fundamentals
AZ-900 course
AZ-900 certification courses
AZ-900 playlist
Videos to clear AZ-900 .
.
Disclaimer: Unauthorized copying, reproduction, or distribution of this video content, in whole or in part, is strictly prohibited. Any attempt to upload, share, or use this content for commercial or non-commercial purposes without explicit permission from the owner will be subject to legal action. All rights reserved.",https://i.ytimg.com/vi/v3vbwdDRsbE/maxresdefault.jpg,Abhishek.Veeramalla,137439,1756,96,1468,24.47,24:28,"24 Minutes, 28 Seconds",2024-02-01T17:26:14,https://www.youtube.com/watch?v=v3vbwdDRsbE,"[#Free Azure DevOps playlist, #Azure DevOps courses, #Learn Azure for Free, #Best channel for Azure DevOps, #Best channel for DevOps, #Learn Azure DevOps with Projects, #Azure DevOps explained, #Azure simplified, #Azure Courses, #Azure Zero to Hero, #Azure concepts explained, #Azure Fundamentals, #Azure AZ-900 courses, #AZ-900 playlists, #AZ-900 certification courses, #Azure Interview preparation, #Azure Interview Questions, #Best Azure course, #Best Azure DevOps course, #Best DevOps Course]",[],[],"[https://www.udemy.com/course/ultimate-devops-project-with-resume-preparation/?referralCode=9F588E43854814744430, https://t.me/abhishekveeramalla, https://www.youtube.com/playlist?list=PLdpzxOOAlwvIcxgCUyBHVOcWs0Krjx9xR, https://www.youtube.com/@AbhishekVeeramalla/join, https://abhishekveeramalla-av.medium.com/, https://www.buymeacoffee.com/abhishekprd, https://github.com/iam-veeramalla/Azure-zero-to-hero., https://www.youtube.com/playlist?list=PLdpzxOOAlwvLNOxX0RfndiYSt1Le9azze, https://www.youtube.com/playlist?list=PLdpzxOOAlwvKwTyYNJCUwGPvql0TrsPgv, https://www.udemy.com/course/ultimate-devops-project-with-resume-preparation/, https://www.udemy.com/course/ultimate-devops-and-cloud-interview-guide/, https://www.youtube.com/playlist?list=PLdpzxOOAlwvI0O4PeKVV1-yJoX2AqIWuf, https://www.instagram.com/abhishekveeramalla_official/, https://www.linkedin.com/in/abhishek-veeramalla, https://github.com/iam-veeramalla, https://www.youtube.com/playlist?list=PLdpzxOOAlwvIKMhk8WhzN1pYoJ1YU8Csa]"
Day-10 | Automate Azure Resources using Azure CLI | Command Line Interface | #freeazurecourse,"Join our 24*7 Career guidance channel:
www.youtube.com/abhishekveeramalla/join

End to End DevOps Project on Udemy
https://www.udemy.com/course/ultimate-devops-project-with-resume-preparation/

Ultimate DevOps Interview Guide
https://www.udemy.com/course/ultimate-devops-and-cloud-interview-guide/

---- 

Udemy Course (End to End DevOps Project)
https://www.udemy.com/course/ultimate-devops-project-with-resume-preparation/?referralCode=9F588E43854814744430

--- --- Support my work
https://www.buymeacoffee.com/abhishekprd This video is Day-10 of Azure Zero to Hero (Free Azure Course including Azure DevOps). You can follow the link below to watch all the videos in this playlist. 
https://www.youtube.com/playlist?list=PLdpzxOOAlwvIcxgCUyBHVOcWs0Krjx9xR

Have any questions while learning ? Don't worry, Join our Doubts Clearing Group.
Join our Doubts Clearing Group
https://www.youtube.com/@AbhishekVeeramalla/join

Notes for the playlist - https://github.com/iam-veeramalla/Azure-zero-to-hero.

In this video, we will learn,
- Azure CLI
- Azure Command Line Interface

Here are some more very useful Zero to Hero playlists on the channel. 
- Free DevOps Playlist: https://www.youtube.com/playlist?list=PLdpzxOOAlwvIKMhk8WhzN1pYoJ1YU8Csa
- AWS Zero to Hero Playlist: https://www.youtube.com/playlist?list=PLdpzxOOAlwvLNOxX0RfndiYSt1Le9azze
- Terraform Zero to Hero Playlist: https://www.youtube.com/playlist?list=PLdpzxOOAlwvI0O4PeKVV1-yJoX2AqIWuf
- Python for DevOps Playlist: https://www.youtube.com/playlist?list=PLdpzxOOAlwvKwTyYNJCUwGPvql0TrsPgv

About me:
========
Instagram: https://www.instagram.com/abhishekveeramalla_official/
Telegram Channel : https://t.me/abhishekveeramalla
LinkedIn: https://www.linkedin.com/in/abhishek-veeramalla
GitHub: https://github.com/iam-veeramalla
Medium: https://abhishekveeramalla-av.medium.com/

Free Azure Course
Azure DevOps
Learn Azure 
Best Azure Course
Azure course 2024
Learn Azure from Basics
Azure DevOps with examples
Azure DevOps projects
Azure simplified
Learn Azure for Free
Azure DevOps Playlists
Azure DevOps Projects
Azure DevOps Interview Questions
Azure Fundamentals
AZ-900 course
AZ-900 certification courses
AZ-900 playlist
Videos to clear AZ-900 .
.
Disclaimer: Unauthorized copying, reproduction, or distribution of this video content, in whole or in part, is strictly prohibited. Any attempt to upload, share, or use this content for commercial or non-commercial purposes without explicit permission from the owner will be subject to legal action. All rights reserved.",https://i.ytimg.com/vi/_ESPvK022TI/maxresdefault.jpg,Abhishek.Veeramalla,92892,1167,152,1741,29.02,29:01,"29 Minutes, 1 Seconds",2024-02-02T15:36:01,https://www.youtube.com/watch?v=_ESPvK022TI,"[#Free Azure DevOps playlist, #Azure DevOps courses, #Learn Azure for Free, #Best channel for Azure DevOps, #Best channel for DevOps, #Learn Azure DevOps with Projects, #Azure DevOps explained, #Azure simplified, #Azure Courses, #Azure Zero to Hero, #Azure concepts explained, #Azure Fundamentals, #Azure AZ-900 courses, #AZ-900 playlists, #AZ-900 certification courses, #Azure Interview preparation, #Azure Interview Questions, #Best Azure course, #Best Azure DevOps course, #Best DevOps Course]",[],[],"[https://www.udemy.com/course/ultimate-devops-project-with-resume-preparation/?referralCode=9F588E43854814744430, https://t.me/abhishekveeramalla, https://www.youtube.com/playlist?list=PLdpzxOOAlwvIcxgCUyBHVOcWs0Krjx9xR, https://www.youtube.com/@AbhishekVeeramalla/join, https://abhishekveeramalla-av.medium.com/, https://www.buymeacoffee.com/abhishekprd, https://github.com/iam-veeramalla/Azure-zero-to-hero., https://www.youtube.com/playlist?list=PLdpzxOOAlwvLNOxX0RfndiYSt1Le9azze, https://www.youtube.com/playlist?list=PLdpzxOOAlwvKwTyYNJCUwGPvql0TrsPgv, https://www.udemy.com/course/ultimate-devops-project-with-resume-preparation/, https://www.udemy.com/course/ultimate-devops-and-cloud-interview-guide/, https://www.youtube.com/playlist?list=PLdpzxOOAlwvI0O4PeKVV1-yJoX2AqIWuf, https://www.instagram.com/abhishekveeramalla_official/, https://www.linkedin.com/in/abhishek-veeramalla, https://github.com/iam-veeramalla, https://www.youtube.com/playlist?list=PLdpzxOOAlwvIKMhk8WhzN1pYoJ1YU8Csa]"
Day -11 | Azure Resource Manager Templates in 60 Minutes | ARM templates vs Bicep | ARM vs Terraform,"Join our 24*7 Career guidance channel:
www.youtube.com/abhishekveeramalla/join

End to End DevOps Project on Udemy
https://www.udemy.com/course/ultimate-devops-project-with-resume-preparation/

Ultimate DevOps Interview Guide
https://www.udemy.com/course/ultimate-devops-and-cloud-interview-guide/

---- 

Udemy Course (End to End DevOps Project)
https://www.udemy.com/course/ultimate-devops-project-with-resume-preparation/?referralCode=9F588E43854814744430

--- --- Support my work
https://www.buymeacoffee.com/abhishekprd This video is Day-11 of Azure Zero to Hero (Free Azure Course including Azure DevOps). You can follow the link below to watch all the videos in this playlist. 
https://www.youtube.com/playlist?list=PLdpzxOOAlwvIcxgCUyBHVOcWs0Krjx9xR

Have any questions while learning ? Don't worry, Join our Doubts Clearing Group.
Join our Doubts Clearing Group
https://www.youtube.com/@AbhishekVeeramalla/join

Notes for the playlist - https://github.com/iam-veeramalla/Azure-zero-to-hero.
- Azure Resource Manager and Azure Templates Deep Dive
- Comparison with Bicep
- Comparison with Azure CLI
- Comparison with Terraform

Here are some more very useful Zero to Hero playlists on the channel. 
- Free DevOps Playlist: https://www.youtube.com/playlist?list=PLdpzxOOAlwvIKMhk8WhzN1pYoJ1YU8Csa
- AWS Zero to Hero Playlist: https://www.youtube.com/playlist?list=PLdpzxOOAlwvLNOxX0RfndiYSt1Le9azze
- Terraform Zero to Hero Playlist: https://www.youtube.com/playlist?list=PLdpzxOOAlwvI0O4PeKVV1-yJoX2AqIWuf
- Python for DevOps Playlist: https://www.youtube.com/playlist?list=PLdpzxOOAlwvKwTyYNJCUwGPvql0TrsPgv

About me:
========
Instagram: https://www.instagram.com/abhishekveeramalla_official/
Telegram Channel : https://t.me/abhishekveeramalla
LinkedIn: https://www.linkedin.com/in/abhishek-veeramalla
GitHub: https://github.com/iam-veeramalla
Medium: https://abhishekveeramalla-av.medium.com/

Free Azure Course
Azure DevOps
Learn Azure 
Best Azure Course
Azure course 2024
Learn Azure from Basics
Azure DevOps with examples
Azure DevOps projects
Azure simplified
Learn Azure for Free
Azure DevOps Playlists
Azure DevOps Projects
Azure DevOps Interview Questions
Azure Fundamentals
AZ-900 course
AZ-900 certification courses
AZ-900 playlist
Videos to clear AZ-900 .
.
Disclaimer: Unauthorized copying, reproduction, or distribution of this video content, in whole or in part, is strictly prohibited. Any attempt to upload, share, or use this content for commercial or non-commercial purposes without explicit permission from the owner will be subject to legal action. All rights reserved.",https://i.ytimg.com/vi/pHZDkJxd-wE/maxresdefault.jpg,Abhishek.Veeramalla,124884,1627,202,3604,60.07,1:00:04,"1 Hours, 0 Minutes, 4 Seconds",2024-02-05T16:15:56,https://www.youtube.com/watch?v=pHZDkJxd-wE,"[#Free Azure DevOps playlist, #Azure DevOps courses, #Learn Azure for Free, #Best channel for Azure DevOps, #Best channel for DevOps, #Learn Azure DevOps with Projects, #Azure DevOps explained, #Azure simplified, #Azure Courses, #Azure Zero to Hero, #Azure concepts explained, #Azure Fundamentals, #Azure AZ-900 courses, #AZ-900 playlists, #AZ-900 certification courses, #Azure Interview preparation, #Azure Interview Questions, #Best Azure course, #Best Azure DevOps course, #Best DevOps Course]",[],[],"[https://www.udemy.com/course/ultimate-devops-project-with-resume-preparation/?referralCode=9F588E43854814744430, https://t.me/abhishekveeramalla, https://www.youtube.com/playlist?list=PLdpzxOOAlwvIcxgCUyBHVOcWs0Krjx9xR, https://www.youtube.com/@AbhishekVeeramalla/join, https://abhishekveeramalla-av.medium.com/, https://www.buymeacoffee.com/abhishekprd, https://github.com/iam-veeramalla/Azure-zero-to-hero., https://www.youtube.com/playlist?list=PLdpzxOOAlwvLNOxX0RfndiYSt1Le9azze, https://www.youtube.com/playlist?list=PLdpzxOOAlwvKwTyYNJCUwGPvql0TrsPgv, https://www.udemy.com/course/ultimate-devops-project-with-resume-preparation/, https://www.udemy.com/course/ultimate-devops-and-cloud-interview-guide/, https://www.youtube.com/playlist?list=PLdpzxOOAlwvI0O4PeKVV1-yJoX2AqIWuf, https://www.instagram.com/abhishekveeramalla_official/, https://www.linkedin.com/in/abhishek-veeramalla, https://github.com/iam-veeramalla, https://www.youtube.com/playlist?list=PLdpzxOOAlwvIKMhk8WhzN1pYoJ1YU8Csa]"
Day -12 | Azure IAM from Basics | Azure Managed Identities Demo with Microsoft Entra (With Notes),"Join our 24*7 Career guidance channel:
www.youtube.com/abhishekveeramalla/join

End to End DevOps Project on Udemy
https://www.udemy.com/course/ultimate-devops-project-with-resume-preparation/

Ultimate DevOps Interview Guide
https://www.udemy.com/course/ultimate-devops-and-cloud-interview-guide/

---- 

Udemy Course (End to End DevOps Project)
https://www.udemy.com/course/ultimate-devops-project-with-resume-preparation/?referralCode=9F588E43854814744430

--- --- Support my work
https://www.buymeacoffee.com/abhishekprd This video is Day-12 of Azure Zero to Hero (Free Azure Course including Azure DevOps). You can follow the link below to watch all the videos in this playlist. 
https://www.youtube.com/playlist?list=PLdpzxOOAlwvIcxgCUyBHVOcWs0Krjx9xR

Have any questions while learning ? Don't worry, Join our Doubts Clearing Group.
Join our Doubts Clearing Group
https://www.youtube.com/@AbhishekVeeramalla/join

Notes for the playlist - https://github.com/iam-veeramalla/Azure-zero-to-hero.
- Authentication Services in Azure
- Identity Access Management (IAM)
- Implementing RBAC
- Best Practices for RBAC

Here are some more very useful Zero to Hero playlists on the channel. 
- Free DevOps Playlist: https://www.youtube.com/playlist?list=PLdpzxOOAlwvIKMhk8WhzN1pYoJ1YU8Csa
- AWS Zero to Hero Playlist: https://www.youtube.com/playlist?list=PLdpzxOOAlwvLNOxX0RfndiYSt1Le9azze
- Terraform Zero to Hero Playlist: https://www.youtube.com/playlist?list=PLdpzxOOAlwvI0O4PeKVV1-yJoX2AqIWuf
- Python for DevOps Playlist: https://www.youtube.com/playlist?list=PLdpzxOOAlwvKwTyYNJCUwGPvql0TrsPgv

About me:
========
Instagram: https://www.instagram.com/abhishekveeramalla_official/
Telegram Channel : https://t.me/abhishekveeramalla
LinkedIn: https://www.linkedin.com/in/abhishek-veeramalla
GitHub: https://github.com/iam-veeramalla
Medium: https://abhishekveeramalla-av.medium.com/

Free Azure Course
Azure DevOps
Learn Azure 
Best Azure Course
Azure course 2024
Learn Azure from Basics
Azure DevOps with examples
Azure DevOps projects
Azure simplified
Learn Azure for Free
Azure DevOps Playlists
Azure DevOps Projects
Azure DevOps Interview Questions
Azure Fundamentals
AZ-900 course
AZ-900 certification courses
AZ-900 playlist
Videos to clear AZ-900 .
.
Disclaimer: Unauthorized copying, reproduction, or distribution of this video content, in whole or in part, is strictly prohibited. Any attempt to upload, share, or use this content for commercial or non-commercial purposes without explicit permission from the owner will be subject to legal action. All rights reserved.",https://i.ytimg.com/vi/ng5n4MsymRE/maxresdefault.jpg,Abhishek.Veeramalla,162908,2080,148,2680,44.67,44:40,"44 Minutes, 40 Seconds",2024-02-06T18:11:45,https://www.youtube.com/watch?v=ng5n4MsymRE,"[#Free Azure DevOps playlist, #Azure DevOps courses, #Learn Azure for Free, #Best channel for Azure DevOps, #Best channel for DevOps, #Learn Azure DevOps with Projects, #Azure DevOps explained, #Azure simplified, #Azure Courses, #Azure Zero to Hero, #Azure concepts explained, #Azure Fundamentals, #Azure AZ-900 courses, #AZ-900 playlists, #AZ-900 certification courses, #Azure Interview preparation, #Azure Interview Questions, #Best Azure course, #Best Azure DevOps course, #Best DevOps Course]",[],[],"[https://www.udemy.com/course/ultimate-devops-project-with-resume-preparation/?referralCode=9F588E43854814744430, https://t.me/abhishekveeramalla, https://www.youtube.com/playlist?list=PLdpzxOOAlwvIcxgCUyBHVOcWs0Krjx9xR, https://www.youtube.com/@AbhishekVeeramalla/join, https://abhishekveeramalla-av.medium.com/, https://www.buymeacoffee.com/abhishekprd, https://github.com/iam-veeramalla/Azure-zero-to-hero., https://www.youtube.com/playlist?list=PLdpzxOOAlwvLNOxX0RfndiYSt1Le9azze, https://www.youtube.com/playlist?list=PLdpzxOOAlwvKwTyYNJCUwGPvql0TrsPgv, https://www.udemy.com/course/ultimate-devops-project-with-resume-preparation/, https://www.udemy.com/course/ultimate-devops-and-cloud-interview-guide/, https://www.youtube.com/playlist?list=PLdpzxOOAlwvI0O4PeKVV1-yJoX2AqIWuf, https://www.instagram.com/abhishekveeramalla_official/, https://www.linkedin.com/in/abhishek-veeramalla, https://github.com/iam-veeramalla, https://www.youtube.com/playlist?list=PLdpzxOOAlwvIKMhk8WhzN1pYoJ1YU8Csa]"
Day-13 | Azure DevOps in 20 minutes | How & Why DevOps Engineers use Azure DevOps #freeazurecourse,"Join our 24*7 Career guidance channel:
www.youtube.com/abhishekveeramalla/join

End to End DevOps Project on Udemy
https://www.udemy.com/course/ultimate-devops-project-with-resume-preparation/

Ultimate DevOps Interview Guide
https://www.udemy.com/course/ultimate-devops-and-cloud-interview-guide/

---- 

Udemy Course (End to End DevOps Project)
https://www.udemy.com/course/ultimate-devops-project-with-resume-preparation/?referralCode=9F588E43854814744430

--- --- Support my work
https://www.buymeacoffee.com/abhishekprd
This video is Day-13 of Azure Zero to Hero (Free Azure Course including Azure DevOps). You can follow the link below to watch all the videos in this playlist. 
https://www.youtube.com/playlist?list=PLdpzxOOAlwvIcxgCUyBHVOcWs0Krjx9xR

Have any questions while learning ? Don't worry, Join our Doubts Clearing Group.
Join our Doubts Clearing Group
https://www.youtube.com/@AbhishekVeeramalla/join

Notes for the playlist - https://github.com/iam-veeramalla/Azure-zero-to-hero.
- Overview of Azure DevOps
- Why DevOps Engineers use Azure DevOps ?
- How DevOps Engineers use Azure DevOps ?
- Introduction to the Azure DevOps services
- Setting Up Projects and Repositories

Here are some more very useful Zero to Hero playlists on the channel. 
- Free DevOps Playlist: https://www.youtube.com/playlist?list=PLdpzxOOAlwvIKMhk8WhzN1pYoJ1YU8Csa
- AWS Zero to Hero Playlist: https://www.youtube.com/playlist?list=PLdpzxOOAlwvLNOxX0RfndiYSt1Le9azze
- Terraform Zero to Hero Playlist: https://www.youtube.com/playlist?list=PLdpzxOOAlwvI0O4PeKVV1-yJoX2AqIWuf
- Python for DevOps Playlist: https://www.youtube.com/playlist?list=PLdpzxOOAlwvKwTyYNJCUwGPvql0TrsPgv

About me:
========
Instagram: https://www.instagram.com/abhishekveeramalla_official/
Telegram Channel : https://t.me/abhishekveeramalla
LinkedIn: https://www.linkedin.com/in/abhishek-veeramalla
GitHub: https://github.com/iam-veeramalla
Medium: https://abhishekveeramalla-av.medium.com/

Free Azure Course
Azure DevOps
Learn Azure 
Best Azure Course
Azure course 2024
Learn Azure from Basics
Azure DevOps with examples
Azure DevOps projects
Azure simplified
Learn Azure for Free
Azure DevOps Playlists
Azure DevOps Projects
Azure DevOps Interview Questions
Azure Fundamentals
AZ-900 course
AZ-900 certification courses
AZ-900 playlist
Videos to clear AZ-900 .
.
Disclaimer: Unauthorized copying, reproduction, or distribution of this video content, in whole or in part, is strictly prohibited. Any attempt to upload, share, or use this content for commercial or non-commercial purposes without explicit permission from the owner will be subject to legal action. All rights reserved.",https://i.ytimg.com/vi/oRylKSePwH8/maxresdefault.jpg,Abhishek.Veeramalla,91925,1193,119,1151,19.18,19:11,"19 Minutes, 11 Seconds",2024-02-07T15:47:26,https://www.youtube.com/watch?v=oRylKSePwH8,"[#Free Azure DevOps playlist, #Azure DevOps courses, #Learn Azure for Free, #Best channel for Azure DevOps, #Best channel for DevOps, #Learn Azure DevOps with Projects, #Azure DevOps explained, #Azure simplified, #Azure Courses, #Azure Zero to Hero, #Azure concepts explained, #Azure Fundamentals, #Azure AZ-900 courses, #AZ-900 playlists, #AZ-900 certification courses, #Azure Interview preparation, #Azure Interview Questions, #Best Azure course, #Best Azure DevOps course, #Best DevOps Course]",[],[],"[https://www.udemy.com/course/ultimate-devops-project-with-resume-preparation/?referralCode=9F588E43854814744430, https://t.me/abhishekveeramalla, https://www.youtube.com/playlist?list=PLdpzxOOAlwvIcxgCUyBHVOcWs0Krjx9xR, https://www.youtube.com/@AbhishekVeeramalla/join, https://abhishekveeramalla-av.medium.com/, https://www.buymeacoffee.com/abhishekprd, https://github.com/iam-veeramalla/Azure-zero-to-hero., https://www.youtube.com/playlist?list=PLdpzxOOAlwvLNOxX0RfndiYSt1Le9azze, https://www.youtube.com/playlist?list=PLdpzxOOAlwvKwTyYNJCUwGPvql0TrsPgv, https://www.udemy.com/course/ultimate-devops-project-with-resume-preparation/, https://www.udemy.com/course/ultimate-devops-and-cloud-interview-guide/, https://www.youtube.com/playlist?list=PLdpzxOOAlwvI0O4PeKVV1-yJoX2AqIWuf, https://www.instagram.com/abhishekveeramalla_official/, https://www.linkedin.com/in/abhishek-veeramalla, https://github.com/iam-veeramalla, https://www.youtube.com/playlist?list=PLdpzxOOAlwvIKMhk8WhzN1pYoJ1YU8Csa]"
Day-14 | DevOps Project from Absolute Zero| Project Setup+ CI pipelines implementation| Azure DevOps,"Join our 24*7 Career guidance channel:
www.youtube.com/abhishekveeramalla/join

End to End DevOps Project on Udemy
https://www.udemy.com/course/ultimate-devops-project-with-resume-preparation/

Ultimate DevOps Interview Guide
https://www.udemy.com/course/ultimate-devops-and-cloud-interview-guide/

---- 

Udemy Course (End to End DevOps Project)
https://www.udemy.com/course/ultimate-devops-project-with-resume-preparation/?referralCode=9F588E43854814744430

--- --- Support my work
https://www.buymeacoffee.com/abhishekprd

This video is Day-14 of Azure Zero to Hero (Free Azure Course including Azure DevOps). You can follow the link below to watch all the videos in this playlist. 
https://www.youtube.com/playlist?list=PLdpzxOOAlwvIcxgCUyBHVOcWs0Krjx9xR

Have any questions while learning ? Don't worry, Join our Doubts Clearing Group.
Join our Doubts Clearing Group
https://www.youtube.com/@AbhishekVeeramalla/join

Notes for the playlist - https://github.com/iam-veeramalla/Azure-zero-to-hero.
- Azure DevOps CI/CD Pipelines
- A front-end web app in Python which lets you vote between two options
- A Redis which collects new votes
- A .NET worker which consumes votes and stores them
- A Postgres database backed by a Docker volume
- A Node.js web app which shows the results of the voting in real time

Here are some more very useful Zero to Hero playlists on the channel. 
- Free DevOps Playlist: https://www.youtube.com/playlist?list=PLdpzxOOAlwvIKMhk8WhzN1pYoJ1YU8Csa
- AWS Zero to Hero Playlist: https://www.youtube.com/playlist?list=PLdpzxOOAlwvLNOxX0RfndiYSt1Le9azze
- Terraform Zero to Hero Playlist: https://www.youtube.com/playlist?list=PLdpzxOOAlwvI0O4PeKVV1-yJoX2AqIWuf
- Python for DevOps Playlist: https://www.youtube.com/playlist?list=PLdpzxOOAlwvKwTyYNJCUwGPvql0TrsPgv

About me:
========
Instagram: https://www.instagram.com/abhishekveeramalla_official/
Telegram Channel : https://t.me/abhishekveeramalla
LinkedIn: https://www.linkedin.com/in/abhishek-veeramalla
GitHub: https://github.com/iam-veeramalla
Medium: https://abhishekveeramalla-av.medium.com/

DevOps Project Ideas
Advanced DevOps Projects
Best DevOps Projects
DevOps Projects 2024
DevOps CI/CD Projects
Free Azure Course
Azure DevOps
Learn Azure 
Best Azure Course
Azure course 2024
Learn Azure from Basics
Azure DevOps with examples
Azure DevOps projects
Azure simplified
Learn Azure for Free
Azure DevOps Playlists
Azure DevOps Projects
Azure DevOps Interview Questions
Azure Fundamentals
AZ-900 course
AZ-900 certification courses
AZ-900 playlist
Videos to clear AZ-900 .
.
Disclaimer: Unauthorized copying, reproduction, or distribution of this video content, in whole or in part, is strictly prohibited. Any attempt to upload, share, or use this content for commercial or non-commercial purposes without explicit permission from the owner will be subject to legal action. All rights reserved.",https://i.ytimg.com/vi/aAjH9wqtx9o/maxresdefault.jpg,Abhishek.Veeramalla,176039,1886,372,4904,81.73,1:21:44,"1 Hours, 21 Minutes, 44 Seconds",2024-02-09T17:19:29,https://www.youtube.com/watch?v=aAjH9wqtx9o,"[#Free Azure DevOps playlist, #Azure DevOps courses, #Learn Azure for Free, #Best channel for Azure DevOps, #Best channel for DevOps, #Learn Azure DevOps with Projects, #Azure DevOps explained, #Azure simplified, #Azure Courses, #Azure Zero to Hero, #Azure concepts explained, #Azure Fundamentals, #Azure Interview Questions, #Best Azure course, #Best Azure DevOps course, #Best DevOps Course, #Best DevOps project, #DevOps project ideas, #Azure DevOps projects, #DevOps and Cloud projects, #DevOps]",[],[],"[https://www.udemy.com/course/ultimate-devops-project-with-resume-preparation/?referralCode=9F588E43854814744430, https://t.me/abhishekveeramalla, https://www.youtube.com/playlist?list=PLdpzxOOAlwvIcxgCUyBHVOcWs0Krjx9xR, https://www.youtube.com/@AbhishekVeeramalla/join, https://abhishekveeramalla-av.medium.com/, https://www.buymeacoffee.com/abhishekprd, https://github.com/iam-veeramalla/Azure-zero-to-hero., https://www.youtube.com/playlist?list=PLdpzxOOAlwvLNOxX0RfndiYSt1Le9azze, https://www.youtube.com/playlist?list=PLdpzxOOAlwvKwTyYNJCUwGPvql0TrsPgv, https://www.udemy.com/course/ultimate-devops-project-with-resume-preparation/, https://www.udemy.com/course/ultimate-devops-and-cloud-interview-guide/, https://www.youtube.com/playlist?list=PLdpzxOOAlwvI0O4PeKVV1-yJoX2AqIWuf, https://www.instagram.com/abhishekveeramalla_official/, https://www.linkedin.com/in/abhishek-veeramalla, https://github.com/iam-veeramalla, https://www.youtube.com/playlist?list=PLdpzxOOAlwvIKMhk8WhzN1pYoJ1YU8Csa]"
Day-15 | Ultimate Azure CI/CD Pipeline using Azure Pipelines & Argo CD | Multi Microservice Project,"Join our 24*7 Career guidance channel:
www.youtube.com/abhishekveeramalla/join

End to End DevOps Project on Udemy
https://www.udemy.com/course/ultimate-devops-project-with-resume-preparation/

Ultimate DevOps Interview Guide
https://www.udemy.com/course/ultimate-devops-and-cloud-interview-guide/

---- 

Udemy Course (End to End DevOps Project)
https://www.udemy.com/course/ultimate-devops-project-with-resume-preparation/?referralCode=9F588E43854814744430

--- --- Support my work
https://www.buymeacoffee.com/abhishekprd

This video is Day-15 of Azure Zero to Hero (Free Azure Course including Azure DevOps). You can follow the link below to watch all the videos in this playlist. 
https://www.youtube.com/playlist?list=PLdpzxOOAlwvIcxgCUyBHVOcWs0Krjx9xR

Have any questions while learning ? Don't worry, Join our Doubts Clearing Group.
Join our Doubts Clearing Group
https://www.youtube.com/@AbhishekVeeramalla/join

Notes for the playlist - https://github.com/iam-veeramalla/Azure-zero-to-hero.
- Azure DevOps CI/CD Pipelines
- A front-end web app in Python which lets you vote between two options
- A Redis which collects new votes
- A .NET worker which consumes votes and stores them
- A Postgres database backed by a Docker volume
- A Node.js web app which shows the results of the voting in real time

Here are some more very useful Zero to Hero playlists on the channel. 
- Free DevOps Playlist: https://www.youtube.com/playlist?list=PLdpzxOOAlwvIKMhk8WhzN1pYoJ1YU8Csa
- AWS Zero to Hero Playlist: https://www.youtube.com/playlist?list=PLdpzxOOAlwvLNOxX0RfndiYSt1Le9azze
- Terraform Zero to Hero Playlist: https://www.youtube.com/playlist?list=PLdpzxOOAlwvI0O4PeKVV1-yJoX2AqIWuf
- Python for DevOps Playlist: https://www.youtube.com/playlist?list=PLdpzxOOAlwvKwTyYNJCUwGPvql0TrsPgv

About me:
========
Instagram: https://www.instagram.com/abhishekveeramalla_official/
Telegram Channel : https://t.me/abhishekveeramalla
LinkedIn: https://www.linkedin.com/in/abhishek-veeramalla
GitHub: https://github.com/iam-veeramalla
Medium: https://abhishekveeramalla-av.medium.com/

DevOps Project Ideas
Advanced DevOps Projects
Best DevOps Projects
DevOps Projects 2024
DevOps CI/CD Projects
Free Azure Course
Azure DevOps
Learn Azure 
Best Azure Course
Azure course 2024
Learn Azure from Basics
Azure DevOps with examples
Azure DevOps projects
Azure simplified
Learn Azure for Free
Azure DevOps Playlists
Azure DevOps Projects
Azure DevOps Interview Questions
Azure Fundamentals
AZ-900 course
AZ-900 certification courses
AZ-900 playlist
Videos to clear AZ-900 .
.
Disclaimer: Unauthorized copying, reproduction, or distribution of this video content, in whole or in part, is strictly prohibited. Any attempt to upload, share, or use this content for commercial or non-commercial purposes without explicit permission from the owner will be subject to legal action. All rights reserved.",https://i.ytimg.com/vi/HyTIsLZWkZg/sddefault.jpg,Abhishek.Veeramalla,123106,1351,353,5646,94.1,1:34:06,"1 Hours, 34 Minutes, 6 Seconds",2024-02-14T15:30:09,https://www.youtube.com/watch?v=HyTIsLZWkZg,"[#Free Azure DevOps playlist, #Azure DevOps courses, #Learn Azure for Free, #Best channel for Azure DevOps, #Best channel for DevOps, #Learn Azure DevOps with Projects, #Azure DevOps explained, #Azure simplified, #Azure Courses, #Azure Zero to Hero, #Azure concepts explained, #Azure Fundamentals, #Azure Interview Questions, #Best Azure course, #Best Azure DevOps course, #Best DevOps Course, #Best DevOps project, #DevOps project ideas, #Azure DevOps projects, #DevOps and Cloud projects, #DevOps]",[],[],"[https://www.udemy.com/course/ultimate-devops-project-with-resume-preparation/?referralCode=9F588E43854814744430, https://t.me/abhishekveeramalla, https://www.youtube.com/playlist?list=PLdpzxOOAlwvIcxgCUyBHVOcWs0Krjx9xR, https://www.youtube.com/@AbhishekVeeramalla/join, https://abhishekveeramalla-av.medium.com/, https://www.buymeacoffee.com/abhishekprd, https://github.com/iam-veeramalla/Azure-zero-to-hero., https://www.youtube.com/playlist?list=PLdpzxOOAlwvLNOxX0RfndiYSt1Le9azze, https://www.youtube.com/playlist?list=PLdpzxOOAlwvKwTyYNJCUwGPvql0TrsPgv, https://www.udemy.com/course/ultimate-devops-project-with-resume-preparation/, https://www.udemy.com/course/ultimate-devops-and-cloud-interview-guide/, https://www.youtube.com/playlist?list=PLdpzxOOAlwvI0O4PeKVV1-yJoX2AqIWuf, https://www.instagram.com/abhishekveeramalla_official/, https://www.linkedin.com/in/abhishek-veeramalla, https://github.com/iam-veeramalla, https://www.youtube.com/playlist?list=PLdpzxOOAlwvIKMhk8WhzN1pYoJ1YU8Csa]"
Day-16 | AKS vs Self Managed Kubernetes Clusters | Pros and Cons | Azure Interview Questions,"Join our 24*7 Career guidance channel:
www.youtube.com/abhishekveeramalla/join

End to End DevOps Project on Udemy
https://www.udemy.com/course/ultimate-devops-project-with-resume-preparation/

Ultimate DevOps Interview Guide
https://www.udemy.com/course/ultimate-devops-and-cloud-interview-guide/

---- 

Udemy Course (End to End DevOps Project)
https://www.udemy.com/course/ultimate-devops-project-with-resume-preparation/?referralCode=9F588E43854814744430

--- --- Support my work
https://www.buymeacoffee.com/abhishekprd

This video is Day-16 of Azure Zero to Hero (Free Azure Course including Azure DevOps). You can follow the link below to watch all the videos in this playlist. 
https://www.youtube.com/playlist?list=PLdpzxOOAlwvIcxgCUyBHVOcWs0Krjx9xR

Have any questions while learning ? Don't worry, Join our Doubts Clearing Group.
Join our Doubts Clearing Group
https://www.youtube.com/@AbhishekVeeramalla/join

Notes for the playlist - https://github.com/iam-veeramalla/Azure-zero-to-hero.
- AKS DeepDive
- Advantages of AKS over Self managed Kubernetes Clusters

Here are some more very useful Zero to Hero playlists on the channel. 
- Free DevOps Playlist: https://www.youtube.com/playlist?list=PLdpzxOOAlwvIKMhk8WhzN1pYoJ1YU8Csa
- AWS Zero to Hero Playlist: https://www.youtube.com/playlist?list=PLdpzxOOAlwvLNOxX0RfndiYSt1Le9azze
- Terraform Zero to Hero Playlist: https://www.youtube.com/playlist?list=PLdpzxOOAlwvI0O4PeKVV1-yJoX2AqIWuf
- Python for DevOps Playlist: https://www.youtube.com/playlist?list=PLdpzxOOAlwvKwTyYNJCUwGPvql0TrsPgv

About me:
========
Instagram: https://www.instagram.com/abhishekveeramalla_official/
Telegram Channel : https://t.me/abhishekveeramalla
LinkedIn: https://www.linkedin.com/in/abhishek-veeramalla
GitHub: https://github.com/iam-veeramalla
Medium: https://abhishekveeramalla-av.medium.com/

DevOps Project Ideas
Advanced DevOps Projects
Best DevOps Projects
DevOps Projects 2024
DevOps CI/CD Projects
Free Azure Course
Azure DevOps
Learn Azure 
Best Azure Course
Azure course 2024
Learn Azure from Basics
Azure DevOps with examples
Azure DevOps projects
Azure simplified
Learn Azure for Free
Azure DevOps Playlists
Azure DevOps Projects
Azure DevOps Interview Questions
Azure Fundamentals
AZ-900 course
AZ-900 certification courses
AZ-900 playlist
Videos to clear AZ-900 .
.
Disclaimer: Unauthorized copying, reproduction, or distribution of this video content, in whole or in part, is strictly prohibited. Any attempt to upload, share, or use this content for commercial or non-commercial purposes without explicit permission from the owner will be subject to legal action. All rights reserved.",https://i.ytimg.com/vi/o_7yvVqLZXQ/maxresdefault.jpg,Abhishek.Veeramalla,58897,663,53,1751,29.18,29:11,"29 Minutes, 11 Seconds",2024-02-15T16:36:42,https://www.youtube.com/watch?v=o_7yvVqLZXQ,"[#Free Azure DevOps playlist, #Azure DevOps courses, #Learn Azure for Free, #Best channel for Azure DevOps, #Best channel for DevOps, #Learn Azure DevOps with Projects, #Azure DevOps explained, #Azure simplified, #Azure Courses, #Azure Zero to Hero, #Azure concepts explained, #Azure Fundamentals, #Azure Interview Questions, #Best Azure course, #Best Azure DevOps course, #Best DevOps Course, #Best DevOps project, #DevOps project ideas, #Azure DevOps projects, #DevOps and Cloud projects, #DevOps]",[],[],"[https://www.udemy.com/course/ultimate-devops-project-with-resume-preparation/?referralCode=9F588E43854814744430, https://t.me/abhishekveeramalla, https://www.youtube.com/playlist?list=PLdpzxOOAlwvIcxgCUyBHVOcWs0Krjx9xR, https://www.youtube.com/@AbhishekVeeramalla/join, https://abhishekveeramalla-av.medium.com/, https://www.buymeacoffee.com/abhishekprd, https://github.com/iam-veeramalla/Azure-zero-to-hero., https://www.youtube.com/playlist?list=PLdpzxOOAlwvLNOxX0RfndiYSt1Le9azze, https://www.youtube.com/playlist?list=PLdpzxOOAlwvKwTyYNJCUwGPvql0TrsPgv, https://www.udemy.com/course/ultimate-devops-project-with-resume-preparation/, https://www.udemy.com/course/ultimate-devops-and-cloud-interview-guide/, https://www.youtube.com/playlist?list=PLdpzxOOAlwvI0O4PeKVV1-yJoX2AqIWuf, https://www.instagram.com/abhishekveeramalla_official/, https://www.linkedin.com/in/abhishek-veeramalla, https://github.com/iam-veeramalla, https://www.youtube.com/playlist?list=PLdpzxOOAlwvIKMhk8WhzN1pYoJ1YU8Csa]"
Day - 17 | Deploy an E-Commerce Project on Azure Kubernetes Service | Step By Step Guide Project AKS,"Join our 24*7 Career guidance channel:
www.youtube.com/abhishekveeramalla/join

End to End DevOps Project on Udemy
https://www.udemy.com/course/ultimate-devops-project-with-resume-preparation/

Ultimate DevOps Interview Guide
https://www.udemy.com/course/ultimate-devops-and-cloud-interview-guide/

---- 

Udemy Course (End to End DevOps Project)
https://www.udemy.com/course/ultimate-devops-project-with-resume-preparation/?referralCode=9F588E43854814744430

--- --- Support my work
https://www.buymeacoffee.com/abhishekprd

This video is Day-17 of Azure Zero to Hero (Free Azure Course including Azure DevOps). You can follow the link below to watch all the videos in this playlist. 
https://www.youtube.com/playlist?list=PLdpzxOOAlwvIcxgCUyBHVOcWs0Krjx9xR

Have any questions while learning ? Don't worry, Join our Doubts Clearing Group.
Join our Doubts Clearing Group
https://www.youtube.com/@AbhishekVeeramalla/join

Notes for the playlist - https://github.com/iam-veeramalla/Azure-zero-to-hero.

In this video, we will:
- Understand what is three tier architecuture
- How different services connect to each other in three tier architecture
- How to create Dockerfiles for each service ?
- How to create Deployment, Service and Ingress
- How does Ingress controller work ?
- Expose the three tier application to end users.

Here are some more very useful Zero to Hero playlists on the channel. 
- Free DevOps Playlist: https://www.youtube.com/playlist?list=PLdpzxOOAlwvIKMhk8WhzN1pYoJ1YU8Csa
- AWS Zero to Hero Playlist: https://www.youtube.com/playlist?list=PLdpzxOOAlwvLNOxX0RfndiYSt1Le9azze
- Terraform Zero to Hero Playlist: https://www.youtube.com/playlist?list=PLdpzxOOAlwvI0O4PeKVV1-yJoX2AqIWuf
- Python for DevOps Playlist: https://www.youtube.com/playlist?list=PLdpzxOOAlwvKwTyYNJCUwGPvql0TrsPgv

About me:
========
Instagram: https://www.instagram.com/abhishekveeramalla_official/
Telegram Channel : https://t.me/abhishekveeramalla
LinkedIn: https://www.linkedin.com/in/abhishek-veeramalla
GitHub: https://github.com/iam-veeramalla
Medium: https://abhishekveeramalla-av.medium.com/

DevOps Project Ideas
Advanced DevOps Projects
Best DevOps Projects
DevOps Projects 2024
DevOps CI/CD Projects
Free Azure Course
Azure DevOps
Learn Azure 
Best Azure Course
Azure course 2024
Learn Azure from Basics
Azure DevOps with examples
Azure DevOps projects
Azure simplified
Learn Azure for Free
Azure DevOps Playlists
Azure DevOps Projects
Azure DevOps Interview Questions
Azure Fundamentals
AZ-900 course
AZ-900 certification courses
AZ-900 playlist
Videos to clear AZ-900 .
.
Disclaimer: Unauthorized copying, reproduction, or distribution of this video content, in whole or in part, is strictly prohibited. Any attempt to upload, share, or use this content for commercial or non-commercial purposes without explicit permission from the owner will be subject to legal action. All rights reserved.",https://i.ytimg.com/vi/akNSPKX0uIA/maxresdefault.jpg,Abhishek.Veeramalla,90572,1155,206,4532,75.53,1:15:32,"1 Hours, 15 Minutes, 32 Seconds",2024-02-16T15:30:00,https://www.youtube.com/watch?v=akNSPKX0uIA,"[#Free Azure DevOps playlist, #Azure DevOps courses, #Learn Azure for Free, #Best channel for Azure DevOps, #Best channel for DevOps, #Learn Azure DevOps with Projects, #Azure DevOps explained, #Azure simplified, #Azure Courses, #Azure Zero to Hero, #Azure concepts explained, #Azure Fundamentals, #Azure Interview Questions, #Best Azure course, #Best Azure DevOps course, #Best DevOps Course, #Best DevOps project, #DevOps project ideas, #Azure DevOps projects, #DevOps and Cloud projects, #DevOps]",[],[],"[https://www.udemy.com/course/ultimate-devops-project-with-resume-preparation/?referralCode=9F588E43854814744430, https://t.me/abhishekveeramalla, https://www.youtube.com/playlist?list=PLdpzxOOAlwvIcxgCUyBHVOcWs0Krjx9xR, https://www.youtube.com/@AbhishekVeeramalla/join, https://abhishekveeramalla-av.medium.com/, https://www.buymeacoffee.com/abhishekprd, https://github.com/iam-veeramalla/Azure-zero-to-hero., https://www.youtube.com/playlist?list=PLdpzxOOAlwvLNOxX0RfndiYSt1Le9azze, https://www.youtube.com/playlist?list=PLdpzxOOAlwvKwTyYNJCUwGPvql0TrsPgv, https://www.udemy.com/course/ultimate-devops-project-with-resume-preparation/, https://www.udemy.com/course/ultimate-devops-and-cloud-interview-guide/, https://www.youtube.com/playlist?list=PLdpzxOOAlwvI0O4PeKVV1-yJoX2AqIWuf, https://www.instagram.com/abhishekveeramalla_official/, https://www.linkedin.com/in/abhishek-veeramalla, https://github.com/iam-veeramalla, https://www.youtube.com/playlist?list=PLdpzxOOAlwvIKMhk8WhzN1pYoJ1YU8Csa]"
Day-18 | Azure DevOps Scenario Based Interview Questions with Answers #abhishekveeramalla #azure,"Join our 24*7 Career guidance channel:
www.youtube.com/abhishekveeramalla/join

End to End DevOps Project on Udemy
https://www.udemy.com/course/ultimate-devops-project-with-resume-preparation/

Ultimate DevOps Interview Guide
https://www.udemy.com/course/ultimate-devops-and-cloud-interview-guide/

---- 

Udemy Course (End to End DevOps Project)
https://www.udemy.com/course/ultimate-devops-project-with-resume-preparation/?referralCode=9F588E43854814744430

--- --- Support my work
https://www.buymeacoffee.com/abhishekprd

This video is Day-18 of Azure Zero to Hero (Free Azure Course including Azure DevOps). You can follow the link below to watch all the videos in this playlist. 
https://www.youtube.com/playlist?list=PLdpzxOOAlwvIcxgCUyBHVOcWs0Krjx9xR

Have any questions while learning ? Don't worry, Join our Doubts Clearing Group.
Join our Doubts Clearing Group
https://www.youtube.com/@AbhishekVeeramalla/join

Notes for the playlist - https://github.com/iam-veeramalla/Azure-zero-to-hero.

In this video, we will:
- Azure DevOps basic level Interview Questions
- Azure DevOps advanced level Interview Questions
- Azure DevOps scenario based Interview Questions

Here are some more very useful Zero to Hero playlists on the channel. 
- Free DevOps Playlist: https://www.youtube.com/playlist?list=PLdpzxOOAlwvIKMhk8WhzN1pYoJ1YU8Csa
- AWS Zero to Hero Playlist: https://www.youtube.com/playlist?list=PLdpzxOOAlwvLNOxX0RfndiYSt1Le9azze
- Terraform Zero to Hero Playlist: https://www.youtube.com/playlist?list=PLdpzxOOAlwvI0O4PeKVV1-yJoX2AqIWuf
- Python for DevOps Playlist: https://www.youtube.com/playlist?list=PLdpzxOOAlwvKwTyYNJCUwGPvql0TrsPgv

About me:
========
Instagram: https://www.instagram.com/abhishekveeramalla_official/
Telegram Channel : https://t.me/abhishekveeramalla
LinkedIn: https://www.linkedin.com/in/abhishek-veeramalla
GitHub: https://github.com/iam-veeramalla
Medium: https://abhishekveeramalla-av.medium.com/

DevOps Project Ideas
Advanced DevOps Projects
Best DevOps Projects
DevOps Projects 2024
DevOps CI/CD Projects
Free Azure Course
Azure DevOps
Learn Azure 
Best Azure Course
Azure course 2024
Learn Azure from Basics
Azure DevOps with examples
Azure DevOps projects
Azure simplified
Learn Azure for Free
Azure DevOps Playlists
Azure DevOps Projects
Azure DevOps Interview Questions
Azure Fundamentals
AZ-900 course
AZ-900 certification courses
AZ-900 playlist
Videos to clear AZ-900 .
.
Disclaimer: Unauthorized copying, reproduction, or distribution of this video content, in whole or in part, is strictly prohibited. Any attempt to upload, share, or use this content for commercial or non-commercial purposes without explicit permission from the owner will be subject to legal action. All rights reserved.",https://i.ytimg.com/vi/rRl2_5dU5lQ/maxresdefault.jpg,Abhishek.Veeramalla,71852,889,57,2096,34.93,34:56,"34 Minutes, 56 Seconds",2024-02-20T16:01:14,https://www.youtube.com/watch?v=rRl2_5dU5lQ,"[#Free Azure DevOps playlist, #Azure DevOps courses, #Learn Azure for Free, #Best channel for Azure DevOps, #Best channel for DevOps, #Learn Azure DevOps with Projects, #Azure DevOps explained, #Azure simplified, #Azure Courses, #Azure Zero to Hero, #Azure concepts explained, #Azure Fundamentals, #Azure Interview Questions, #Best Azure course, #Best Azure DevOps course, #Best DevOps Course, #Best DevOps project, #DevOps project ideas, #Azure DevOps projects, #DevOps and Cloud projects, #DevOps]",[],[],"[https://www.udemy.com/course/ultimate-devops-project-with-resume-preparation/?referralCode=9F588E43854814744430, https://t.me/abhishekveeramalla, https://www.youtube.com/playlist?list=PLdpzxOOAlwvIcxgCUyBHVOcWs0Krjx9xR, https://www.youtube.com/@AbhishekVeeramalla/join, https://abhishekveeramalla-av.medium.com/, https://www.buymeacoffee.com/abhishekprd, https://github.com/iam-veeramalla/Azure-zero-to-hero., https://www.youtube.com/playlist?list=PLdpzxOOAlwvLNOxX0RfndiYSt1Le9azze, https://www.youtube.com/playlist?list=PLdpzxOOAlwvKwTyYNJCUwGPvql0TrsPgv, https://www.udemy.com/course/ultimate-devops-project-with-resume-preparation/, https://www.udemy.com/course/ultimate-devops-and-cloud-interview-guide/, https://www.youtube.com/playlist?list=PLdpzxOOAlwvI0O4PeKVV1-yJoX2AqIWuf, https://www.instagram.com/abhishekveeramalla_official/, https://www.linkedin.com/in/abhishek-veeramalla, https://github.com/iam-veeramalla, https://www.youtube.com/playlist?list=PLdpzxOOAlwvIKMhk8WhzN1pYoJ1YU8Csa]"
Day-19 | Creating Effective Monitoring System on Azure | Monitor | Prometheus | Network Watcher,"Join our 24*7 Career guidance channel:
www.youtube.com/abhishekveeramalla/join

End to End DevOps Project on Udemy
https://www.udemy.com/course/ultimate-devops-project-with-resume-preparation/

Ultimate DevOps Interview Guide
https://www.udemy.com/course/ultimate-devops-and-cloud-interview-guide/

---- 

Udemy Course (End to End DevOps Project)
https://www.udemy.com/course/ultimate-devops-project-with-resume-preparation/?referralCode=9F588E43854814744430

--- --- Support my work
https://www.buymeacoffee.com/abhishekprd

This video is Day-19 of Azure Zero to Hero (Free Azure Course including Azure DevOps). You can follow the link below to watch all the videos in this playlist. 
https://www.youtube.com/playlist?list=PLdpzxOOAlwvIcxgCUyBHVOcWs0Krjx9xR

Have any questions while learning ? Don't worry, Join our Doubts Clearing Group.
Join our Doubts Clearing Group
https://www.youtube.com/@AbhishekVeeramalla/join

Notes for the playlist - https://github.com/iam-veeramalla/Azure-zero-to-hero.
- What is Monitoring for DevOps and SRE Engineers ?
- What does DevOps and SRE Engineers Monitor ?
- How to create a Effective Monitoring System ?
- 6 Levels of Monitoring for DevOps Engineers ?
- Network Monitoring
- Monitoring Nodes/NodePools or VMSS
- Control Plane Monitoring of k8s
- Data Plane or Workload Monitoring (Deployment, Pods, Containers)
- Application Monitoring (APM)
- Azure Resources such as VM, Storage account monitoring.

Here are some more very useful Zero to Hero playlists on the channel. 
- Free DevOps Playlist: https://www.youtube.com/playlist?list=PLdpzxOOAlwvIKMhk8WhzN1pYoJ1YU8Csa
- AWS Zero to Hero Playlist: https://www.youtube.com/playlist?list=PLdpzxOOAlwvLNOxX0RfndiYSt1Le9azze
- Terraform Zero to Hero Playlist: https://www.youtube.com/playlist?list=PLdpzxOOAlwvI0O4PeKVV1-yJoX2AqIWuf
- Python for DevOps Playlist: https://www.youtube.com/playlist?list=PLdpzxOOAlwvKwTyYNJCUwGPvql0TrsPgv

About me:
========
Instagram: https://www.instagram.com/abhishekveeramalla_official/
Telegram Channel : https://t.me/abhishekveeramalla
LinkedIn: https://www.linkedin.com/in/abhishek-veeramalla
GitHub: https://github.com/iam-veeramalla
Medium: https://abhishekveeramalla-av.medium.com/

DevOps Project Ideas
Advanced DevOps Projects
Best DevOps Projects
DevOps Projects 2024
DevOps CI/CD Projects
Free Azure Course
Azure DevOps
Learn Azure 
Best Azure Course
Azure course 2024
Learn Azure from Basics
Azure DevOps with examples
Azure DevOps projects
Azure simplified
Learn Azure for Free
Azure DevOps Playlists
Azure DevOps Projects
Azure DevOps Interview Questions
Azure Fundamentals
AZ-900 course
AZ-900 certification courses
AZ-900 playlist
Videos to clear AZ-900 .
.
Disclaimer: Unauthorized copying, reproduction, or distribution of this video content, in whole or in part, is strictly prohibited. Any attempt to upload, share, or use this content for commercial or non-commercial purposes without explicit permission from the owner will be subject to legal action. All rights reserved.",https://i.ytimg.com/vi/E-4uImsWP_c/maxresdefault.jpg,Abhishek.Veeramalla,56533,665,207,1320,22,22:00,"22 Minutes, 0 Seconds",2024-02-23T15:46:44,https://www.youtube.com/watch?v=E-4uImsWP_c,"[#Free Azure DevOps playlist, #Azure DevOps courses, #Learn Azure for Free, #Best channel for Azure DevOps, #Best channel for DevOps, #Learn Azure DevOps with Projects, #Azure DevOps explained, #Azure simplified, #Azure Courses, #Azure Zero to Hero, #Azure concepts explained, #Azure Fundamentals, #Azure Interview Questions, #Best Azure course, #Best Azure DevOps course, #Best DevOps Course, #Best DevOps project, #DevOps project ideas, #Azure DevOps projects, #DevOps and Cloud projects, #DevOps]",[],[],"[https://www.udemy.com/course/ultimate-devops-project-with-resume-preparation/?referralCode=9F588E43854814744430, https://t.me/abhishekveeramalla, https://www.youtube.com/playlist?list=PLdpzxOOAlwvIcxgCUyBHVOcWs0Krjx9xR, https://www.youtube.com/@AbhishekVeeramalla/join, https://abhishekveeramalla-av.medium.com/, https://www.buymeacoffee.com/abhishekprd, https://github.com/iam-veeramalla/Azure-zero-to-hero., https://www.youtube.com/playlist?list=PLdpzxOOAlwvLNOxX0RfndiYSt1Le9azze, https://www.youtube.com/playlist?list=PLdpzxOOAlwvKwTyYNJCUwGPvql0TrsPgv, https://www.udemy.com/course/ultimate-devops-project-with-resume-preparation/, https://www.udemy.com/course/ultimate-devops-and-cloud-interview-guide/, https://www.youtube.com/playlist?list=PLdpzxOOAlwvI0O4PeKVV1-yJoX2AqIWuf, https://www.instagram.com/abhishekveeramalla_official/, https://www.linkedin.com/in/abhishek-veeramalla, https://github.com/iam-veeramalla, https://www.youtube.com/playlist?list=PLdpzxOOAlwvIKMhk8WhzN1pYoJ1YU8Csa]"
Day-20 | Azure Key Vault Integration with AKS | Kubernetes Secret Store CSI Driver with Azure Vault,"Join our 24*7 Career guidance channel:
www.youtube.com/abhishekveeramalla/join

End to End DevOps Project on Udemy
https://www.udemy.com/course/ultimate-devops-project-with-resume-preparation/

Ultimate DevOps Interview Guide
https://www.udemy.com/course/ultimate-devops-and-cloud-interview-guide/

---- 

Udemy Course (End to End DevOps Project)
https://www.udemy.com/course/ultimate-devops-project-with-resume-preparation/?referralCode=9F588E43854814744430

--- --- Support my work
https://www.buymeacoffee.com/abhishekprd

This video is Day-20 of Azure Zero to Hero (Free Azure Course including Azure DevOps). You can follow the link below to watch all the videos in this playlist. 
https://www.youtube.com/playlist?list=PLdpzxOOAlwvIcxgCUyBHVOcWs0Krjx9xR

Secrets Management on Azure with Secrets Store CSI Driver using Azure Vault Provider.
Secrets Management is one of the critical tasks of a DevOps and Cloud Engineer. In this video, I have demonstrated how one can use Azure Vault as a centralized secrets management solution and how a DevOps Engineer can configure the AKS Cluster to Implement the Secrets Management using Vault.

This 1 hr Hands-on Tutorial will cover how to setup 
- How to Install AKS with required Addons
- Setup Secrets Store CSI Driver
- Azure Vault Provider for the SSCSI Driver
- Create a Secrets Provider Class
- Create a Managed Identity and implement Federation using OIDC 
- Configure K8s Service Account Accordingly 
and Finally, Create a Pod to verify if the Pod can access the Secrets from the Azure Key Vault.

Have any questions while learning ? Don't worry, Join our Doubts Clearing Group.
Join our Doubts Clearing Group
https://www.youtube.com/@AbhishekVeeramalla/join

Notes for the playlist - https://github.com/iam-veeramalla/Azure-zero-to-hero.

Here are some more very useful Zero to Hero playlists on the channel. 
- Free DevOps Playlist: https://www.youtube.com/playlist?list=PLdpzxOOAlwvIKMhk8WhzN1pYoJ1YU8Csa
- AWS Zero to Hero Playlist: https://www.youtube.com/playlist?list=PLdpzxOOAlwvLNOxX0RfndiYSt1Le9azze
- Terraform Zero to Hero Playlist: https://www.youtube.com/playlist?list=PLdpzxOOAlwvI0O4PeKVV1-yJoX2AqIWuf
- Python for DevOps Playlist: https://www.youtube.com/playlist?list=PLdpzxOOAlwvKwTyYNJCUwGPvql0TrsPgv

About me:
========
Instagram: https://www.instagram.com/abhishekveeramalla_official/
Telegram Channel : https://t.me/abhishekveeramalla
LinkedIn: https://www.linkedin.com/in/abhishek-veeramalla
GitHub: https://github.com/iam-veeramalla
Medium: https://abhishekveeramalla-av.medium.com/

DevOps Project Ideas
Advanced DevOps Projects
Best DevOps Projects
DevOps Projects 2024
DevOps CI/CD Projects
Free Azure Course
Azure DevOps
Learn Azure 
Best Azure Course
Azure course 2024
Learn Azure from Basics
Azure DevOps with examples
Azure DevOps projects
Azure simplified
Learn Azure for Free
Azure DevOps Playlists
Azure DevOps Projects
Azure DevOps Interview Questions
Azure Fundamentals
AZ-900 course
AZ-900 certification courses
AZ-900 playlist
Videos to clear AZ-900
Azure Secret Store CSI Driver
Azure Secret Store CSI Driver with Azure vault Integration
Azure DevOps Project for Resume
Azure Secrets Management .
.
Disclaimer: Unauthorized copying, reproduction, or distribution of this video content, in whole or in part, is strictly prohibited. Any attempt to upload, share, or use this content for commercial or non-commercial purposes without explicit permission from the owner will be subject to legal action. All rights reserved.",https://i.ytimg.com/vi/MJ97ZInCXgY/maxresdefault.jpg,Abhishek.Veeramalla,54738,679,84,3123,52.05,52:03,"52 Minutes, 3 Seconds",2024-02-29T16:08:45,https://www.youtube.com/watch?v=MJ97ZInCXgY,"[#Free Azure DevOps playlist, #Azure DevOps courses, #Learn Azure for Free, #Best channel for Azure DevOps, #Best channel for DevOps, #Learn Azure DevOps with Projects, #Azure DevOps explained, #Azure simplified, #Azure Courses, #Azure Zero to Hero, #Azure concepts explained, #Azure Fundamentals, #Azure Interview Questions, #Best Azure course, #Best Azure DevOps course, #Best DevOps Course, #Best DevOps project, #DevOps project ideas, #Azure DevOps projects, #DevOps and Cloud projects, #DevOps]",[],[],"[https://www.udemy.com/course/ultimate-devops-project-with-resume-preparation/?referralCode=9F588E43854814744430, https://t.me/abhishekveeramalla, https://www.youtube.com/playlist?list=PLdpzxOOAlwvIcxgCUyBHVOcWs0Krjx9xR, https://www.youtube.com/@AbhishekVeeramalla/join, https://abhishekveeramalla-av.medium.com/, https://www.buymeacoffee.com/abhishekprd, https://github.com/iam-veeramalla/Azure-zero-to-hero., https://www.youtube.com/playlist?list=PLdpzxOOAlwvLNOxX0RfndiYSt1Le9azze, https://www.youtube.com/playlist?list=PLdpzxOOAlwvKwTyYNJCUwGPvql0TrsPgv, https://www.udemy.com/course/ultimate-devops-project-with-resume-preparation/, https://www.udemy.com/course/ultimate-devops-and-cloud-interview-guide/, https://www.youtube.com/playlist?list=PLdpzxOOAlwvI0O4PeKVV1-yJoX2AqIWuf, https://www.instagram.com/abhishekveeramalla_official/, https://www.linkedin.com/in/abhishek-veeramalla, https://github.com/iam-veeramalla, https://www.youtube.com/playlist?list=PLdpzxOOAlwvIKMhk8WhzN1pYoJ1YU8Csa]"
Day-21 | Introduction to Serverless using Azure Functions ? Real Time Usecases #abhishekveeramalla,"Join our 24*7 Career guidance channel:
www.youtube.com/abhishekveeramalla/join

End to End DevOps Project on Udemy
https://www.udemy.com/course/ultimate-devops-project-with-resume-preparation/

Ultimate DevOps Interview Guide
https://www.udemy.com/course/ultimate-devops-and-cloud-interview-guide/

---- 

Udemy Course (End to End DevOps Project)
https://www.udemy.com/course/ultimate-devops-project-with-resume-preparation/?referralCode=9F588E43854814744430

--- --- Support my work
https://www.buymeacoffee.com/abhishekprd

This video is Day-21 of Azure Zero to Hero (Free Azure Course including Azure DevOps). You can follow the link below to watch all the videos in this playlist. 
https://www.youtube.com/playlist?list=PLdpzxOOAlwvIcxgCUyBHVOcWs0Krjx9xR

Have any questions while learning ? Don't worry, Join our Doubts Clearing Group.
Join our Doubts Clearing Group
https://www.youtube.com/@AbhishekVeeramalla/join

Notes for the playlist - https://github.com/iam-veeramalla/Azure-zero-to-hero.

What is Serverless ?
Why Serverless ?
How DevOps Engineers use Serverless ?
Day to Day tasks of a DevOps Engineers using Serverless ?
Azure Functions to implement Serverless on Azure Cloud

Here are some more very useful Zero to Hero playlists on the channel. 
- Free DevOps Playlist: https://www.youtube.com/playlist?list=PLdpzxOOAlwvIKMhk8WhzN1pYoJ1YU8Csa
- AWS Zero to Hero Playlist: https://www.youtube.com/playlist?list=PLdpzxOOAlwvLNOxX0RfndiYSt1Le9azze
- Terraform Zero to Hero Playlist: https://www.youtube.com/playlist?list=PLdpzxOOAlwvI0O4PeKVV1-yJoX2AqIWuf
- Python for DevOps Playlist: https://www.youtube.com/playlist?list=PLdpzxOOAlwvKwTyYNJCUwGPvql0TrsPgv

About me:
========
Instagram: https://www.instagram.com/abhishekveeramalla_official/
Telegram Channel : https://t.me/abhishekveeramalla
LinkedIn: https://www.linkedin.com/in/abhishek-veeramalla
GitHub: https://github.com/iam-veeramalla
Medium: https://abhishekveeramalla-av.medium.com/

DevOps Project Ideas
Advanced DevOps Projects
Best DevOps Projects
DevOps Projects 2024
DevOps CI/CD Projects
Free Azure Course
Azure DevOps
Learn Azure 
Best Azure Course
Azure course 2024
Learn Azure from Basics
Azure DevOps with examples
Azure DevOps projects
Azure simplified
Learn Azure for Free
Azure DevOps Playlists
Azure DevOps Projects
Azure DevOps Interview Questions
Azure Fundamentals
AZ-900 course
AZ-900 certification courses
AZ-900 playlist
Videos to clear AZ-900 .
.
Disclaimer: Unauthorized copying, reproduction, or distribution of this video content, in whole or in part, is strictly prohibited. Any attempt to upload, share, or use this content for commercial or non-commercial purposes without explicit permission from the owner will be subject to legal action. All rights reserved.",https://i.ytimg.com/vi/vPnRtBacbv8/maxresdefault.jpg,Abhishek.Veeramalla,45483,422,46,760,12.67,12:40,"12 Minutes, 40 Seconds",2024-03-01T15:31:24,https://www.youtube.com/watch?v=vPnRtBacbv8,"[#Free Azure DevOps playlist, #Azure DevOps courses, #Learn Azure for Free, #Best channel for Azure DevOps, #Best channel for DevOps, #Learn Azure DevOps with Projects, #Azure DevOps explained, #Azure simplified, #Azure Courses, #Azure Zero to Hero, #Azure concepts explained, #Azure Fundamentals, #Azure Interview Questions, #Best Azure course, #Best Azure DevOps course, #Best DevOps Course, #Best DevOps project, #DevOps project ideas, #Azure DevOps projects, #DevOps and Cloud projects, #DevOps]",[],[],"[https://www.udemy.com/course/ultimate-devops-project-with-resume-preparation/?referralCode=9F588E43854814744430, https://t.me/abhishekveeramalla, https://www.youtube.com/playlist?list=PLdpzxOOAlwvIcxgCUyBHVOcWs0Krjx9xR, https://www.youtube.com/@AbhishekVeeramalla/join, https://abhishekveeramalla-av.medium.com/, https://www.buymeacoffee.com/abhishekprd, https://github.com/iam-veeramalla/Azure-zero-to-hero., https://www.youtube.com/playlist?list=PLdpzxOOAlwvLNOxX0RfndiYSt1Le9azze, https://www.youtube.com/playlist?list=PLdpzxOOAlwvKwTyYNJCUwGPvql0TrsPgv, https://www.udemy.com/course/ultimate-devops-project-with-resume-preparation/, https://www.udemy.com/course/ultimate-devops-and-cloud-interview-guide/, https://www.youtube.com/playlist?list=PLdpzxOOAlwvI0O4PeKVV1-yJoX2AqIWuf, https://www.instagram.com/abhishekveeramalla_official/, https://www.linkedin.com/in/abhishek-veeramalla, https://github.com/iam-veeramalla, https://www.youtube.com/playlist?list=PLdpzxOOAlwvIKMhk8WhzN1pYoJ1YU8Csa]"
Day-22 | Event Driven Serverless Implementation with Demo | Azure Blob Trigger #freeazurecourse,"Join our 24*7 Career guidance channel:
www.youtube.com/abhishekveeramalla/join

End to End DevOps Project on Udemy
https://www.udemy.com/course/ultimate-devops-project-with-resume-preparation/

Ultimate DevOps Interview Guide
https://www.udemy.com/course/ultimate-devops-and-cloud-interview-guide/

---- 

Udemy Course (End to End DevOps Project)
https://www.udemy.com/course/ultimate-devops-project-with-resume-preparation/?referralCode=9F588E43854814744430

--- --- Support my work
https://www.buymeacoffee.com/abhishekprd

This video is Day-22 of Azure Zero to Hero (Free Azure Course including Azure DevOps). You can follow the link below to watch all the videos in this playlist. 
https://www.youtube.com/playlist?list=PLdpzxOOAlwvIcxgCUyBHVOcWs0Krjx9xR

Have any questions while learning ? Don't worry, Join our Doubts Clearing Group.
Join our Doubts Clearing Group
https://www.youtube.com/@AbhishekVeeramalla/join

Notes for the playlist - https://github.com/iam-veeramalla/Azure-zero-to-hero.
What is Serverless ?
Why Serverless ?
How DevOps Engineers use Serverless ?
Day to Day tasks of a DevOps Engineers using Serverless ?
Azure Functions to implement Serverless on Azure Cloud
How to create Serverless Functions on Azure ?
How to setup Azure Function Apps ?
How to setup Azure Functions ?
How to trigger the Azure Functions using Azure Blob Storage Trigger ?
Azure Serverless Practical Implementation
Azure Serverless Usecases with Demo

Here are some more very useful Zero to Hero playlists on the channel. 
- Free DevOps Playlist: https://www.youtube.com/playlist?list=PLdpzxOOAlwvIKMhk8WhzN1pYoJ1YU8Csa
- AWS Zero to Hero Playlist: https://www.youtube.com/playlist?list=PLdpzxOOAlwvLNOxX0RfndiYSt1Le9azze
- Terraform Zero to Hero Playlist: https://www.youtube.com/playlist?list=PLdpzxOOAlwvI0O4PeKVV1-yJoX2AqIWuf
- Python for DevOps Playlist: https://www.youtube.com/playlist?list=PLdpzxOOAlwvKwTyYNJCUwGPvql0TrsPgv

About me:
========
Instagram: https://www.instagram.com/abhishekveeramalla_official/
Telegram Channel : https://t.me/abhishekveeramalla
LinkedIn: https://www.linkedin.com/in/abhishek-veeramalla
GitHub: https://github.com/iam-veeramalla
Medium: https://abhishekveeramalla-av.medium.com/

DevOps Project Ideas
Advanced DevOps Projects
Best DevOps Projects
DevOps Projects 2024
DevOps CI/CD Projects
Free Azure Course
Azure DevOps
Learn Azure 
Best Azure Course
Azure course 2024
Learn Azure from Basics
Azure DevOps with examples
Azure DevOps projects
Azure simplified
Learn Azure for Free
Azure DevOps Playlists
Azure DevOps Projects
Azure DevOps Interview Questions
Azure Fundamentals
AZ-900 course
AZ-900 certification courses
AZ-900 playlist
Videos to clear AZ-900 .
.
Disclaimer: Unauthorized copying, reproduction, or distribution of this video content, in whole or in part, is strictly prohibited. Any attempt to upload, share, or use this content for commercial or non-commercial purposes without explicit permission from the owner will be subject to legal action. All rights reserved.",https://i.ytimg.com/vi/BKEPkZrsFyY/maxresdefault.jpg,Abhishek.Veeramalla,30128,360,47,3080,51.33,51:20,"51 Minutes, 20 Seconds",2024-03-12T15:49:19,https://www.youtube.com/watch?v=BKEPkZrsFyY,"[#Free Azure DevOps playlist, #Learn Azure for Free, #Best channel for Azure DevOps, #Best channel for DevOps, #Learn Azure DevOps with Projects, #Azure DevOps explained, #Azure simplified, #Azure Courses, #Azure Zero to Hero, #Azure Fundamentals, #Azure Interview Questions, #Best Azure course, #Best Azure DevOps course, #Azure DevOps projects, #DevOps and Cloud projects, #DevOps, #Serverless, #Best Serverless, #Serverless for DevOps, #Serverless Explained, #Abhishek Serverless, #Serverless Projects]",[],[],"[https://www.udemy.com/course/ultimate-devops-project-with-resume-preparation/?referralCode=9F588E43854814744430, https://t.me/abhishekveeramalla, https://www.youtube.com/playlist?list=PLdpzxOOAlwvIcxgCUyBHVOcWs0Krjx9xR, https://www.youtube.com/@AbhishekVeeramalla/join, https://abhishekveeramalla-av.medium.com/, https://www.buymeacoffee.com/abhishekprd, https://github.com/iam-veeramalla/Azure-zero-to-hero., https://www.youtube.com/playlist?list=PLdpzxOOAlwvLNOxX0RfndiYSt1Le9azze, https://www.youtube.com/playlist?list=PLdpzxOOAlwvKwTyYNJCUwGPvql0TrsPgv, https://www.udemy.com/course/ultimate-devops-project-with-resume-preparation/, https://www.udemy.com/course/ultimate-devops-and-cloud-interview-guide/, https://www.youtube.com/playlist?list=PLdpzxOOAlwvI0O4PeKVV1-yJoX2AqIWuf, https://www.instagram.com/abhishekveeramalla_official/, https://www.linkedin.com/in/abhishek-veeramalla, https://github.com/iam-veeramalla, https://www.youtube.com/playlist?list=PLdpzxOOAlwvIKMhk8WhzN1pYoJ1YU8Csa]"
Day-23 | Azure Zero to Hero | Getting Started with Terraform for Azure | Complete Setup - VS Code,"Join our 24*7 Career guidance channel:
www.youtube.com/abhishekveeramalla/join

End to End DevOps Project on Udemy
https://www.udemy.com/course/ultimate-devops-project-with-resume-preparation/

Ultimate DevOps Interview Guide
https://www.udemy.com/course/ultimate-devops-and-cloud-interview-guide/

---- 

Udemy Course (End to End DevOps Project)
https://www.udemy.com/course/ultimate-devops-project-with-resume-preparation/?referralCode=9F588E43854814744430

--- --- Support my work
https://www.buymeacoffee.com/abhishekprd

This video is Day-23 of Azure Zero to Hero (Free Azure Course including Azure DevOps). You can follow the link below to watch all the videos in this playlist. 
https://www.youtube.com/playlist?list=PLdpzxOOAlwvIcxgCUyBHVOcWs0Krjx9xR

Have any questions while learning ? Don't worry, Join our Doubts Clearing Group.
Join our Doubts Clearing Group
https://www.youtube.com/@AbhishekVeeramalla/join

Notes for the playlist - https://github.com/iam-veeramalla/Azure-zero-to-hero.

In this video, we will learn how to implement terraform with azure. We will start with basics to understand how to connect Azure with Terraform. How to setup the Visual Studio Code with required plugins and configuration to write Terraform in a very simple way.

Here are some more very useful Zero to Hero playlists on the channel. 
- Free DevOps Playlist: https://www.youtube.com/playlist?list=PLdpzxOOAlwvIKMhk8WhzN1pYoJ1YU8Csa
- AWS Zero to Hero Playlist: https://www.youtube.com/playlist?list=PLdpzxOOAlwvLNOxX0RfndiYSt1Le9azze
- Terraform Zero to Hero Playlist: https://www.youtube.com/playlist?list=PLdpzxOOAlwvI0O4PeKVV1-yJoX2AqIWuf
- Python for DevOps Playlist: https://www.youtube.com/playlist?list=PLdpzxOOAlwvKwTyYNJCUwGPvql0TrsPgv

About me:
========
Instagram: https://www.instagram.com/abhishekveeramalla_official/
Telegram Channel : https://t.me/abhishekveeramalla
LinkedIn: https://www.linkedin.com/in/abhishek-veeramalla
GitHub: https://github.com/iam-veeramalla
Medium: https://abhishekveeramalla-av.medium.com/

Getting Started with Terraform with Azure
Terraform 101 with Azure
Terraform basics with Azure
Terraform zero to hero with Azure
Terraform with Azure End to End
Best Terraform Video for Azure
Best Azure with Terraform Videos
Best channel to learn Terraform
Best Terraform course
Best Terraform Videos
How to automate Azure with Terraform
Learn Terraform with Azure .
.
Disclaimer: Unauthorized copying, reproduction, or distribution of this video content, in whole or in part, is strictly prohibited. Any attempt to upload, share, or use this content for commercial or non-commercial purposes without explicit permission from the owner will be subject to legal action. All rights reserved.",https://i.ytimg.com/vi/iNWC40Z_vrM/maxresdefault.jpg,Abhishek.Veeramalla,66096,776,80,3542,59.03,59:02,"59 Minutes, 2 Seconds",2024-03-14T17:28:04,https://www.youtube.com/watch?v=iNWC40Z_vrM,"[#Terraform with Azure, #Best Terraform videos for Azure, #Terraform Intergration with Azure, #How to automate terraform with Azure, #Terraform Azure Course, #Beginner Level Terraform Azure Guide, #Simple Terraform Azure videos, #How to use Visual Studio Code with Terraform, #Terraform Setup and Configuration, #Getting Started with Terraform, #Terraform 101 with Azure, #Best Terraform Course, #Best DevOps Course, #Best DevOps Channel, #Terraform Best videos, #Terraform in one video]",[],[],"[https://www.udemy.com/course/ultimate-devops-project-with-resume-preparation/?referralCode=9F588E43854814744430, https://t.me/abhishekveeramalla, https://www.youtube.com/playlist?list=PLdpzxOOAlwvIcxgCUyBHVOcWs0Krjx9xR, https://www.youtube.com/@AbhishekVeeramalla/join, https://abhishekveeramalla-av.medium.com/, https://www.buymeacoffee.com/abhishekprd, https://github.com/iam-veeramalla/Azure-zero-to-hero., https://www.youtube.com/playlist?list=PLdpzxOOAlwvLNOxX0RfndiYSt1Le9azze, https://www.youtube.com/playlist?list=PLdpzxOOAlwvKwTyYNJCUwGPvql0TrsPgv, https://www.udemy.com/course/ultimate-devops-project-with-resume-preparation/, https://www.udemy.com/course/ultimate-devops-and-cloud-interview-guide/, https://www.youtube.com/playlist?list=PLdpzxOOAlwvI0O4PeKVV1-yJoX2AqIWuf, https://www.instagram.com/abhishekveeramalla_official/, https://www.linkedin.com/in/abhishek-veeramalla, https://github.com/iam-veeramalla, https://www.youtube.com/playlist?list=PLdpzxOOAlwvIKMhk8WhzN1pYoJ1YU8Csa]"
Day-24 | DevOps Resume with Projects from my Zero to Hero Playlists | DevOps Projects Added,"Join our 24*7 Career guidance channel:
www.youtube.com/abhishekveeramalla/join

End to End DevOps Project on Udemy
https://www.udemy.com/course/ultimate-devops-project-with-resume-preparation/

Ultimate DevOps Interview Guide
https://www.udemy.com/course/ultimate-devops-and-cloud-interview-guide/

---- 

Udemy Course (End to End DevOps Project)
https://www.udemy.com/course/ultimate-devops-project-with-resume-preparation/?referralCode=9F588E43854814744430

--- --- Telegram Channel : https://t.me/abhishekveeramalla

Detailed Roadmap for DevOps Engineer
https://youtu.be/4mXgiOc4PU0?si=3WMLUk99OZiOXkrG

Support my work
https://www.buymeacoffee.com/abhishekprd

Have any questions while learning ? Don't worry, Join our Doubts Clearing Group.
Join our Doubts Clearing Group
https://www.youtube.com/@AbhishekVeeramalla/join

In this video, I will explain in the most easy and crisp way without wasting any time on ""What is the Difference between DevOps and Cloud Engineer ?""
You will learn what does a DevOps Engineer Do and What does a Cloud Engineer Do.

Here are some more very useful Zero to Hero playlists on the channel. 
- Free DevOps Playlist: https://www.youtube.com/playlist?list=PLdpzxOOAlwvIKMhk8WhzN1pYoJ1YU8Csa
- AWS Zero to Hero Playlist: https://www.youtube.com/playlist?list=PLdpzxOOAlwvLNOxX0RfndiYSt1Le9azze
- Terraform Zero to Hero Playlist: https://www.youtube.com/playlist?list=PLdpzxOOAlwvI0O4PeKVV1-yJoX2AqIWuf
- Python for DevOps Playlist: https://www.youtube.com/playlist?list=PLdpzxOOAlwvKwTyYNJCUwGPvql0TrsPgv

About me:
========
Instagram: https://www.instagram.com/abhishekveeramalla_official/
Telegram Channel : https://t.me/abhishekveeramalla
LinkedIn: https://www.linkedin.com/in/abhishek-veeramalla
GitHub: https://github.com/iam-veeramalla
Medium: https://abhishekveeramalla-av.medium.com/

DevOps and Cloud Resume
Prepare DevOps Resumes
How to Create an Impressive DevOps Resume
ATS DevOps Resume
DevOps Resume with Projects
How to add projects to DevOps resume
Freshers DevOps Resume
Freshers DevOps Resume Projects
Projects for DevOps .
.
Disclaimer: Unauthorized copying, reproduction, or distribution of this video content, in whole or in part, is strictly prohibited. Any attempt to upload, share, or use this content for commercial or non-commercial purposes without explicit permission from the owner will be subject to legal action. All rights reserved.",https://i.ytimg.com/vi/5z34I41GQFQ/maxresdefault.jpg,Abhishek.Veeramalla,86730,1454,156,2710,45.17,45:10,"45 Minutes, 10 Seconds",2024-03-15T15:03:55,https://www.youtube.com/watch?v=5z34I41GQFQ,"[#Learn DevOps, #Free DevOps courses, #Best DevOps channel, #DevOps RoadMap, #DevOps Projects, #Top DevOps tools, #DevOps Jobs, #DevOps market, #DevOps 2024, #how to start learning devops in 2024, #devops tutorials, #learn aws, #learn terraform, #learn kubernetes, #kubernetes best course, #terraform best course, #easy devops course, #beginner devops course, #Best DevOps Channel, #what to learn to become a DevOps Engineer ?, #fake experience, #career gap, #Easy technology to Switch to IT]",[],[],"[https://www.udemy.com/course/ultimate-devops-project-with-resume-preparation/?referralCode=9F588E43854814744430, https://t.me/abhishekveeramalla, https://www.youtube.com/@AbhishekVeeramalla/join, https://abhishekveeramalla-av.medium.com/, https://www.buymeacoffee.com/abhishekprd, https://www.youtube.com/playlist?list=PLdpzxOOAlwvLNOxX0RfndiYSt1Le9azze, https://www.instagram.com/abhishekveeramalla_official/, https://www.youtube.com/playlist?list=PLdpzxOOAlwvKwTyYNJCUwGPvql0TrsPgv, https://www.udemy.com/course/ultimate-devops-project-with-resume-preparation/, https://www.udemy.com/course/ultimate-devops-and-cloud-interview-guide/, https://www.youtube.com/playlist?list=PLdpzxOOAlwvI0O4PeKVV1-yJoX2AqIWuf, https://www.linkedin.com/in/abhishek-veeramalla, https://github.com/iam-veeramalla, https://www.youtube.com/playlist?list=PLdpzxOOAlwvIKMhk8WhzN1pYoJ1YU8Csa, https://youtu.be/4mXgiOc4PU0?si=3WMLUk99OZiOXkrG]"
"Day -25 | No Dockerfile, No K8s Manifests | Setup CI/CD in 5 minutes for any programming language","Join our 24*7 Career guidance channel:
www.youtube.com/abhishekveeramalla/join

End to End DevOps Project on Udemy
https://www.udemy.com/course/ultimate-devops-project-with-resume-preparation/

Ultimate DevOps Interview Guide
https://www.udemy.com/course/ultimate-devops-and-cloud-interview-guide/

---- 

Udemy Course (End to End DevOps Project)
https://www.udemy.com/course/ultimate-devops-project-with-resume-preparation/?referralCode=9F588E43854814744430

--- --- Support my work
https://www.buymeacoffee.com/abhishekprd

This video is part of Azure Zero to Hero (Free Azure Course including Azure DevOps). You can follow the link below to watch all the videos in this playlist. 
https://www.youtube.com/playlist?list=PLdpzxOOAlwvIcxgCUyBHVOcWs0Krjx9xR

In this video of Automated CI/CD Pipeline Generator. You will learn how to setup and implement automated CI/CD deployment on the AKS platform of Azure. 
- No Dockerfile, No Kubernetes manifests, No CI/CD Pipeline. Everything is generated automatically for you. Best way to start learning CI/CD and automated deployments. This makes life of DevOps Engineers extremely easy.

Have any questions while learning ? Don't worry, Join our Doubts Clearing Group.
Join our Doubts Clearing Group
https://www.youtube.com/@AbhishekVeeramalla/join

Notes for the playlist - https://github.com/iam-veeramalla/Azure-zero-to-hero.

Here are some more very useful Zero to Hero playlists on the channel. 
- Free DevOps Playlist: https://www.youtube.com/playlist?list=PLdpzxOOAlwvIKMhk8WhzN1pYoJ1YU8Csa
- AWS Zero to Hero Playlist: https://www.youtube.com/playlist?list=PLdpzxOOAlwvLNOxX0RfndiYSt1Le9azze
- Terraform Zero to Hero Playlist: https://www.youtube.com/playlist?list=PLdpzxOOAlwvI0O4PeKVV1-yJoX2AqIWuf
- Python for DevOps Playlist: https://www.youtube.com/playlist?list=PLdpzxOOAlwvKwTyYNJCUwGPvql0TrsPgv

Follow Jorge:
===========
https://www.linkedin.com/in/jorgearteiro
https://x.com/azuretar

About me:
========
Instagram: https://www.instagram.com/abhishekveeramalla_official/
Telegram Channel : https://t.me/abhishekveeramalla
LinkedIn: https://www.linkedin.com/in/abhishek-veeramalla
GitHub: https://github.com/iam-veeramalla
Medium: https://abhishekveeramalla-av.medium.com/

DevOps Project Ideas
Advanced DevOps Projects
Best DevOps Projects
DevOps Projects 2024
DevOps CI/CD Projects
Free Azure Course
Azure DevOps
Learn Azure 
Best Azure Course
Azure course 2024
Learn Azure from Basics
Azure DevOps with examples
Azure DevOps projects
Azure simplified
Learn Azure for Free
Azure DevOps Playlists
Azure DevOps Projects
Azure DevOps Interview Questions
Azure Fundamentals
AZ-900 course
AZ-900 certification courses
AZ-900 playlist
Videos to clear AZ-900 .
.
Disclaimer: Unauthorized copying, reproduction, or distribution of this video content, in whole or in part, is strictly prohibited. Any attempt to upload, share, or use this content for commercial or non-commercial purposes without explicit permission from the owner will be subject to legal action. All rights reserved.",https://i.ytimg.com/vi/io_yBU7vhIo/maxresdefault.jpg,Abhishek.Veeramalla,67678,746,85,1472,24.53,24:32,"24 Minutes, 32 Seconds",2024-03-04T16:29:27,https://www.youtube.com/watch?v=io_yBU7vhIo,"[#Free Azure DevOps playlist, #Azure DevOps courses, #Learn Azure for Free, #Best channel for Azure DevOps, #Best channel for DevOps, #Learn Azure DevOps with Projects, #Azure DevOps explained, #Azure simplified, #Azure Courses, #Azure Zero to Hero, #Azure concepts explained, #Azure Fundamentals, #Azure Interview Questions, #Best Azure course, #Best Azure DevOps course, #Best DevOps Course, #Best DevOps project, #DevOps project ideas, #Azure DevOps projects, #DevOps and Cloud projects, #DevOps]",[],[],"[https://www.udemy.com/course/ultimate-devops-project-with-resume-preparation/?referralCode=9F588E43854814744430, https://t.me/abhishekveeramalla, https://www.youtube.com/playlist?list=PLdpzxOOAlwvIcxgCUyBHVOcWs0Krjx9xR, https://www.youtube.com/@AbhishekVeeramalla/join, https://www.linkedin.com/in/jorgearteiro, https://x.com/azuretar, https://www.buymeacoffee.com/abhishekprd, https://github.com/iam-veeramalla/Azure-zero-to-hero., https://www.youtube.com/playlist?list=PLdpzxOOAlwvLNOxX0RfndiYSt1Le9azze, https://www.youtube.com/playlist?list=PLdpzxOOAlwvKwTyYNJCUwGPvql0TrsPgv, https://www.udemy.com/course/ultimate-devops-project-with-resume-preparation/, https://www.udemy.com/course/ultimate-devops-and-cloud-interview-guide/, https://www.youtube.com/playlist?list=PLdpzxOOAlwvI0O4PeKVV1-yJoX2AqIWuf, https://www.instagram.com/abhishekveeramalla_official/, https://www.linkedin.com/in/abhishek-veeramalla, https://github.com/iam-veeramalla, https://abhishekveeramalla-av.medium.com/, https://www.youtube.com/playlist?list=PLdpzxOOAlwvIKMhk8WhzN1pYoJ1YU8Csa]"
Day-26 | Scale your Kubernetes Cluster in a Cost Optimized Way | Useful Tips to reduce cost,"Join our 24*7 Career guidance channel:
www.youtube.com/abhishekveeramalla/join

End to End DevOps Project on Udemy
https://www.udemy.com/course/ultimate-devops-project-with-resume-preparation/

Ultimate DevOps Interview Guide
https://www.udemy.com/course/ultimate-devops-and-cloud-interview-guide/

---- 

Udemy Course (End to End DevOps Project)
https://www.udemy.com/course/ultimate-devops-project-with-resume-preparation/?referralCode=9F588E43854814744430

--- --- Support my work
https://www.buymeacoffee.com/abhishekprd

This video is part of Azure Zero to Hero (Free Azure Course including Azure DevOps). You can follow the link below to watch all the videos in this playlist. 
https://www.youtube.com/playlist?list=PLdpzxOOAlwvIcxgCUyBHVOcWs0Krjx9xR

You will learn how companies like Netflix, HBO, Jio or others scale their Kubernetes clusters to handle millions of users. Alot of people think they do it using Cluster Auto Scaler but the default Cluster Auto scaler does not help them. 

Why ? because the cluster auto scaler takes few minutes to start the node and run the cloud init scripts on the node. Users will see the downtime or slowness during this time which is a bad user experience. 

To solve this problem many customers on AWS add a fleet of nodes at once which will solve their problem but it is not a cost efficient way.
Azure has a solution to this. Cluster Auto Scaler with certain configurations will solve this problem. 

Have any questions while learning ? Don't worry, Join our Doubts Clearing Group.
Join our Doubts Clearing Group
https://www.youtube.com/@AbhishekVeeramalla/join

Notes for the playlist - https://github.com/iam-veeramalla/Azure-zero-to-hero.

Here are some more very useful Zero to Hero playlists on the channel. 
- Free DevOps Playlist: https://www.youtube.com/playlist?list=PLdpzxOOAlwvIKMhk8WhzN1pYoJ1YU8Csa
- AWS Zero to Hero Playlist: https://www.youtube.com/playlist?list=PLdpzxOOAlwvLNOxX0RfndiYSt1Le9azze
- Terraform Zero to Hero Playlist: https://www.youtube.com/playlist?list=PLdpzxOOAlwvI0O4PeKVV1-yJoX2AqIWuf
- Python for DevOps Playlist: https://www.youtube.com/playlist?list=PLdpzxOOAlwvKwTyYNJCUwGPvql0TrsPgv

About me:
========
Instagram: https://www.instagram.com/abhishekveeramalla_official/
Telegram Channel : https://t.me/abhishekveeramalla
LinkedIn: https://www.linkedin.com/in/abhishek-veeramalla
GitHub: https://github.com/iam-veeramalla
Medium: https://abhishekveeramalla-av.medium.com/

High Level System Design of Large systems
HLD of large systems
DevOps Project Ideas
Advanced DevOps Projects
Best DevOps Projects
DevOps Projects 2024
DevOps CI/CD Projects
Free Azure Course
Azure DevOps
Learn Azure 
Best Azure Course
Azure course 2024
Learn Azure from Basics
Azure DevOps with examples
Azure DevOps projects
Azure simplified
Learn Azure for Free
Azure DevOps Playlists
Azure DevOps Projects
Azure DevOps Interview Questions
Azure Fundamentals
AZ-900 course
AZ-900 certification courses
AZ-900 playlist
Videos to clear AZ-900 .
.
Disclaimer: Unauthorized copying, reproduction, or distribution of this video content, in whole or in part, is strictly prohibited. Any attempt to upload, share, or use this content for commercial or non-commercial purposes without explicit permission from the owner will be subject to legal action. All rights reserved.",https://i.ytimg.com/vi/z2qRGl9hqBU/maxresdefault.jpg,Abhishek.Veeramalla,17374,239,36,1857,30.95,30:57,"30 Minutes, 57 Seconds",2024-03-05T15:30:29,https://www.youtube.com/watch?v=z2qRGl9hqBU,"[#Free Azure DevOps playlist, #Azure DevOps courses, #Learn Azure for Free, #Best channel for Azure DevOps, #Best channel for DevOps, #Learn Azure DevOps with Projects, #Azure DevOps explained, #Azure simplified, #Azure Courses, #Azure Zero to Hero, #Azure concepts explained, #Azure Fundamentals, #Azure Interview Questions, #Best Azure course, #Best Azure DevOps course, #Best DevOps Course, #Best DevOps project, #DevOps project ideas, #Azure DevOps projects, #DevOps and Cloud projects, #DevOps]",[],[],"[https://www.udemy.com/course/ultimate-devops-project-with-resume-preparation/?referralCode=9F588E43854814744430, https://t.me/abhishekveeramalla, https://www.youtube.com/playlist?list=PLdpzxOOAlwvIcxgCUyBHVOcWs0Krjx9xR, https://www.youtube.com/@AbhishekVeeramalla/join, https://abhishekveeramalla-av.medium.com/, https://www.buymeacoffee.com/abhishekprd, https://github.com/iam-veeramalla/Azure-zero-to-hero., https://www.youtube.com/playlist?list=PLdpzxOOAlwvLNOxX0RfndiYSt1Le9azze, https://www.youtube.com/playlist?list=PLdpzxOOAlwvKwTyYNJCUwGPvql0TrsPgv, https://www.udemy.com/course/ultimate-devops-project-with-resume-preparation/, https://www.udemy.com/course/ultimate-devops-and-cloud-interview-guide/, https://www.youtube.com/playlist?list=PLdpzxOOAlwvI0O4PeKVV1-yJoX2AqIWuf, https://www.instagram.com/abhishekveeramalla_official/, https://www.linkedin.com/in/abhishek-veeramalla, https://github.com/iam-veeramalla, https://www.youtube.com/playlist?list=PLdpzxOOAlwvIKMhk8WhzN1pYoJ1YU8Csa]"
Day-27 | Make your windows laptop 10X productive for DevOps and Cloud | WSL 2,"Join our 24*7 Career guidance channel:
www.youtube.com/abhishekveeramalla/join

End to End DevOps Project on Udemy
https://www.udemy.com/course/ultimate-devops-project-with-resume-preparation/

Ultimate DevOps Interview Guide
https://www.udemy.com/course/ultimate-devops-and-cloud-interview-guide/

---- 

Udemy Course (End to End DevOps Project)
https://www.udemy.com/course/ultimate-devops-project-with-resume-preparation/?referralCode=9F588E43854814744430

--- --- Support my work
https://www.buymeacoffee.com/abhishekprd

This video is part of Azure Zero to Hero (Free Azure Course including Azure DevOps). You can follow the link below to watch all the videos in this playlist. 
https://www.youtube.com/playlist?list=PLdpzxOOAlwvIcxgCUyBHVOcWs0Krjx9xR

Have any questions while learning ? Don't worry, Join our Doubts Clearing Group.
Join our Doubts Clearing Group
https://www.youtube.com/@AbhishekVeeramalla/join

If you are a windows user, atleast once you might have felt that windows is not DevOps friendly.
Many of you might be using a free instance on aws or Azure and tired  of stopping it and most importantly you cannot install many packages of free instance due to lack of resources.

But in todays video Jorge will show us how to run a linux - ubuntu, centos, kali-linux anything in just 10 minutes. Now, you can use your windows machine to install softwares and practice devops.

Here are some more very useful Zero to Hero playlists on the channel. 
- Free DevOps Playlist: https://www.youtube.com/playlist?list=PLdpzxOOAlwvIKMhk8WhzN1pYoJ1YU8Csa
- AWS Zero to Hero Playlist: https://www.youtube.com/playlist?list=PLdpzxOOAlwvLNOxX0RfndiYSt1Le9azze
- Terraform Zero to Hero Playlist: https://www.youtube.com/playlist?list=PLdpzxOOAlwvI0O4PeKVV1-yJoX2AqIWuf
- Python for DevOps Playlist: https://www.youtube.com/playlist?list=PLdpzxOOAlwvKwTyYNJCUwGPvql0TrsPgv

About me:
========
Instagram: https://www.instagram.com/abhishekveeramalla_official/
Telegram Channel : https://t.me/abhishekveeramalla
LinkedIn: https://www.linkedin.com/in/abhishek-veeramalla
GitHub: https://github.com/iam-veeramalla
Medium: https://abhishekveeramalla-av.medium.com/

Windows Subsystem for Linux 2
WSL 2
Make your windows laptop 10X productive for DevOps and Cloud
Install linux on Windows 
Windows laptop for DevOps 
Which laptop to use for DevOps
How to install linux on Windows laptop
Install DevOps tools on Windows
Install minikube on windows
Windows for development
How to use windows laptop for programming .
.
Disclaimer: Unauthorized copying, reproduction, or distribution of this video content, in whole or in part, is strictly prohibited. Any attempt to upload, share, or use this content for commercial or non-commercial purposes without explicit permission from the owner will be subject to legal action. All rights reserved.",https://i.ytimg.com/vi/G1AADw-9j4g/maxresdefault.jpg,Abhishek.Veeramalla,29306,497,76,1033,17.22,17:13,"17 Minutes, 13 Seconds",2024-03-06T15:32:32,https://www.youtube.com/watch?v=G1AADw-9j4g,"[#Free Azure DevOps playlist, #Azure DevOps courses, #Learn Azure for Free, #Best channel for Azure DevOps, #Best channel for DevOps, #Learn Azure DevOps with Projects, #Azure DevOps explained, #Azure simplified, #Azure Courses, #Azure Zero to Hero, #Azure concepts explained, #Azure Fundamentals, #Azure Interview Questions, #Best Azure course, #Best Azure DevOps course, #Best DevOps Course, #Best DevOps project, #DevOps project ideas, #Azure DevOps projects, #DevOps and Cloud projects, #DevOps]",[],[],"[https://www.udemy.com/course/ultimate-devops-project-with-resume-preparation/?referralCode=9F588E43854814744430, https://t.me/abhishekveeramalla, https://www.youtube.com/playlist?list=PLdpzxOOAlwvIcxgCUyBHVOcWs0Krjx9xR, https://www.youtube.com/@AbhishekVeeramalla/join, https://abhishekveeramalla-av.medium.com/, https://www.buymeacoffee.com/abhishekprd, https://www.youtube.com/playlist?list=PLdpzxOOAlwvLNOxX0RfndiYSt1Le9azze, https://www.instagram.com/abhishekveeramalla_official/, https://www.youtube.com/playlist?list=PLdpzxOOAlwvKwTyYNJCUwGPvql0TrsPgv, https://www.udemy.com/course/ultimate-devops-project-with-resume-preparation/, https://www.udemy.com/course/ultimate-devops-and-cloud-interview-guide/, https://www.youtube.com/playlist?list=PLdpzxOOAlwvI0O4PeKVV1-yJoX2AqIWuf, https://www.linkedin.com/in/abhishek-veeramalla, https://github.com/iam-veeramalla, https://www.youtube.com/playlist?list=PLdpzxOOAlwvIKMhk8WhzN1pYoJ1YU8Csa]"
Day-0 | Terraform Zero to Hero | Course Syllabus | #abhishekveeramalla,"Join our 24*7 Career guidance channel:
www.youtube.com/abhishekveeramalla/join

End to End DevOps Project on Udemy
https://www.udemy.com/course/ultimate-devops-project-with-resume-preparation/

Ultimate DevOps Interview Guide
https://www.udemy.com/course/ultimate-devops-and-cloud-interview-guide/

---- 

Udemy Course (End to End DevOps Project)
https://www.udemy.com/course/ultimate-devops-project-with-resume-preparation/?referralCode=9F588E43854814744430

--- --- Support my work
https://www.buymeacoffee.com/abhishekprd Hi Everyone, My Name is Abhishek and my channel is focused on delivering Free content on DevOps and Cloud. Follow my channel for practical learning of DevOps and Cloud. Don't miss the FREE DEVOPS COURSE and FREE AWS COURSE from Playlists section.

Private Telegram & Discord Channel For Doubts Clearing
https://www.youtube.com/@AbhishekVeeramalla/join

Instagram: https://www.instagram.com/abhishekveeramalla_official/

Book 1:1 with me on TopMate for career guidance
https://topmate.io/abhishek_veeramalla

Public Telegram Channel For Notes and Updates
https://t.me/abhishekveeramalla

About me:
========
LinkedIn: https://www.linkedin.com/in/abhishek-veeramalla-77b33996/
GitHub: https://github.com/iam-veeramalla
Medium: https://abhishekveeramalla-av.medium.com/

What is Terraform ?
Learn Terraform from basics
Terraform real world examples 
Terraform course
Best terraform course
Terraform modules
Terraform workspaces
#devops #futureofdevops #kubernetes #sre #aws #azure 
DEVOPS FAQ
DEVOPS
WHAT IS DEVOPS ?
WHY DEVOPS ?
HOW TO LEARN DEVOPS ?
LEARN DEVOPS IN 60 DAYS ?
NON IT TO IT BACKGROUND ?
IS DEVOPS EASY TO LEARN ?
BEST DEVOPS COURSE
FREE DEVOPS COURSE
#AbhishekVeeramalla
BEST DEVOPS VIDEOS 
DEVOPS INTERVIEW QUESTIONS
EASY DEVOPS VIDEOS
BEST WAY TO LEARN DEVOPS
PYTHON FOR DEVOPS
PYTHON PROJECTS FOR DEVOPS
LEARN PYTHON 
PYTHON PROJECTS FOR AWS
AWS PYTHON PROJECTS
AWS LAMBDA FUNCTIONS
WHAT IS GITOPS ?
WHY GITOPS ?
LEARN GITOPS ?
GITOPS FREE COURSE
What is AWS ?
LEARN AWS FOR FREE 
AWS COURSE 
AWS COURSE FOR DEVOPS
AWS CLI Deep Dive .
.
Disclaimer: Unauthorized copying, reproduction, or distribution of this video content, in whole or in part, is strictly prohibited. Any attempt to upload, share, or use this content for commercial or non-commercial purposes without explicit permission from the owner will be subject to legal action. All rights reserved.",https://i.ytimg.com/vi/h0x-hyZoqt8/maxresdefault.jpg,Abhishek.Veeramalla,41208,1219,302,1325,22.08,22:05,"22 Minutes, 5 Seconds",2023-09-03T16:30:38,https://www.youtube.com/watch?v=h0x-hyZoqt8,"[#devops mock interview, #devops, #devops round table, #azure, #vmware, #openshift, #gcp, #openstack, #azure git, #bitbucket, #stash, #gitlab, #azure devops interview questions, #Real Time Python Project, #DevOps Python Project, #python videos, #what is devops, #why devops, #how to learn devops, #SRE, #What is SRE ?, #Devops vs SRE, #Devops to SRE, #SRE roadmap, #learn SRE, #Platform Engineering ?, #What is Platform Engineering ?, #Difference Between Platform Engineering and DevOps ?, #Future of Devops]","[#kubernetes, #futureofdevops, #sre, #AbhishekVeeramalla, #azure, #aws, #devops]",[],"[https://topmate.io/abhishek_veeramalla, https://www.udemy.com/course/ultimate-devops-project-with-resume-preparation/?referralCode=9F588E43854814744430, https://t.me/abhishekveeramalla, https://www.youtube.com/@AbhishekVeeramalla/join, https://abhishekveeramalla-av.medium.com/, https://www.buymeacoffee.com/abhishekprd, https://www.instagram.com/abhishekveeramalla_official/, https://www.udemy.com/course/ultimate-devops-project-with-resume-preparation/, https://www.udemy.com/course/ultimate-devops-and-cloud-interview-guide/, https://github.com/iam-veeramalla, https://www.linkedin.com/in/abhishek-veeramalla-77b33996/]"
Day-1 | Terraform Zero to Hero | Getting Started with Terraform | #abhishekveeramalla #terraform,"Join our 24*7 Career guidance channel:
www.youtube.com/abhishekveeramalla/join

End to End DevOps Project on Udemy
https://www.udemy.com/course/ultimate-devops-project-with-resume-preparation/

Ultimate DevOps Interview Guide
https://www.udemy.com/course/ultimate-devops-and-cloud-interview-guide/

---- 



Udemy Course (End to End DevOps Project)
https://www.udemy.com/course/ultimate-devops-project-with-resume-preparation/?referralCode=9F588E43854814744430

Hi Everyone, My Name is Abhishek and my channel is focused on delivering Free content on DevOps and Cloud. Follow my channel for practical learning of DevOps and Cloud. Don't miss the FREE DEVOPS COURSE and FREE AWS COURSE from Playlists section.

Doubts Clearing Group 
https://www.youtube.com/@AbhishekVeeramalla/join

GitHub Repo for the Series
https://github.com/iam-veeramalla/terraform-zero-to-hero

Instagram: https://www.instagram.com/abhishekveeramalla_official/

Book 1:1 with me on TopMate for career guidance
https://topmate.io/abhishek_veeramalla

Public Telegram Channel For Notes and Updates
https://t.me/abhishekveeramalla

About me:
========
LinkedIn: https://www.linkedin.com/in/abhishek-veeramalla-77b33996/
GitHub: https://github.com/iam-veeramalla
Medium: https://abhishekveeramalla-av.medium.com/

What is Terraform ?
Learn Terraform from basics
Terraform real world examples 
Terraform course
Best terraform course
Terraform modules
Terraform workspaces
#devops #futureofdevops #kubernetes #sre #aws #azure 
DEVOPS FAQ
DEVOPS
WHAT IS DEVOPS ?
WHY DEVOPS ?
HOW TO LEARN DEVOPS ?
LEARN DEVOPS IN 60 DAYS ?
NON IT TO IT BACKGROUND ?
IS DEVOPS EASY TO LEARN ?
BEST DEVOPS COURSE
FREE DEVOPS COURSE
#AbhishekVeeramalla
BEST DEVOPS VIDEOS 
DEVOPS INTERVIEW QUESTIONS
EASY DEVOPS VIDEOS
BEST WAY TO LEARN DEVOPS
PYTHON FOR DEVOPS
PYTHON PROJECTS FOR DEVOPS
LEARN PYTHON 
PYTHON PROJECTS FOR AWS
AWS PYTHON PROJECTS
AWS LAMBDA FUNCTIONS
WHAT IS GITOPS ?
WHY GITOPS ?
LEARN GITOPS ?
GITOPS FREE COURSE
What is AWS ?
LEARN AWS FOR FREE 
AWS COURSE 
AWS COURSE FOR DEVOPS
AWS CLI Deep Dive .
.
Disclaimer: Unauthorized copying, reproduction, or distribution of this video content, in whole or in part, is strictly prohibited. Any attempt to upload, share, or use this content for commercial or non-commercial purposes without explicit permission from the owner will be subject to legal action. All rights reserved.",https://i.ytimg.com/vi/fgp-t5SqQmM/sddefault.jpg,Abhishek.Veeramalla,698279,8159,690,3598,59.97,59:58,"59 Minutes, 58 Seconds",2023-09-11T15:30:09,https://www.youtube.com/watch?v=fgp-t5SqQmM,"[#devops mock interview, #devops, #devops round table, #azure, #vmware, #openshift, #gcp, #openstack, #azure git, #bitbucket, #stash, #gitlab, #azure devops interview questions, #Real Time Python Project, #DevOps Python Project, #python videos, #what is devops, #why devops, #how to learn devops, #SRE, #What is SRE ?, #Devops vs SRE, #Devops to SRE, #SRE roadmap, #learn SRE, #Platform Engineering ?, #What is Platform Engineering ?, #Difference Between Platform Engineering and DevOps ?, #Future of Devops]","[#kubernetes, #futureofdevops, #sre, #AbhishekVeeramalla, #azure, #aws, #devops]",[],"[https://topmate.io/abhishek_veeramalla, https://github.com/iam-veeramalla/terraform-zero-to-hero, https://www.udemy.com/course/ultimate-devops-project-with-resume-preparation/?referralCode=9F588E43854814744430, https://t.me/abhishekveeramalla, https://www.youtube.com/@AbhishekVeeramalla/join, https://abhishekveeramalla-av.medium.com/, https://www.instagram.com/abhishekveeramalla_official/, https://www.udemy.com/course/ultimate-devops-project-with-resume-preparation/, https://www.udemy.com/course/ultimate-devops-and-cloud-interview-guide/, https://github.com/iam-veeramalla, https://www.linkedin.com/in/abhishek-veeramalla-77b33996/]"
"Day-2 | Providers, Multi Region, Multi Cloud, Variables & Conditions #terraform #abhishekveeramalla","Join our 24*7 Career guidance channel:
www.youtube.com/abhishekveeramalla/join

End to End DevOps Project on Udemy
https://www.udemy.com/course/ultimate-devops-project-with-resume-preparation/

Ultimate DevOps Interview Guide
https://www.udemy.com/course/ultimate-devops-and-cloud-interview-guide/

---- 

Udemy Course (End to End DevOps Project)
https://www.udemy.com/course/ultimate-devops-project-with-resume-preparation/?referralCode=9F588E43854814744430

--- --- Support my work
https://www.buymeacoffee.com/abhishekprd

Hi Everyone, My Name is Abhishek and my channel is focused on delivering Free content on DevOps and Cloud. Follow my channel for practical learning of DevOps and Cloud. Don't miss the FREE DEVOPS COURSE and FREE AWS COURSE from Playlists section.

Doubts Clearing Group 
https://www.youtube.com/@AbhishekVeeramalla/join

GitHub Repo for the Series
https://github.com/iam-veeramalla/terraform-zero-to-hero

Instagram: https://www.instagram.com/abhishekveeramalla_official/

Book 1:1 with me on TopMate for career guidance
https://topmate.io/abhishek_veeramalla

Public Telegram Channel For Notes and Updates
https://t.me/abhishekveeramalla

About me:
========
LinkedIn: https://www.linkedin.com/in/abhishek-veeramalla-77b33996/
GitHub: https://github.com/iam-veeramalla
Medium: https://abhishekveeramalla-av.medium.com/

What is Terraform ?
Learn Terraform from basics
Terraform real world examples 
Terraform course
Best terraform course
Terraform modules
Terraform workspaces
#devops #futureofdevops #kubernetes #sre #aws #azure 
DEVOPS FAQ
DEVOPS
WHAT IS DEVOPS ?
WHY DEVOPS ?
HOW TO LEARN DEVOPS ?
LEARN DEVOPS IN 60 DAYS ?
NON IT TO IT BACKGROUND ?
IS DEVOPS EASY TO LEARN ?
BEST DEVOPS COURSE
FREE DEVOPS COURSE
#AbhishekVeeramalla
BEST DEVOPS VIDEOS 
DEVOPS INTERVIEW QUESTIONS
EASY DEVOPS VIDEOS
BEST WAY TO LEARN DEVOPS
PYTHON FOR DEVOPS
PYTHON PROJECTS FOR DEVOPS
LEARN PYTHON 
PYTHON PROJECTS FOR AWS
AWS PYTHON PROJECTS
AWS LAMBDA FUNCTIONS
WHAT IS GITOPS ?
WHY GITOPS ?
LEARN GITOPS ?
GITOPS FREE COURSE
What is AWS ?
LEARN AWS FOR FREE 
AWS COURSE 
AWS COURSE FOR DEVOPS
AWS CLI Deep Dive .
.
Disclaimer: Unauthorized copying, reproduction, or distribution of this video content, in whole or in part, is strictly prohibited. Any attempt to upload, share, or use this content for commercial or non-commercial purposes without explicit permission from the owner will be subject to legal action. All rights reserved.",https://i.ytimg.com/vi/w-iMDg5fh20/sddefault.jpg,Abhishek.Veeramalla,241264,3736,286,2504,41.73,41:44,"41 Minutes, 44 Seconds",2023-09-12T16:26:37,https://www.youtube.com/watch?v=w-iMDg5fh20,"[#devops mock interview, #devops, #devops round table, #azure, #vmware, #openshift, #gcp, #openstack, #azure git, #bitbucket, #stash, #gitlab, #azure devops interview questions, #Real Time Python Project, #DevOps Python Project, #python videos, #what is devops, #why devops, #how to learn devops, #SRE, #What is SRE ?, #Devops vs SRE, #Devops to SRE, #SRE roadmap, #learn SRE, #Platform Engineering ?, #What is Platform Engineering ?, #Difference Between Platform Engineering and DevOps ?, #Future of Devops]","[#kubernetes, #futureofdevops, #sre, #AbhishekVeeramalla, #azure, #aws, #devops]",[],"[https://topmate.io/abhishek_veeramalla, https://github.com/iam-veeramalla/terraform-zero-to-hero, https://www.udemy.com/course/ultimate-devops-project-with-resume-preparation/?referralCode=9F588E43854814744430, https://t.me/abhishekveeramalla, https://www.youtube.com/@AbhishekVeeramalla/join, https://abhishekveeramalla-av.medium.com/, https://www.buymeacoffee.com/abhishekprd, https://www.instagram.com/abhishekveeramalla_official/, https://www.udemy.com/course/ultimate-devops-project-with-resume-preparation/, https://www.udemy.com/course/ultimate-devops-and-cloud-interview-guide/, https://github.com/iam-veeramalla, https://www.linkedin.com/in/abhishek-veeramalla-77b33996/]"
Day-3 | Terraform Modules | Write your First Module | #terraform #abhishekveeramalla,"Join our 24*7 Career guidance channel:
www.youtube.com/abhishekveeramalla/join

End to End DevOps Project on Udemy
https://www.udemy.com/course/ultimate-devops-project-with-resume-preparation/

Ultimate DevOps Interview Guide
https://www.udemy.com/course/ultimate-devops-and-cloud-interview-guide/

---- 

Udemy Course (End to End DevOps Project)
https://www.udemy.com/course/ultimate-devops-project-with-resume-preparation/?referralCode=9F588E43854814744430

--- --- Support my work
https://www.buymeacoffee.com/abhishekprd

Hi Everyone, My Name is Abhishek and my channel is focused on delivering Free content on DevOps and Cloud. Follow my channel for practical learning of DevOps and Cloud. Don't miss the FREE DEVOPS COURSE and FREE AWS COURSE from Playlists section.

Contribute to the channel
https://topmate.io/abhishek_veeramalla/553526/pay

Doubts Clearing Group 
https://www.youtube.com/@AbhishekVeeramalla/join

Instagram: https://www.instagram.com/abhishekveeramalla_official/

GitHub Repo for the Series
https://github.com/iam-veeramalla/terraform-zero-to-hero

Book 1:1 with me on TopMate for career guidance
https://topmate.io/abhishek_veeramalla

Public Telegram Channel For Notes and Updates
https://t.me/abhishekveeramalla

About me:
========
LinkedIn: https://www.linkedin.com/in/abhishek-veeramalla-77b33996/
GitHub: https://github.com/iam-veeramalla
Medium: https://abhishekveeramalla-av.medium.com/

What is Terraform ?
Learn Terraform from basics
Terraform real world examples 
Terraform course
Best terraform course
Terraform modules
Terraform workspaces
#devops #futureofdevops #kubernetes #sre #aws #azure 
DEVOPS FAQ
DEVOPS
WHAT IS DEVOPS ?
WHY DEVOPS ?
HOW TO LEARN DEVOPS ?
LEARN DEVOPS IN 60 DAYS ?
NON IT TO IT BACKGROUND ?
IS DEVOPS EASY TO LEARN ?
BEST DEVOPS COURSE
FREE DEVOPS COURSE
#AbhishekVeeramalla
BEST DEVOPS VIDEOS 
DEVOPS INTERVIEW QUESTIONS
EASY DEVOPS VIDEOS
BEST WAY TO LEARN DEVOPS
PYTHON FOR DEVOPS
PYTHON PROJECTS FOR DEVOPS
LEARN PYTHON 
PYTHON PROJECTS FOR AWS
AWS PYTHON PROJECTS
AWS LAMBDA FUNCTIONS
WHAT IS GITOPS ?
WHY GITOPS ?
LEARN GITOPS ?
GITOPS FREE COURSE
What is AWS ?
LEARN AWS FOR FREE 
AWS COURSE 
AWS COURSE FOR DEVOPS
AWS CLI Deep Dive .
.
Disclaimer: Unauthorized copying, reproduction, or distribution of this video content, in whole or in part, is strictly prohibited. Any attempt to upload, share, or use this content for commercial or non-commercial purposes without explicit permission from the owner will be subject to legal action. All rights reserved.",https://i.ytimg.com/vi/xBWmBPVTums/maxresdefault.jpg,Abhishek.Veeramalla,240958,3361,349,2990,49.83,49:50,"49 Minutes, 50 Seconds",2023-09-14T15:41:55,https://www.youtube.com/watch?v=xBWmBPVTums,"[#devops mock interview, #devops, #devops round table, #azure, #vmware, #openshift, #gcp, #openstack, #azure git, #bitbucket, #stash, #gitlab, #azure devops interview questions, #Real Time Python Project, #DevOps Python Project, #python videos, #what is devops, #why devops, #how to learn devops, #SRE, #What is SRE ?, #Devops vs SRE, #Devops to SRE, #SRE roadmap, #learn SRE, #Platform Engineering ?, #What is Platform Engineering ?, #Difference Between Platform Engineering and DevOps ?, #Future of Devops]","[#kubernetes, #futureofdevops, #sre, #AbhishekVeeramalla, #azure, #aws, #devops]",[],"[https://topmate.io/abhishek_veeramalla, https://github.com/iam-veeramalla/terraform-zero-to-hero, https://www.udemy.com/course/ultimate-devops-project-with-resume-preparation/?referralCode=9F588E43854814744430, https://topmate.io/abhishek_veeramalla/553526/pay, https://t.me/abhishekveeramalla, https://www.youtube.com/@AbhishekVeeramalla/join, https://abhishekveeramalla-av.medium.com/, https://www.buymeacoffee.com/abhishekprd, https://www.instagram.com/abhishekveeramalla_official/, https://www.udemy.com/course/ultimate-devops-project-with-resume-preparation/, https://www.udemy.com/course/ultimate-devops-and-cloud-interview-guide/, https://github.com/iam-veeramalla, https://www.linkedin.com/in/abhishek-veeramalla-77b33996/]"
Day-4 | Terraform State DeepDive | Remote Backend | State Locking #abhishekveeramalla #terraform,"Join our 24*7 Career guidance channel:
www.youtube.com/abhishekveeramalla/join

End to End DevOps Project on Udemy
https://www.udemy.com/course/ultimate-devops-project-with-resume-preparation/

Ultimate DevOps Interview Guide
https://www.udemy.com/course/ultimate-devops-and-cloud-interview-guide/

---- 

Udemy Course (End to End DevOps Project)
https://www.udemy.com/course/ultimate-devops-project-with-resume-preparation/?referralCode=9F588E43854814744430

--- --- Support my work
https://www.buymeacoffee.com/abhishekprd Hi Everyone, My Name is Abhishek and my channel is focused on delivering Free content on DevOps and Cloud. Follow my channel for practical learning of DevOps and Cloud. Don't miss the FREE DEVOPS COURSE and FREE AWS COURSE from Playlists section.

Contribute to the channel
https://topmate.io/abhishek_veeramalla/553526/pay

Doubts Clearing Group 
https://www.youtube.com/@AbhishekVeeramalla/join

Instagram: https://www.instagram.com/abhishekveeramalla_official/

GitHub Repo for the Series
https://github.com/iam-veeramalla/terraform-zero-to-hero

Book 1:1 with me on TopMate for career guidance
https://topmate.io/abhishek_veeramalla

Public Telegram Channel For Notes and Updates
https://t.me/abhishekveeramalla

About me:
========
LinkedIn: https://www.linkedin.com/in/abhishek-veeramalla-77b33996/
GitHub: https://github.com/iam-veeramalla
Medium: https://abhishekveeramalla-av.medium.com/

What is Terraform ?
Learn Terraform from basics
Terraform real world examples 
Terraform course
Best terraform course
Terraform modules
Terraform workspaces
#devops #futureofdevops #kubernetes #sre #aws #azure 
DEVOPS FAQ
DEVOPS
WHAT IS DEVOPS ?
WHY DEVOPS ?
HOW TO LEARN DEVOPS ?
LEARN DEVOPS IN 60 DAYS ?
NON IT TO IT BACKGROUND ?
IS DEVOPS EASY TO LEARN ?
BEST DEVOPS COURSE
FREE DEVOPS COURSE
#AbhishekVeeramalla
BEST DEVOPS VIDEOS 
DEVOPS INTERVIEW QUESTIONS
EASY DEVOPS VIDEOS
BEST WAY TO LEARN DEVOPS
PYTHON FOR DEVOPS
PYTHON PROJECTS FOR DEVOPS
LEARN PYTHON 
PYTHON PROJECTS FOR AWS
AWS PYTHON PROJECTS
AWS LAMBDA FUNCTIONS
WHAT IS GITOPS ?
WHY GITOPS ?
LEARN GITOPS ?
GITOPS FREE COURSE
What is AWS ?
LEARN AWS FOR FREE 
AWS COURSE 
AWS COURSE FOR DEVOPS
AWS CLI Deep Dive .
.
Disclaimer: Unauthorized copying, reproduction, or distribution of this video content, in whole or in part, is strictly prohibited. Any attempt to upload, share, or use this content for commercial or non-commercial purposes without explicit permission from the owner will be subject to legal action. All rights reserved.",https://i.ytimg.com/vi/UhNpn7lVRBY/maxresdefault.jpg,Abhishek.Veeramalla,170536,2467,299,3031,50.52,50:31,"50 Minutes, 31 Seconds",2023-09-15T16:03:11,https://www.youtube.com/watch?v=UhNpn7lVRBY,"[#devops mock interview, #devops, #devops round table, #azure, #vmware, #openshift, #gcp, #openstack, #azure git, #bitbucket, #stash, #gitlab, #azure devops interview questions, #Real Time Python Project, #DevOps Python Project, #python videos, #what is devops, #why devops, #how to learn devops, #SRE, #What is SRE ?, #Devops vs SRE, #Devops to SRE, #SRE roadmap, #learn SRE, #Platform Engineering ?, #What is Platform Engineering ?, #Difference Between Platform Engineering and DevOps ?, #Future of Devops]","[#kubernetes, #futureofdevops, #sre, #AbhishekVeeramalla, #azure, #aws, #devops]",[],"[https://topmate.io/abhishek_veeramalla, https://github.com/iam-veeramalla/terraform-zero-to-hero, https://www.udemy.com/course/ultimate-devops-project-with-resume-preparation/?referralCode=9F588E43854814744430, https://topmate.io/abhishek_veeramalla/553526/pay, https://t.me/abhishekveeramalla, https://www.youtube.com/@AbhishekVeeramalla/join, https://abhishekveeramalla-av.medium.com/, https://www.buymeacoffee.com/abhishekprd, https://www.instagram.com/abhishekveeramalla_official/, https://www.udemy.com/course/ultimate-devops-project-with-resume-preparation/, https://www.udemy.com/course/ultimate-devops-and-cloud-interview-guide/, https://github.com/iam-veeramalla, https://www.linkedin.com/in/abhishek-veeramalla-77b33996/]"
Day-5 | Most Common Terraform Task Used in Real-Time | #devops  #abhishekveeramalla #terraform,"Join our 24*7 Career guidance channel:
www.youtube.com/abhishekveeramalla/join

End to End DevOps Project on Udemy
https://www.udemy.com/course/ultimate-devops-project-with-resume-preparation/

Ultimate DevOps Interview Guide
https://www.udemy.com/course/ultimate-devops-and-cloud-interview-guide/

---- 

Udemy Course (End to End DevOps Project)
https://www.udemy.com/course/ultimate-devops-project-with-resume-preparation/?referralCode=9F588E43854814744430

--- --- Support my work
https://www.buymeacoffee.com/abhishekprd Hi Everyone, My Name is Abhishek and my channel is focused on delivering Free content on DevOps and Cloud. Follow my channel for practical learning of DevOps and Cloud. Don't miss the FREE DEVOPS COURSE and FREE AWS COURSE from Playlists section.

Doubts Clearing Group 
https://www.youtube.com/@AbhishekVeeramalla/join

GitHub Repo for the Series
https://github.com/iam-veeramalla/terraform-zero-to-hero

Instagram: https://www.instagram.com/abhishekveeramalla_official/

Book 1:1 with me on TopMate for career guidance
https://topmate.io/abhishek_veeramalla

Public Telegram Channel For Notes and Updates
https://t.me/abhishekveeramalla

About me:
========
LinkedIn: https://www.linkedin.com/in/abhishek-veeramalla-77b33996/
GitHub: https://github.com/iam-veeramalla
Medium: https://abhishekveeramalla-av.medium.com/

What is Terraform ?
Learn Terraform from basics
Terraform real world examples 
Terraform course
Best terraform course
Terraform modules
Terraform workspaces
#devops #futureofdevops #kubernetes #sre #aws #azure 
DEVOPS FAQ
DEVOPS
WHAT IS DEVOPS ?
WHY DEVOPS ?
HOW TO LEARN DEVOPS ?
LEARN DEVOPS IN 60 DAYS ?
NON IT TO IT BACKGROUND ?
IS DEVOPS EASY TO LEARN ?
BEST DEVOPS COURSE
FREE DEVOPS COURSE
#AbhishekVeeramalla
BEST DEVOPS VIDEOS 
DEVOPS INTERVIEW QUESTIONS
EASY DEVOPS VIDEOS
BEST WAY TO LEARN DEVOPS
PYTHON FOR DEVOPS
PYTHON PROJECTS FOR DEVOPS
LEARN PYTHON 
PYTHON PROJECTS FOR AWS
AWS PYTHON PROJECTS
AWS LAMBDA FUNCTIONS
WHAT IS GITOPS ?
WHY GITOPS ?
LEARN GITOPS ?
GITOPS FREE COURSE
What is AWS ?
LEARN AWS FOR FREE 
AWS COURSE 
AWS COURSE FOR DEVOPS
AWS CLI Deep Dive .
.
Disclaimer: Unauthorized copying, reproduction, or distribution of this video content, in whole or in part, is strictly prohibited. Any attempt to upload, share, or use this content for commercial or non-commercial purposes without explicit permission from the owner will be subject to legal action. All rights reserved.",https://i.ytimg.com/vi/JEDp4orr_K8/maxresdefault.jpg,Abhishek.Veeramalla,140635,2187,237,2383,39.72,39:43,"39 Minutes, 43 Seconds",2023-09-19T17:20:55,https://www.youtube.com/watch?v=JEDp4orr_K8,"[#devops mock interview, #devops, #devops round table, #azure, #vmware, #openshift, #gcp, #openstack, #azure git, #bitbucket, #stash, #gitlab, #azure devops interview questions, #Real Time Python Project, #DevOps Python Project, #python videos, #what is devops, #why devops, #how to learn devops, #SRE, #What is SRE ?, #Devops vs SRE, #Devops to SRE, #SRE roadmap, #learn SRE, #Platform Engineering ?, #What is Platform Engineering ?, #Difference Between Platform Engineering and DevOps ?, #Future of Devops]","[#kubernetes, #futureofdevops, #sre, #AbhishekVeeramalla, #azure, #aws, #devops]",[],"[https://topmate.io/abhishek_veeramalla, https://github.com/iam-veeramalla/terraform-zero-to-hero, https://www.udemy.com/course/ultimate-devops-project-with-resume-preparation/?referralCode=9F588E43854814744430, https://t.me/abhishekveeramalla, https://www.youtube.com/@AbhishekVeeramalla/join, https://abhishekveeramalla-av.medium.com/, https://www.buymeacoffee.com/abhishekprd, https://www.instagram.com/abhishekveeramalla_official/, https://www.udemy.com/course/ultimate-devops-project-with-resume-preparation/, https://www.udemy.com/course/ultimate-devops-and-cloud-interview-guide/, https://github.com/iam-veeramalla, https://www.linkedin.com/in/abhishek-veeramalla-77b33996/]"
Day-6 | Terraform Workspaces Demo | Dev - QA - Stage | #terraform #abhishekveeramalla #terraform,"Join our 24*7 Career guidance channel:
www.youtube.com/abhishekveeramalla/join

End to End DevOps Project on Udemy
https://www.udemy.com/course/ultimate-devops-project-with-resume-preparation/

Ultimate DevOps Interview Guide
https://www.udemy.com/course/ultimate-devops-and-cloud-interview-guide/

---- 

Udemy Course (End to End DevOps Project)
https://www.udemy.com/course/ultimate-devops-project-with-resume-preparation/?referralCode=9F588E43854814744430

--- --- Support my work
https://www.buymeacoffee.com/abhishekprd Hi Everyone, My Name is Abhishek and my channel is focused on delivering Free content on DevOps and Cloud. Follow my channel for practical learning of DevOps and Cloud. Don't miss the FREE DEVOPS COURSE and FREE AWS COURSE from Playlists section.

Doubts Clearing Group 
https://www.youtube.com/@AbhishekVeeramalla/join

GitHub Repo for the Series
https://github.com/iam-veeramalla/terraform-zero-to-hero

Instagram: https://www.instagram.com/abhishekveeramalla_official/

Book 1:1 with me on TopMate for career guidance
https://topmate.io/abhishek_veeramalla

Public Telegram Channel For Notes and Updates
https://t.me/abhishekveeramalla

About me:
========
LinkedIn: https://www.linkedin.com/in/abhishek-veeramalla-77b33996/
GitHub: https://github.com/iam-veeramalla
Medium: https://abhishekveeramalla-av.medium.com/

What is Terraform ?
Learn Terraform from basics
Terraform real world examples 
Terraform course
Best terraform course
Terraform modules
Terraform workspaces
#devops #futureofdevops #kubernetes #sre #aws #azure 
DEVOPS FAQ
DEVOPS
WHAT IS DEVOPS ?
WHY DEVOPS ?
HOW TO LEARN DEVOPS ?
LEARN DEVOPS IN 60 DAYS ?
NON IT TO IT BACKGROUND ?
IS DEVOPS EASY TO LEARN ?
BEST DEVOPS COURSE
FREE DEVOPS COURSE
#AbhishekVeeramalla
BEST DEVOPS VIDEOS 
DEVOPS INTERVIEW QUESTIONS
EASY DEVOPS VIDEOS
BEST WAY TO LEARN DEVOPS
PYTHON FOR DEVOPS
PYTHON PROJECTS FOR DEVOPS
LEARN PYTHON 
PYTHON PROJECTS FOR AWS
AWS PYTHON PROJECTS
AWS LAMBDA FUNCTIONS
WHAT IS GITOPS ?
WHY GITOPS ?
LEARN GITOPS ?
GITOPS FREE COURSE
What is AWS ?
LEARN AWS FOR FREE 
AWS COURSE 
AWS COURSE FOR DEVOPS
AWS CLI Deep Dive .
.
Disclaimer: Unauthorized copying, reproduction, or distribution of this video content, in whole or in part, is strictly prohibited. Any attempt to upload, share, or use this content for commercial or non-commercial purposes without explicit permission from the owner will be subject to legal action. All rights reserved.",https://i.ytimg.com/vi/5NJfIsMldA8/sddefault.jpg,Abhishek.Veeramalla,123089,2159,223,2543,42.38,42:23,"42 Minutes, 23 Seconds",2023-09-22T15:38:18,https://www.youtube.com/watch?v=5NJfIsMldA8,"[#devops mock interview, #devops, #devops round table, #azure, #vmware, #openshift, #gcp, #openstack, #azure git, #bitbucket, #stash, #gitlab, #azure devops interview questions, #Real Time Python Project, #DevOps Python Project, #python videos, #what is devops, #why devops, #how to learn devops, #SRE, #What is SRE ?, #Devops vs SRE, #Devops to SRE, #SRE roadmap, #learn SRE, #Platform Engineering ?, #What is Platform Engineering ?, #Difference Between Platform Engineering and DevOps ?, #Future of Devops]","[#kubernetes, #futureofdevops, #sre, #AbhishekVeeramalla, #azure, #aws, #devops]",[],"[https://topmate.io/abhishek_veeramalla, https://github.com/iam-veeramalla/terraform-zero-to-hero, https://www.udemy.com/course/ultimate-devops-project-with-resume-preparation/?referralCode=9F588E43854814744430, https://t.me/abhishekveeramalla, https://www.youtube.com/@AbhishekVeeramalla/join, https://abhishekveeramalla-av.medium.com/, https://www.buymeacoffee.com/abhishekprd, https://www.instagram.com/abhishekveeramalla_official/, https://www.udemy.com/course/ultimate-devops-project-with-resume-preparation/, https://www.udemy.com/course/ultimate-devops-and-cloud-interview-guide/, https://github.com/iam-veeramalla, https://www.linkedin.com/in/abhishek-veeramalla-77b33996/]"
Day-7 | Terraform Vault Integration | Secrets Management | #terraform #abhishekveeramalla,"Join our 24*7 Career guidance channel:
www.youtube.com/abhishekveeramalla/join

End to End DevOps Project on Udemy
https://www.udemy.com/course/ultimate-devops-project-with-resume-preparation/

Ultimate DevOps Interview Guide
https://www.udemy.com/course/ultimate-devops-and-cloud-interview-guide/

---- 

Udemy Course (End to End DevOps Project)
https://www.udemy.com/course/ultimate-devops-project-with-resume-preparation/?referralCode=9F588E43854814744430

--- --- Support my work
https://www.buymeacoffee.com/abhishekprd Hi Everyone, My Name is Abhishek and my channel is focused on delivering Free content on DevOps and Cloud. Follow my channel for practical learning of DevOps and Cloud. Don't miss the FREE DEVOPS COURSE and FREE AWS COURSE from Playlists section.

Doubts Clearing Group 
https://www.youtube.com/@AbhishekVeeramalla/join

GitHub Repo for the Series
https://github.com/iam-veeramalla/terraform-zero-to-hero

Instagram: https://www.instagram.com/abhishekveeramalla_official/

Book 1:1 with me on TopMate for career guidance
https://topmate.io/abhishek_veeramalla

Public Telegram Channel For Notes and Updates
https://t.me/abhishekveeramalla

About me:
========
LinkedIn: https://www.linkedin.com/in/abhishek-veeramalla-77b33996/
GitHub: https://github.com/iam-veeramalla
Medium: https://abhishekveeramalla-av.medium.com/

What is Terraform ?
Learn Terraform from basics
Terraform real world examples 
Terraform course
Best terraform course
Terraform modules
Terraform workspaces
#devops #futureofdevops #kubernetes #sre #aws #azure 
DEVOPS FAQ
DEVOPS
WHAT IS DEVOPS ?
WHY DEVOPS ?
HOW TO LEARN DEVOPS ?
LEARN DEVOPS IN 60 DAYS ?
NON IT TO IT BACKGROUND ?
IS DEVOPS EASY TO LEARN ?
BEST DEVOPS COURSE
FREE DEVOPS COURSE
#AbhishekVeeramalla
BEST DEVOPS VIDEOS 
DEVOPS INTERVIEW QUESTIONS
EASY DEVOPS VIDEOS
BEST WAY TO LEARN DEVOPS
PYTHON FOR DEVOPS
PYTHON PROJECTS FOR DEVOPS
LEARN PYTHON 
PYTHON PROJECTS FOR AWS
AWS PYTHON PROJECTS
AWS LAMBDA FUNCTIONS
WHAT IS GITOPS ?
WHY GITOPS ?
LEARN GITOPS ?
GITOPS FREE COURSE
What is AWS ?
LEARN AWS FOR FREE 
AWS COURSE 
AWS COURSE FOR DEVOPS
AWS CLI Deep Dive
Terraform Vault
Secrets Management with Terraform .
.
Disclaimer: Unauthorized copying, reproduction, or distribution of this video content, in whole or in part, is strictly prohibited. Any attempt to upload, share, or use this content for commercial or non-commercial purposes without explicit permission from the owner will be subject to legal action. All rights reserved.",https://i.ytimg.com/vi/sIkRK33AY50/maxresdefault.jpg,Abhishek.Veeramalla,101410,1375,178,2568,42.8,42:48,"42 Minutes, 48 Seconds",2023-09-26T18:29:33,https://www.youtube.com/watch?v=sIkRK33AY50,"[#devops mock interview, #devops, #devops round table, #azure, #vmware, #openshift, #gcp, #openstack, #azure git, #bitbucket, #stash, #gitlab, #azure devops interview questions, #Real Time Python Project, #DevOps Python Project, #python videos, #what is devops, #why devops, #how to learn devops, #SRE, #What is SRE ?, #Devops vs SRE, #Devops to SRE, #SRE roadmap, #learn SRE, #Platform Engineering ?, #What is Platform Engineering ?, #Difference Between Platform Engineering and DevOps ?, #Future of Devops]","[#kubernetes, #futureofdevops, #sre, #AbhishekVeeramalla, #azure, #aws, #devops]",[],"[https://topmate.io/abhishek_veeramalla, https://github.com/iam-veeramalla/terraform-zero-to-hero, https://www.udemy.com/course/ultimate-devops-project-with-resume-preparation/?referralCode=9F588E43854814744430, https://t.me/abhishekveeramalla, https://www.youtube.com/@AbhishekVeeramalla/join, https://abhishekveeramalla-av.medium.com/, https://www.buymeacoffee.com/abhishekprd, https://www.instagram.com/abhishekveeramalla_official/, https://www.udemy.com/course/ultimate-devops-project-with-resume-preparation/, https://www.udemy.com/course/ultimate-devops-and-cloud-interview-guide/, https://github.com/iam-veeramalla, https://www.linkedin.com/in/abhishek-veeramalla-77b33996/]"
Day-8 | Most Asked Interview Scenarios | #terraform #abhishekveeramalla,"Join our 24*7 Career guidance channel:
www.youtube.com/abhishekveeramalla/join

End to End DevOps Project on Udemy
https://www.udemy.com/course/ultimate-devops-project-with-resume-preparation/

Ultimate DevOps Interview Guide
https://www.udemy.com/course/ultimate-devops-and-cloud-interview-guide/

---- 

Udemy Course (End to End DevOps Project)
https://www.udemy.com/course/ultimate-devops-project-with-resume-preparation/?referralCode=9F588E43854814744430

--- --- Support my work
https://www.buymeacoffee.com/abhishekprd Hi Everyone, My Name is Abhishek and my channel is focused on delivering Free content on DevOps and Cloud. Follow my channel for practical learning of DevOps and Cloud. Don't miss the FREE DEVOPS COURSE and FREE AWS COURSE from Playlists section.

Doubts Clearing Group 
https://www.youtube.com/@AbhishekVeeramalla/join

GitHub Repo for the Series
https://github.com/iam-veeramalla/terraform-zero-to-hero

Instagram: https://www.instagram.com/abhishekveeramalla_official/

Book 1:1 with me on TopMate for career guidance
https://topmate.io/abhishek_veeramalla

Public Telegram Channel For Notes and Updates
https://t.me/abhishekveeramalla

About me:
========
LinkedIn: https://www.linkedin.com/in/abhishek-veeramalla-77b33996/
GitHub: https://github.com/iam-veeramalla
Medium: https://abhishekveeramalla-av.medium.com/

What is Terraform ?
Learn Terraform from basics
Terraform real world examples 
Terraform course
Best terraform course
Terraform modules
Terraform workspaces
#devops #futureofdevops #kubernetes #sre #aws #azure 
DEVOPS FAQ
DEVOPS
WHAT IS DEVOPS ?
WHY DEVOPS ?
HOW TO LEARN DEVOPS ?
LEARN DEVOPS IN 60 DAYS ?
NON IT TO IT BACKGROUND ?
IS DEVOPS EASY TO LEARN ?
BEST DEVOPS COURSE
FREE DEVOPS COURSE
#AbhishekVeeramalla
BEST DEVOPS VIDEOS 
DEVOPS INTERVIEW QUESTIONS
EASY DEVOPS VIDEOS
BEST WAY TO LEARN DEVOPS
PYTHON FOR DEVOPS
PYTHON PROJECTS FOR DEVOPS
LEARN PYTHON 
PYTHON PROJECTS FOR AWS
AWS PYTHON PROJECTS
AWS LAMBDA FUNCTIONS
WHAT IS GITOPS ?
WHY GITOPS ?
LEARN GITOPS ?
GITOPS FREE COURSE
What is AWS ?
LEARN AWS FOR FREE 
AWS COURSE 
AWS COURSE FOR DEVOPS
AWS CLI Deep Dive
Terraform Vault
Secrets Management with Terraform .
.
Disclaimer: Unauthorized copying, reproduction, or distribution of this video content, in whole or in part, is strictly prohibited. Any attempt to upload, share, or use this content for commercial or non-commercial purposes without explicit permission from the owner will be subject to legal action. All rights reserved.",https://i.ytimg.com/vi/-4IMy5ihiiU/maxresdefault.jpg,Abhishek.Veeramalla,105689,1964,231,1367,22.78,22:47,"22 Minutes, 47 Seconds",2023-09-29T15:30:00,https://www.youtube.com/watch?v=-4IMy5ihiiU,"[#devops mock interview, #devops, #devops round table, #azure, #vmware, #openshift, #gcp, #openstack, #azure git, #bitbucket, #stash, #gitlab, #azure devops interview questions, #Real Time Python Project, #DevOps Python Project, #python videos, #what is devops, #why devops, #how to learn devops, #SRE, #What is SRE ?, #Devops vs SRE, #Devops to SRE, #SRE roadmap, #learn SRE, #Platform Engineering ?, #What is Platform Engineering ?, #Difference Between Platform Engineering and DevOps ?, #Future of Devops]","[#kubernetes, #futureofdevops, #sre, #AbhishekVeeramalla, #azure, #aws, #devops]",[],"[https://topmate.io/abhishek_veeramalla, https://github.com/iam-veeramalla/terraform-zero-to-hero, https://www.udemy.com/course/ultimate-devops-project-with-resume-preparation/?referralCode=9F588E43854814744430, https://t.me/abhishekveeramalla, https://www.youtube.com/@AbhishekVeeramalla/join, https://abhishekveeramalla-av.medium.com/, https://www.buymeacoffee.com/abhishekprd, https://www.instagram.com/abhishekveeramalla_official/, https://www.udemy.com/course/ultimate-devops-project-with-resume-preparation/, https://www.udemy.com/course/ultimate-devops-and-cloud-interview-guide/, https://github.com/iam-veeramalla, https://www.linkedin.com/in/abhishek-veeramalla-77b33996/]"
Day-1 | Introduction to Python | Shell Scripting vs Python | Install and Run | #abhishekveeramalla,"Join our 24*7 Career guidance channel:
www.youtube.com/abhishekveeramalla/join

End to End DevOps Project on Udemy
https://www.udemy.com/course/ultimate-devops-project-with-resume-preparation/

Ultimate DevOps Interview Guide
https://www.udemy.com/course/ultimate-devops-and-cloud-interview-guide/

---- 

Udemy Course (End to End DevOps Project)
https://www.udemy.com/course/ultimate-devops-project-with-resume-preparation/?referralCode=9F588E43854814744430

--- --- Support my work
https://www.buymeacoffee.com/abhishekprd Hi Everyone, My Name is Abhishek and my channel is focused on delivering Free content on DevOps and Cloud. Follow my channel for practical learning of DevOps and Cloud. Don't miss the FREE DEVOPS, AWS and TERRAFORM PLAYLISTS.

Doubts Clearing Group
https://www.youtube.com/@AbhishekVeeramalla/join

GitHub Repo for this Course
https://github.com/iam-veeramalla/python-for-devops

Instagram: https://www.instagram.com/abhishekveeramalla_official/

Public Telegram Channel For Notes and Updates
https://t.me/abhishekveeramalla

About me:
========
LinkedIn: https://www.linkedin.com/in/abhishek-veeramalla-77b33996/
GitHub: https://github.com/iam-veeramalla
Medium: https://abhishekveeramalla-av.medium.com/

#devops #futureofdevops #kubernetes #sre #aws #azure 
DEVOPS FAQ
DEVOPS
WHAT IS DEVOPS ?
WHY DEVOPS ?
HOW TO LEARN DEVOPS ?
LEARN DEVOPS IN 60 DAYS ?
NON IT TO IT BACKGROUND ?
IS DEVOPS EASY TO LEARN ?
BEST DEVOPS COURSE
FREE DEVOPS COURSE
#AbhishekVeeramalla
BEST DEVOPS VIDEOS 
DEVOPS INTERVIEW QUESTIONS
EASY DEVOPS VIDEOS
BEST WAY TO LEARN DEVOPS
PYTHON FOR DEVOPS
PYTHON PROJECTS FOR DEVOPS
LEARN PYTHON 
PYTHON PROJECTS FOR AWS
AWS PYTHON PROJECTS
AWS LAMBDA FUNCTIONS
WHAT IS GITOPS ?
WHY GITOPS ?
LEARN GITOPS ?
GITOPS FREE COURSE
What is AWS ?
LEARN AWS FOR FREE 
AWS COURSE 
AWS COURSE FOR DEVOPS
AWS CLI Deep Dive .
.
Disclaimer: Unauthorized copying, reproduction, or distribution of this video content, in whole or in part, is strictly prohibited. Any attempt to upload, share, or use this content for commercial or non-commercial purposes without explicit permission from the owner will be subject to legal action. All rights reserved.",https://i.ytimg.com/vi/AgikzDtqgIY/sddefault.jpg,Abhishek.Veeramalla,156421,2352,157,1621,27.02,27:01,"27 Minutes, 1 Seconds",2023-10-20T15:30:03,https://www.youtube.com/watch?v=AgikzDtqgIY,"[#devops mock interview, #devops, #devops round table, #azure, #vmware, #openshift, #gcp, #openstack, #azure git, #bitbucket, #stash, #gitlab, #azure devops interview questions, #Real Time Python Project, #DevOps Python Project, #python videos, #what is devops, #why devops, #how to learn devops, #SRE, #What is SRE ?, #Devops vs SRE, #Devops to SRE, #SRE roadmap, #learn SRE, #Platform Engineering ?, #Future of Devops, #Python, #Python for DevOps, #Python Basics, #Best Python Classes, #Best Python Course]","[#kubernetes, #futureofdevops, #sre, #AbhishekVeeramalla, #azure, #aws, #devops]",[],"[https://www.udemy.com/course/ultimate-devops-project-with-resume-preparation/?referralCode=9F588E43854814744430, https://t.me/abhishekveeramalla, https://www.youtube.com/@AbhishekVeeramalla/join, https://abhishekveeramalla-av.medium.com/, https://www.buymeacoffee.com/abhishekprd, https://www.instagram.com/abhishekveeramalla_official/, https://github.com/iam-veeramalla/python-for-devops, https://www.udemy.com/course/ultimate-devops-project-with-resume-preparation/, https://www.udemy.com/course/ultimate-devops-and-cloud-interview-guide/, https://github.com/iam-veeramalla, https://www.linkedin.com/in/abhishek-veeramalla-77b33996/]"
Day-0 | Python for DevOps Course Syllabus | Learn Python from Basics | #abhishekveeramalla #python,"Join our 24*7 Career guidance channel:
www.youtube.com/abhishekveeramalla/join

End to End DevOps Project on Udemy
https://www.udemy.com/course/ultimate-devops-project-with-resume-preparation/

Ultimate DevOps Interview Guide
https://www.udemy.com/course/ultimate-devops-and-cloud-interview-guide/

---- 

Udemy Course (End to End DevOps Project)
https://www.udemy.com/course/ultimate-devops-project-with-resume-preparation/?referralCode=9F588E43854814744430

--- --- Support my work
https://www.buymeacoffee.com/abhishekprd

Hi Everyone, My Name is Abhishek and my channel is focused on delivering Free content on DevOps and Cloud. Follow my channel for practical learning of DevOps and Cloud. Don't miss the FREE DEVOPS, AWS and TERRAFORM PLAYLISTS.

Doubts Clearing Group
https://www.youtube.com/@AbhishekVeeramalla/join

GitHub Repo for this Course
https://github.com/iam-veeramalla/python-for-devops

Instagram: https://www.instagram.com/abhishekveeramalla_official/

Public Telegram Channel For Notes and Updates
https://t.me/abhishekveeramalla

About me:
========
LinkedIn: https://www.linkedin.com/in/abhishek-veeramalla-77b33996/
GitHub: https://github.com/iam-veeramalla
Medium: https://abhishekveeramalla-av.medium.com/

#devops #futureofdevops #kubernetes #sre #aws #azure 
DEVOPS FAQ
DEVOPS
WHAT IS DEVOPS ?
WHY DEVOPS ?
HOW TO LEARN DEVOPS ?
LEARN DEVOPS IN 60 DAYS ?
NON IT TO IT BACKGROUND ?
IS DEVOPS EASY TO LEARN ?
BEST DEVOPS COURSE
FREE DEVOPS COURSE
#AbhishekVeeramalla
BEST DEVOPS VIDEOS 
DEVOPS INTERVIEW QUESTIONS
EASY DEVOPS VIDEOS
BEST WAY TO LEARN DEVOPS
PYTHON FOR DEVOPS
PYTHON PROJECTS FOR DEVOPS
LEARN PYTHON 
PYTHON PROJECTS FOR AWS
AWS PYTHON PROJECTS
AWS LAMBDA FUNCTIONS
WHAT IS GITOPS ?
WHY GITOPS ?
LEARN GITOPS ?
GITOPS FREE COURSE
What is AWS ?
LEARN AWS FOR FREE 
AWS COURSE 
AWS COURSE FOR DEVOPS
AWS CLI Deep Dive .
.
Disclaimer: Unauthorized copying, reproduction, or distribution of this video content, in whole or in part, is strictly prohibited. Any attempt to upload, share, or use this content for commercial or non-commercial purposes without explicit permission from the owner will be subject to legal action. All rights reserved.",https://i.ytimg.com/vi/H21U4jX_SLQ/sddefault.jpg,Abhishek.Veeramalla,291515,3878,308,1154,19.23,19:14,"19 Minutes, 14 Seconds",2023-10-13T14:50:54,https://www.youtube.com/watch?v=H21U4jX_SLQ,"[#devops mock interview, #devops, #devops round table, #azure, #vmware, #openshift, #gcp, #openstack, #azure git, #bitbucket, #stash, #gitlab, #azure devops interview questions, #Real Time Python Project, #DevOps Python Project, #python videos, #what is devops, #why devops, #how to learn devops, #SRE, #What is SRE ?, #Devops vs SRE, #Devops to SRE, #SRE roadmap, #learn SRE, #Platform Engineering ?, #Future of Devops, #Python, #Python for DevOps, #Python Basics, #Best Python Classes, #Best Python Course]","[#kubernetes, #futureofdevops, #sre, #AbhishekVeeramalla, #azure, #aws, #devops]",[],"[https://www.udemy.com/course/ultimate-devops-project-with-resume-preparation/?referralCode=9F588E43854814744430, https://t.me/abhishekveeramalla, https://www.youtube.com/@AbhishekVeeramalla/join, https://abhishekveeramalla-av.medium.com/, https://www.buymeacoffee.com/abhishekprd, https://www.instagram.com/abhishekveeramalla_official/, https://github.com/iam-veeramalla/python-for-devops, https://www.udemy.com/course/ultimate-devops-project-with-resume-preparation/, https://www.udemy.com/course/ultimate-devops-and-cloud-interview-guide/, https://github.com/iam-veeramalla, https://www.linkedin.com/in/abhishek-veeramalla-77b33996/]"
Day-2 | Data Types | Strings | String Handling Functions | #abhishekveeramalla #python,"Join our 24*7 Career guidance channel:
www.youtube.com/abhishekveeramalla/join

End to End DevOps Project on Udemy
https://www.udemy.com/course/ultimate-devops-project-with-resume-preparation/

Ultimate DevOps Interview Guide
https://www.udemy.com/course/ultimate-devops-and-cloud-interview-guide/

---- 

Udemy Course (End to End DevOps Project)
https://www.udemy.com/course/ultimate-devops-project-with-resume-preparation/?referralCode=9F588E43854814744430

--- --- Support my work
https://www.buymeacoffee.com/abhishekprd Hi Everyone, My Name is Abhishek and my channel is focused on delivering Free content on DevOps and Cloud. Follow my channel for practical learning of DevOps and Cloud. Don't miss the FREE DEVOPS, AWS and TERRAFORM PLAYLISTS.

Doubts Clearing Group
https://www.youtube.com/@AbhishekVeeramalla/join

GitHub Repo for this Course
https://github.com/iam-veeramalla/python-for-devops

Instagram: https://www.instagram.com/abhishekveeramalla_official/

Public Telegram Channel For Notes and Updates
https://t.me/abhishekveeramalla

About me:
========
LinkedIn: https://www.linkedin.com/in/abhishek-veeramalla-77b33996/
GitHub: https://github.com/iam-veeramalla
Medium: https://abhishekveeramalla-av.medium.com/

#devops #futureofdevops #kubernetes #sre #aws #azure 
DEVOPS FAQ
DEVOPS
WHAT IS DEVOPS ?
WHY DEVOPS ?
HOW TO LEARN DEVOPS ?
LEARN DEVOPS IN 60 DAYS ?
NON IT TO IT BACKGROUND ?
IS DEVOPS EASY TO LEARN ?
BEST DEVOPS COURSE
FREE DEVOPS COURSE
#AbhishekVeeramalla
BEST DEVOPS VIDEOS 
DEVOPS INTERVIEW QUESTIONS
EASY DEVOPS VIDEOS
BEST WAY TO LEARN DEVOPS
PYTHON FOR DEVOPS
PYTHON PROJECTS FOR DEVOPS
LEARN PYTHON 
PYTHON PROJECTS FOR AWS
AWS PYTHON PROJECTS
AWS LAMBDA FUNCTIONS
WHAT IS GITOPS ?
WHY GITOPS ?
LEARN GITOPS ?
GITOPS FREE COURSE
What is AWS ?
LEARN AWS FOR FREE 
AWS COURSE 
AWS COURSE FOR DEVOPS
AWS CLI Deep Dive .
.
Disclaimer: Unauthorized copying, reproduction, or distribution of this video content, in whole or in part, is strictly prohibited. Any attempt to upload, share, or use this content for commercial or non-commercial purposes without explicit permission from the owner will be subject to legal action. All rights reserved.",https://i.ytimg.com/vi/yPlC6Y3OpBM/sddefault.jpg,Abhishek.Veeramalla,114201,2255,206,1968,32.8,32:48,"32 Minutes, 48 Seconds",2023-10-21T15:30:24,https://www.youtube.com/watch?v=yPlC6Y3OpBM,"[#devops mock interview, #devops, #devops round table, #azure, #vmware, #openshift, #gcp, #openstack, #azure git, #bitbucket, #stash, #gitlab, #azure devops interview questions, #Real Time Python Project, #DevOps Python Project, #python videos, #what is devops, #why devops, #how to learn devops, #SRE, #What is SRE ?, #Devops vs SRE, #Devops to SRE, #SRE roadmap, #learn SRE, #Platform Engineering ?, #Future of Devops, #Python, #Python for DevOps, #Python Basics, #Best Python Classes, #Best Python Course]","[#kubernetes, #futureofdevops, #sre, #AbhishekVeeramalla, #azure, #aws, #devops]",[],"[https://www.udemy.com/course/ultimate-devops-project-with-resume-preparation/?referralCode=9F588E43854814744430, https://t.me/abhishekveeramalla, https://www.youtube.com/@AbhishekVeeramalla/join, https://abhishekveeramalla-av.medium.com/, https://www.buymeacoffee.com/abhishekprd, https://www.instagram.com/abhishekveeramalla_official/, https://github.com/iam-veeramalla/python-for-devops, https://www.udemy.com/course/ultimate-devops-project-with-resume-preparation/, https://www.udemy.com/course/ultimate-devops-and-cloud-interview-guide/, https://github.com/iam-veeramalla, https://www.linkedin.com/in/abhishek-veeramalla-77b33996/]"
"Day-3 | Keywords, Variables & Best Practices | Global vs Local | #python #abhishekveeramalla","Join our 24*7 Career guidance channel:
www.youtube.com/abhishekveeramalla/join

End to End DevOps Project on Udemy
https://www.udemy.com/course/ultimate-devops-project-with-resume-preparation/

Ultimate DevOps Interview Guide
https://www.udemy.com/course/ultimate-devops-and-cloud-interview-guide/

---- 

Udemy Course (End to End DevOps Project)
https://www.udemy.com/course/ultimate-devops-project-with-resume-preparation/?referralCode=9F588E43854814744430

--- --- Support my work
https://www.buymeacoffee.com/abhishekprd Hi Everyone, My Name is Abhishek and my channel is focused on delivering Free content on DevOps and Cloud. Follow my channel for practical learning of DevOps and Cloud. Don't miss the FREE DEVOPS, AWS and TERRAFORM PLAYLISTS.

Doubts Clearing Group
https://www.youtube.com/@AbhishekVeeramalla/join

GitHub Repo for this Course
https://github.com/iam-veeramalla/python-for-devops

Instagram: https://www.instagram.com/abhishekveeramalla_official/

Public Telegram Channel For Notes and Updates
https://t.me/abhishekveeramalla

About me:
========
LinkedIn: https://www.linkedin.com/in/abhishek-veeramalla-77b33996/
GitHub: https://github.com/iam-veeramalla
Medium: https://abhishekveeramalla-av.medium.com/

#devops #futureofdevops #kubernetes #sre #aws #azure 
DEVOPS FAQ
DEVOPS
WHAT IS DEVOPS ?
WHY DEVOPS ?
HOW TO LEARN DEVOPS ?
LEARN DEVOPS IN 60 DAYS ?
NON IT TO IT BACKGROUND ?
IS DEVOPS EASY TO LEARN ?
BEST DEVOPS COURSE
FREE DEVOPS COURSE
#AbhishekVeeramalla
BEST DEVOPS VIDEOS 
DEVOPS INTERVIEW QUESTIONS
EASY DEVOPS VIDEOS
BEST WAY TO LEARN DEVOPS
PYTHON FOR DEVOPS
PYTHON PROJECTS FOR DEVOPS
LEARN PYTHON 
PYTHON PROJECTS FOR AWS
AWS PYTHON PROJECTS
AWS LAMBDA FUNCTIONS
WHAT IS GITOPS ?
WHY GITOPS ?
LEARN GITOPS ?
GITOPS FREE COURSE
What is AWS ?
LEARN AWS FOR FREE 
AWS COURSE 
AWS COURSE FOR DEVOPS
AWS CLI Deep Dive .
.
Disclaimer: Unauthorized copying, reproduction, or distribution of this video content, in whole or in part, is strictly prohibited. Any attempt to upload, share, or use this content for commercial or non-commercial purposes without explicit permission from the owner will be subject to legal action. All rights reserved.",https://i.ytimg.com/vi/7sWFBuVwScM/sddefault.jpg,Abhishek.Veeramalla,71455,1242,105,2830,47.17,47:10,"47 Minutes, 10 Seconds",2023-10-23T15:30:01,https://www.youtube.com/watch?v=7sWFBuVwScM,"[#devops mock interview, #devops, #devops round table, #azure, #vmware, #openshift, #gcp, #openstack, #azure git, #bitbucket, #stash, #gitlab, #azure devops interview questions, #Real Time Python Project, #DevOps Python Project, #python videos, #what is devops, #why devops, #how to learn devops, #SRE, #What is SRE ?, #Devops vs SRE, #Devops to SRE, #SRE roadmap, #learn SRE, #Platform Engineering ?, #Future of Devops, #Python, #Python for DevOps, #Python Basics, #Best Python Classes, #Best Python Course]","[#kubernetes, #futureofdevops, #sre, #AbhishekVeeramalla, #azure, #aws, #devops]",[],"[https://www.udemy.com/course/ultimate-devops-project-with-resume-preparation/?referralCode=9F588E43854814744430, https://t.me/abhishekveeramalla, https://www.youtube.com/@AbhishekVeeramalla/join, https://abhishekveeramalla-av.medium.com/, https://www.buymeacoffee.com/abhishekprd, https://www.instagram.com/abhishekveeramalla_official/, https://github.com/iam-veeramalla/python-for-devops, https://www.udemy.com/course/ultimate-devops-project-with-resume-preparation/, https://www.udemy.com/course/ultimate-devops-and-cloud-interview-guide/, https://github.com/iam-veeramalla, https://www.linkedin.com/in/abhishek-veeramalla-77b33996/]"
"Day-4 | Functions, Modules and Packages | Most Simple Explanation #python  #abhishekveeramalla","Join our 24*7 Career guidance channel:
www.youtube.com/abhishekveeramalla/join

End to End DevOps Project on Udemy
https://www.udemy.com/course/ultimate-devops-project-with-resume-preparation/

Ultimate DevOps Interview Guide
https://www.udemy.com/course/ultimate-devops-and-cloud-interview-guide/

---- 

Udemy Course (End to End DevOps Project)
https://www.udemy.com/course/ultimate-devops-project-with-resume-preparation/?referralCode=9F588E43854814744430

--- --- Support my work
https://www.buymeacoffee.com/abhishekprd Hi Everyone, My Name is Abhishek and my channel is focused on delivering Free content on DevOps and Cloud. Follow my channel for practical learning of DevOps and Cloud. Don't miss the FREE DEVOPS, AWS and TERRAFORM PLAYLISTS.

Doubts Clearing Group
https://www.youtube.com/@AbhishekVeeramalla/join

Instagram: https://www.instagram.com/abhishekveeramalla_official/

GitHub Repo for this Course
https://github.com/iam-veeramalla/python-for-devops

Public Telegram Channel For Notes and Updates
https://t.me/abhishekveeramalla

About me:
========
LinkedIn: https://www.linkedin.com/in/abhishek-veeramalla-77b33996/
GitHub: https://github.com/iam-veeramalla
Medium: https://abhishekveeramalla-av.medium.com/

#devops #futureofdevops #kubernetes #sre #aws #azure 
DEVOPS FAQ
DEVOPS
WHAT IS DEVOPS ?
WHY DEVOPS ?
HOW TO LEARN DEVOPS ?
LEARN DEVOPS IN 60 DAYS ?
NON IT TO IT BACKGROUND ?
IS DEVOPS EASY TO LEARN ?
BEST DEVOPS COURSE
FREE DEVOPS COURSE
#AbhishekVeeramalla
BEST DEVOPS VIDEOS 
DEVOPS INTERVIEW QUESTIONS
EASY DEVOPS VIDEOS
BEST WAY TO LEARN DEVOPS
PYTHON FOR DEVOPS
PYTHON PROJECTS FOR DEVOPS
LEARN PYTHON 
PYTHON PROJECTS FOR AWS
AWS PYTHON PROJECTS
AWS LAMBDA FUNCTIONS
WHAT IS GITOPS ?
WHY GITOPS ?
LEARN GITOPS ?
GITOPS FREE COURSE
What is AWS ?
LEARN AWS FOR FREE 
AWS COURSE 
AWS COURSE FOR DEVOPS
AWS CLI Deep Dive
Python
Learn Python from Basics
Python course
Simple Python Course
Python with examples
Python for DevOps .
.
Disclaimer: Unauthorized copying, reproduction, or distribution of this video content, in whole or in part, is strictly prohibited. Any attempt to upload, share, or use this content for commercial or non-commercial purposes without explicit permission from the owner will be subject to legal action. All rights reserved.",https://i.ytimg.com/vi/k4EJbGI80t4/maxresdefault.jpg,Abhishek.Veeramalla,73568,1331,107,4095,68.25,1:08:15,"1 Hours, 8 Minutes, 15 Seconds",2023-10-25T17:17:32,https://www.youtube.com/watch?v=k4EJbGI80t4,"[#devops, #openstack, #azure devops interview questions, #Real Time Python Project, #DevOps Python Project, #python videos, #what is devops, #why devops, #how to learn devops, #SRE, #What is SRE ?, #Devops vs SRE, #Devops to SRE, #SRE roadmap, #learn SRE, #Platform Engineering ?, #Future of Devops, #Python, #Python for DevOps, #Python Basics, #Best Python Classes, #Best Python Course, #Simple Python Course, #Python from basics, #Python for Devops, #Python Functions, #Best Python Videos, #PYTHON]","[#kubernetes, #futureofdevops, #sre, #AbhishekVeeramalla, #azure, #aws, #devops]",[],"[https://www.udemy.com/course/ultimate-devops-project-with-resume-preparation/?referralCode=9F588E43854814744430, https://t.me/abhishekveeramalla, https://www.youtube.com/@AbhishekVeeramalla/join, https://abhishekveeramalla-av.medium.com/, https://www.buymeacoffee.com/abhishekprd, https://www.instagram.com/abhishekveeramalla_official/, https://github.com/iam-veeramalla/python-for-devops, https://www.udemy.com/course/ultimate-devops-project-with-resume-preparation/, https://www.udemy.com/course/ultimate-devops-and-cloud-interview-guide/, https://github.com/iam-veeramalla, https://www.linkedin.com/in/abhishek-veeramalla-77b33996/]"
Day-5 | Command Line Args & Env Vars | Most Simple Explanation #python  #abhishekveeramalla,"Join our 24*7 Career guidance channel:
www.youtube.com/abhishekveeramalla/join

End to End DevOps Project on Udemy
https://www.udemy.com/course/ultimate-devops-project-with-resume-preparation/

Ultimate DevOps Interview Guide
https://www.udemy.com/course/ultimate-devops-and-cloud-interview-guide/

---- 

Udemy Course (End to End DevOps Project)
https://www.udemy.com/course/ultimate-devops-project-with-resume-preparation/?referralCode=9F588E43854814744430

--- --- Support my work
https://www.buymeacoffee.com/abhishekprd Hi Everyone, My Name is Abhishek and my channel is focused on delivering Free content on DevOps and Cloud. Follow my channel for practical learning of DevOps and Cloud. Don't miss the FREE DEVOPS, AWS and TERRAFORM PLAYLISTS.

Doubts Clearing Group
https://www.youtube.com/@AbhishekVeeramalla/join

Instagram: https://www.instagram.com/abhishekveeramalla_official/

GitHub Repo for this Course
https://github.com/iam-veeramalla/python-for-devops

Public Telegram Channel For Notes and Updates
https://t.me/abhishekveeramalla

About me:
========
LinkedIn: https://www.linkedin.com/in/abhishek-veeramalla-77b33996/
GitHub: https://github.com/iam-veeramalla
Medium: https://abhishekveeramalla-av.medium.com/

#devops #futureofdevops #kubernetes #sre #aws #azure 
DEVOPS FAQ
DEVOPS
WHAT IS DEVOPS ?
WHY DEVOPS ?
HOW TO LEARN DEVOPS ?
LEARN DEVOPS IN 60 DAYS ?
NON IT TO IT BACKGROUND ?
IS DEVOPS EASY TO LEARN ?
BEST DEVOPS COURSE
FREE DEVOPS COURSE
#AbhishekVeeramalla
BEST DEVOPS VIDEOS 
DEVOPS INTERVIEW QUESTIONS
EASY DEVOPS VIDEOS
BEST WAY TO LEARN DEVOPS
PYTHON FOR DEVOPS
PYTHON PROJECTS FOR DEVOPS
LEARN PYTHON 
PYTHON PROJECTS FOR AWS
AWS PYTHON PROJECTS
AWS LAMBDA FUNCTIONS
WHAT IS GITOPS ?
WHY GITOPS ?
LEARN GITOPS ?
GITOPS FREE COURSE
What is AWS ?
LEARN AWS FOR FREE 
AWS COURSE 
AWS COURSE FOR DEVOPS
AWS CLI Deep Dive
Python
Learn Python from Basics
Python course
Simple Python Course
Python with examples
Python for DevOps .
.
Disclaimer: Unauthorized copying, reproduction, or distribution of this video content, in whole or in part, is strictly prohibited. Any attempt to upload, share, or use this content for commercial or non-commercial purposes without explicit permission from the owner will be subject to legal action. All rights reserved.",https://i.ytimg.com/vi/1tFB2ux9DWU/maxresdefault.jpg,Abhishek.Veeramalla,49871,798,67,1782,29.7,29:42,"29 Minutes, 42 Seconds",2023-10-27T15:51:31,https://www.youtube.com/watch?v=1tFB2ux9DWU,"[#devops, #openstack, #azure devops interview questions, #Real Time Python Project, #DevOps Python Project, #python videos, #what is devops, #why devops, #how to learn devops, #SRE, #What is SRE ?, #Devops vs SRE, #Devops to SRE, #SRE roadmap, #learn SRE, #Platform Engineering ?, #Future of Devops, #Python, #Python for DevOps, #Python Basics, #Best Python Classes, #Best Python Course, #Simple Python Course, #Python from basics, #Python for Devops, #Python Functions, #Best Python Videos, #PYTHON]","[#kubernetes, #futureofdevops, #sre, #AbhishekVeeramalla, #azure, #aws, #devops]",[],"[https://www.udemy.com/course/ultimate-devops-project-with-resume-preparation/?referralCode=9F588E43854814744430, https://t.me/abhishekveeramalla, https://www.youtube.com/@AbhishekVeeramalla/join, https://abhishekveeramalla-av.medium.com/, https://www.buymeacoffee.com/abhishekprd, https://www.instagram.com/abhishekveeramalla_official/, https://github.com/iam-veeramalla/python-for-devops, https://www.udemy.com/course/ultimate-devops-project-with-resume-preparation/, https://www.udemy.com/course/ultimate-devops-and-cloud-interview-guide/, https://github.com/iam-veeramalla, https://www.linkedin.com/in/abhishek-veeramalla-77b33996/]"
Day-6 | Operators | Python for DevOps #python  #abhishekveeramalla,"Join our 24*7 Career guidance channel:
www.youtube.com/abhishekveeramalla/join

End to End DevOps Project on Udemy
https://www.udemy.com/course/ultimate-devops-project-with-resume-preparation/

Ultimate DevOps Interview Guide
https://www.udemy.com/course/ultimate-devops-and-cloud-interview-guide/

---- 

Udemy Course (End to End DevOps Project)
https://www.udemy.com/course/ultimate-devops-project-with-resume-preparation/?referralCode=9F588E43854814744430

--- --- Support my work
https://www.buymeacoffee.com/abhishekprd Hi Everyone, My Name is Abhishek and my channel is focused on delivering Free content on DevOps and Cloud. Follow my channel for practical learning of DevOps and Cloud. Don't miss the FREE DEVOPS, AWS and TERRAFORM PLAYLISTS.

Doubts Clearing Group
https://www.youtube.com/@AbhishekVeeramalla/join

Instagram: https://www.instagram.com/abhishekveeramalla_official/

GitHub Repo for this Course
https://github.com/iam-veeramalla/python-for-devops

Public Telegram Channel For Notes and Updates
https://t.me/abhishekveeramalla

About me:
========
LinkedIn: https://www.linkedin.com/in/abhishek-veeramalla-77b33996/
GitHub: https://github.com/iam-veeramalla
Medium: https://abhishekveeramalla-av.medium.com/

#devops #futureofdevops #kubernetes #sre #aws #azure 
DEVOPS FAQ
DEVOPS
WHAT IS DEVOPS ?
WHY DEVOPS ?
HOW TO LEARN DEVOPS ?
LEARN DEVOPS IN 60 DAYS ?
NON IT TO IT BACKGROUND ?
IS DEVOPS EASY TO LEARN ?
BEST DEVOPS COURSE
FREE DEVOPS COURSE
#AbhishekVeeramalla
BEST DEVOPS VIDEOS 
DEVOPS INTERVIEW QUESTIONS
EASY DEVOPS VIDEOS
BEST WAY TO LEARN DEVOPS
PYTHON FOR DEVOPS
PYTHON PROJECTS FOR DEVOPS
LEARN PYTHON 
PYTHON PROJECTS FOR AWS
AWS PYTHON PROJECTS
AWS LAMBDA FUNCTIONS
WHAT IS GITOPS ?
WHY GITOPS ?
LEARN GITOPS ?
GITOPS FREE COURSE
What is AWS ?
LEARN AWS FOR FREE 
AWS COURSE 
AWS COURSE FOR DEVOPS
AWS CLI Deep Dive
Python
Learn Python from Basics
Python course
Simple Python Course
Python with examples
Python for DevOps .
.
Disclaimer: Unauthorized copying, reproduction, or distribution of this video content, in whole or in part, is strictly prohibited. Any attempt to upload, share, or use this content for commercial or non-commercial purposes without explicit permission from the owner will be subject to legal action. All rights reserved.",https://i.ytimg.com/vi/tvdIGMahlNM/sddefault.jpg,Abhishek.Veeramalla,38480,689,53,1533,25.55,25:33,"25 Minutes, 33 Seconds",2023-10-30T16:53:53,https://www.youtube.com/watch?v=tvdIGMahlNM,"[#devops, #openstack, #azure devops interview questions, #Real Time Python Project, #DevOps Python Project, #python videos, #what is devops, #why devops, #how to learn devops, #SRE, #What is SRE ?, #Devops vs SRE, #Devops to SRE, #SRE roadmap, #learn SRE, #Platform Engineering ?, #Future of Devops, #Python, #Python for DevOps, #Python Basics, #Best Python Classes, #Best Python Course, #Simple Python Course, #Python from basics, #Python for Devops, #Python Functions, #Best Python Videos, #PYTHON]","[#kubernetes, #futureofdevops, #sre, #AbhishekVeeramalla, #azure, #aws, #devops]",[],"[https://www.udemy.com/course/ultimate-devops-project-with-resume-preparation/?referralCode=9F588E43854814744430, https://t.me/abhishekveeramalla, https://www.youtube.com/@AbhishekVeeramalla/join, https://abhishekveeramalla-av.medium.com/, https://www.buymeacoffee.com/abhishekprd, https://www.instagram.com/abhishekveeramalla_official/, https://github.com/iam-veeramalla/python-for-devops, https://www.udemy.com/course/ultimate-devops-project-with-resume-preparation/, https://www.udemy.com/course/ultimate-devops-and-cloud-interview-guide/, https://github.com/iam-veeramalla, https://www.linkedin.com/in/abhishek-veeramalla-77b33996/]"
"Day-7 | Conditional Handling | IF, ELSE, ELSE IF | Python for DevOps #python  #abhishekveeramalla","Join our 24*7 Career guidance channel:
www.youtube.com/abhishekveeramalla/join

End to End DevOps Project on Udemy
https://www.udemy.com/course/ultimate-devops-project-with-resume-preparation/

Ultimate DevOps Interview Guide
https://www.udemy.com/course/ultimate-devops-and-cloud-interview-guide/

---- 

Udemy Course (End to End DevOps Project)
https://www.udemy.com/course/ultimate-devops-project-with-resume-preparation/?referralCode=9F588E43854814744430

--- --- Support my work
https://www.buymeacoffee.com/abhishekprd Hi Everyone, My Name is Abhishek and my channel is focused on delivering Free content on DevOps and Cloud. Follow my channel for practical learning of DevOps and Cloud. Don't miss the FREE DEVOPS, AWS and TERRAFORM PLAYLISTS.

Doubts Clearing Group
https://www.youtube.com/@AbhishekVeeramalla/join

Instagram: https://www.instagram.com/abhishekveeramalla_official/

GitHub Repo for this Course
https://github.com/iam-veeramalla/python-for-devops

Public Telegram Channel For Notes and Updates
https://t.me/abhishekveeramalla

About me:
========
LinkedIn: https://www.linkedin.com/in/abhishek-veeramalla-77b33996/
GitHub: https://github.com/iam-veeramalla
Medium: https://abhishekveeramalla-av.medium.com/

#devops #futureofdevops #kubernetes #sre #aws #azure 
DEVOPS FAQ
DEVOPS
WHAT IS DEVOPS ?
WHY DEVOPS ?
HOW TO LEARN DEVOPS ?
LEARN DEVOPS IN 60 DAYS ?
NON IT TO IT BACKGROUND ?
IS DEVOPS EASY TO LEARN ?
BEST DEVOPS COURSE
FREE DEVOPS COURSE
#AbhishekVeeramalla
BEST DEVOPS VIDEOS 
DEVOPS INTERVIEW QUESTIONS
EASY DEVOPS VIDEOS
BEST WAY TO LEARN DEVOPS
PYTHON FOR DEVOPS
PYTHON PROJECTS FOR DEVOPS
LEARN PYTHON 
PYTHON PROJECTS FOR AWS
AWS PYTHON PROJECTS
AWS LAMBDA FUNCTIONS
WHAT IS GITOPS ?
WHY GITOPS ?
LEARN GITOPS ?
GITOPS FREE COURSE
What is AWS ?
LEARN AWS FOR FREE 
AWS COURSE 
AWS COURSE FOR DEVOPS
AWS CLI Deep Dive
Python
Learn Python from Basics
Python course
Simple Python Course
Python with examples
Python for DevOps .
.
Disclaimer: Unauthorized copying, reproduction, or distribution of this video content, in whole or in part, is strictly prohibited. Any attempt to upload, share, or use this content for commercial or non-commercial purposes without explicit permission from the owner will be subject to legal action. All rights reserved.",https://i.ytimg.com/vi/oX1whbilkMU/sddefault.jpg,Abhishek.Veeramalla,26051,565,41,898,14.97,14:58,"14 Minutes, 58 Seconds",2023-11-01T15:30:21,https://www.youtube.com/watch?v=oX1whbilkMU,"[#devops, #openstack, #azure devops interview questions, #Real Time Python Project, #DevOps Python Project, #python videos, #what is devops, #why devops, #how to learn devops, #SRE, #What is SRE ?, #Devops vs SRE, #Devops to SRE, #SRE roadmap, #learn SRE, #Platform Engineering ?, #Future of Devops, #Python, #Python for DevOps, #Python Basics, #Best Python Classes, #Best Python Course, #Simple Python Course, #Python from basics, #Python for Devops, #Python Functions, #Best Python Videos, #PYTHON]","[#kubernetes, #futureofdevops, #sre, #AbhishekVeeramalla, #azure, #aws, #devops]",[],"[https://www.udemy.com/course/ultimate-devops-project-with-resume-preparation/?referralCode=9F588E43854814744430, https://t.me/abhishekveeramalla, https://www.youtube.com/@AbhishekVeeramalla/join, https://abhishekveeramalla-av.medium.com/, https://www.buymeacoffee.com/abhishekprd, https://www.instagram.com/abhishekveeramalla_official/, https://github.com/iam-veeramalla/python-for-devops, https://www.udemy.com/course/ultimate-devops-project-with-resume-preparation/, https://www.udemy.com/course/ultimate-devops-and-cloud-interview-guide/, https://github.com/iam-veeramalla, https://www.linkedin.com/in/abhishek-veeramalla-77b33996/]"
Day-8 | Lists and Tuples | Interview Concepts | Python for DevOps #python #abhishekveeramalla,"Join our 24*7 Career guidance channel:
www.youtube.com/abhishekveeramalla/join

End to End DevOps Project on Udemy
https://www.udemy.com/course/ultimate-devops-project-with-resume-preparation/

Ultimate DevOps Interview Guide
https://www.udemy.com/course/ultimate-devops-and-cloud-interview-guide/

---- 

Udemy Course (End to End DevOps Project)
https://www.udemy.com/course/ultimate-devops-project-with-resume-preparation/?referralCode=9F588E43854814744430

--- --- Support my work
https://www.buymeacoffee.com/abhishekprd Hi Everyone, My Name is Abhishek and my channel is focused on delivering Free content on DevOps and Cloud. Follow my channel for practical learning of DevOps and Cloud. Don't miss the FREE DEVOPS, AWS and TERRAFORM PLAYLISTS.

Doubts Clearing Group
https://www.youtube.com/@AbhishekVeeramalla/join

Instagram: https://www.instagram.com/abhishekveeramalla_official/

GitHub Repo for this Course
https://github.com/iam-veeramalla/python-for-devops

Public Telegram Channel For Notes and Updates
https://t.me/abhishekveeramalla

About me:
========
LinkedIn: https://www.linkedin.com/in/abhishek-veeramalla-77b33996/
GitHub: https://github.com/iam-veeramalla
Medium: https://abhishekveeramalla-av.medium.com/

#devops #futureofdevops #kubernetes #sre #aws #azure 
DEVOPS FAQ
DEVOPS
WHAT IS DEVOPS ?
WHY DEVOPS ?
HOW TO LEARN DEVOPS ?
LEARN DEVOPS IN 60 DAYS ?
NON IT TO IT BACKGROUND ?
IS DEVOPS EASY TO LEARN ?
BEST DEVOPS COURSE
FREE DEVOPS COURSE
#AbhishekVeeramalla
BEST DEVOPS VIDEOS 
DEVOPS INTERVIEW QUESTIONS
EASY DEVOPS VIDEOS
BEST WAY TO LEARN DEVOPS
PYTHON FOR DEVOPS
PYTHON PROJECTS FOR DEVOPS
LEARN PYTHON 
PYTHON PROJECTS FOR AWS
AWS PYTHON PROJECTS
AWS LAMBDA FUNCTIONS
WHAT IS GITOPS ?
WHY GITOPS ?
LEARN GITOPS ?
GITOPS FREE COURSE
What is AWS ?
LEARN AWS FOR FREE 
AWS COURSE 
AWS COURSE FOR DEVOPS
AWS CLI Deep Dive
Python
Learn Python from Basics
Python course
Simple Python Course
Python with examples
Python for DevOps .
.
Disclaimer: Unauthorized copying, reproduction, or distribution of this video content, in whole or in part, is strictly prohibited. Any attempt to upload, share, or use this content for commercial or non-commercial purposes without explicit permission from the owner will be subject to legal action. All rights reserved.",https://i.ytimg.com/vi/icU23NuF2RU/maxresdefault.jpg,Abhishek.Veeramalla,34986,666,68,2411,40.18,40:11,"40 Minutes, 11 Seconds",2023-11-02T15:54:49,https://www.youtube.com/watch?v=icU23NuF2RU,"[#devops, #openstack, #azure devops interview questions, #Real Time Python Project, #DevOps Python Project, #python videos, #what is devops, #why devops, #how to learn devops, #SRE, #What is SRE ?, #Devops vs SRE, #Devops to SRE, #SRE roadmap, #learn SRE, #Platform Engineering ?, #Future of Devops, #Python, #Python for DevOps, #Python Basics, #Best Python Classes, #Best Python Course, #Simple Python Course, #Python from basics, #Python for Devops, #Python Functions, #Best Python Videos, #PYTHON]","[#kubernetes, #futureofdevops, #sre, #AbhishekVeeramalla, #azure, #aws, #devops]",[],"[https://www.udemy.com/course/ultimate-devops-project-with-resume-preparation/?referralCode=9F588E43854814744430, https://t.me/abhishekveeramalla, https://www.youtube.com/@AbhishekVeeramalla/join, https://abhishekveeramalla-av.medium.com/, https://www.buymeacoffee.com/abhishekprd, https://www.instagram.com/abhishekveeramalla_official/, https://github.com/iam-veeramalla/python-for-devops, https://www.udemy.com/course/ultimate-devops-project-with-resume-preparation/, https://www.udemy.com/course/ultimate-devops-and-cloud-interview-guide/, https://github.com/iam-veeramalla, https://www.linkedin.com/in/abhishek-veeramalla-77b33996/]"
Day-9 | Loops in Python | For Loop & While Loop | DevOps UseCases | #abhishekveeramalla,"Join our 24*7 Career guidance channel:
www.youtube.com/abhishekveeramalla/join

End to End DevOps Project on Udemy
https://www.udemy.com/course/ultimate-devops-project-with-resume-preparation/

Ultimate DevOps Interview Guide
https://www.udemy.com/course/ultimate-devops-and-cloud-interview-guide/

---- 

Udemy Course (End to End DevOps Project)
https://www.udemy.com/course/ultimate-devops-project-with-resume-preparation/?referralCode=9F588E43854814744430

--- --- Support my work
https://www.buymeacoffee.com/abhishekprd Hi Everyone, My Name is Abhishek and my channel is focused on delivering Free content on DevOps and Cloud. Follow my channel for practical learning of DevOps and Cloud. Don't miss the FREE DEVOPS, AWS and TERRAFORM PLAYLISTS.

Doubts Clearing Group
https://www.youtube.com/@AbhishekVeeramalla/join

Instagram: https://www.instagram.com/abhishekveeramalla_official/

GitHub Repo for this Course
https://github.com/iam-veeramalla/python-for-devops

Public Telegram Channel For Notes and Updates
https://t.me/abhishekveeramalla

About me:
========
LinkedIn: https://www.linkedin.com/in/abhishek-veeramalla-77b33996/
GitHub: https://github.com/iam-veeramalla
Medium: https://abhishekveeramalla-av.medium.com/

#devops #futureofdevops #kubernetes #sre #aws #azure 
DEVOPS FAQ
DEVOPS
WHAT IS DEVOPS ?
WHY DEVOPS ?
HOW TO LEARN DEVOPS ?
LEARN DEVOPS IN 60 DAYS ?
NON IT TO IT BACKGROUND ?
IS DEVOPS EASY TO LEARN ?
BEST DEVOPS COURSE
FREE DEVOPS COURSE
#AbhishekVeeramalla
BEST DEVOPS VIDEOS 
DEVOPS INTERVIEW QUESTIONS
EASY DEVOPS VIDEOS
BEST WAY TO LEARN DEVOPS
PYTHON FOR DEVOPS
PYTHON PROJECTS FOR DEVOPS
LEARN PYTHON 
PYTHON PROJECTS FOR AWS
AWS PYTHON PROJECTS
AWS LAMBDA FUNCTIONS
WHAT IS GITOPS ?
WHY GITOPS ?
LEARN GITOPS ?
GITOPS FREE COURSE
What is AWS ?
LEARN AWS FOR FREE 
AWS COURSE 
AWS COURSE FOR DEVOPS
AWS CLI Deep Dive
Python
Learn Python from Basics
Python course
Simple Python Course
Python with examples
Python for DevOps .
.
Disclaimer: Unauthorized copying, reproduction, or distribution of this video content, in whole or in part, is strictly prohibited. Any attempt to upload, share, or use this content for commercial or non-commercial purposes without explicit permission from the owner will be subject to legal action. All rights reserved.",https://i.ytimg.com/vi/rTF7MhUFLBQ/maxresdefault.jpg,Abhishek.Veeramalla,36296,765,54,2504,41.73,41:44,"41 Minutes, 44 Seconds",2023-11-07T16:36:40,https://www.youtube.com/watch?v=rTF7MhUFLBQ,"[#devops, #openstack, #azure devops interview questions, #Real Time Python Project, #DevOps Python Project, #python videos, #what is devops, #why devops, #how to learn devops, #SRE, #What is SRE ?, #Devops vs SRE, #Devops to SRE, #SRE roadmap, #learn SRE, #Platform Engineering ?, #Future of Devops, #Python, #Python for DevOps, #Python Basics, #Best Python Classes, #Best Python Course, #Simple Python Course, #Python from basics, #Python for Devops, #Python Functions, #Best Python Videos, #PYTHON]","[#kubernetes, #futureofdevops, #sre, #AbhishekVeeramalla, #azure, #aws, #devops]",[],"[https://www.udemy.com/course/ultimate-devops-project-with-resume-preparation/?referralCode=9F588E43854814744430, https://t.me/abhishekveeramalla, https://www.youtube.com/@AbhishekVeeramalla/join, https://abhishekveeramalla-av.medium.com/, https://www.buymeacoffee.com/abhishekprd, https://www.instagram.com/abhishekveeramalla_official/, https://github.com/iam-veeramalla/python-for-devops, https://www.udemy.com/course/ultimate-devops-project-with-resume-preparation/, https://www.udemy.com/course/ultimate-devops-and-cloud-interview-guide/, https://github.com/iam-veeramalla, https://www.linkedin.com/in/abhishek-veeramalla-77b33996/]"
Day-10 | Python For DevOps  | Python Real Time UseCase with Lists & Exceptional Handling,"Join our 24*7 Career guidance channel:
www.youtube.com/abhishekveeramalla/join

End to End DevOps Project on Udemy
https://www.udemy.com/course/ultimate-devops-project-with-resume-preparation/

Ultimate DevOps Interview Guide
https://www.udemy.com/course/ultimate-devops-and-cloud-interview-guide/

---- 

Udemy Course (End to End DevOps Project)
https://www.udemy.com/course/ultimate-devops-project-with-resume-preparation/?referralCode=9F588E43854814744430

--- --- Support my work
https://www.buymeacoffee.com/abhishekprd Hi Everyone, My Name is Abhishek and my channel is focused on delivering Free content on DevOps and Cloud. Follow my channel for practical learning of DevOps and Cloud. Don't miss the FREE DEVOPS, AWS and TERRAFORM PLAYLISTS.

Python For DevOps Series
https://www.youtube.com/playlist?list=PLdpzxOOAlwvKwTyYNJCUwGPvql0TrsPgv

Doubts Clearing Group
https://www.youtube.com/@AbhishekVeeramalla/join

Instagram: https://www.instagram.com/abhishekveeramalla_official/

GitHub Repo for this Course
https://github.com/iam-veeramalla/python-for-devops

Public Telegram Channel For Notes and Updates
https://t.me/abhishekveeramalla

About me:
========
LinkedIn: https://www.linkedin.com/in/abhishek-veeramalla-77b33996/
GitHub: https://github.com/iam-veeramalla
Medium: https://abhishekveeramalla-av.medium.com/

#devops #futureofdevops #kubernetes #sre #aws #azure 
DEVOPS FAQ
DEVOPS
WHAT IS DEVOPS ?
WHY DEVOPS ?
HOW TO LEARN DEVOPS ?
LEARN DEVOPS IN 60 DAYS ?
NON IT TO IT BACKGROUND ?
IS DEVOPS EASY TO LEARN ?
BEST DEVOPS COURSE
FREE DEVOPS COURSE
#AbhishekVeeramalla
BEST DEVOPS VIDEOS 
DEVOPS INTERVIEW QUESTIONS
EASY DEVOPS VIDEOS
BEST WAY TO LEARN DEVOPS
PYTHON FOR DEVOPS
PYTHON PROJECTS FOR DEVOPS
LEARN PYTHON 
PYTHON PROJECTS FOR AWS
AWS PYTHON PROJECTS
AWS LAMBDA FUNCTIONS
WHAT IS GITOPS ?
WHY GITOPS ?
LEARN GITOPS ?
GITOPS FREE COURSE
What is AWS ?
LEARN AWS FOR FREE 
AWS COURSE 
AWS COURSE FOR DEVOPS
AWS CLI Deep Dive
Python
Learn Python from Basics
Python course
Simple Python Course
Python with examples
Python for DevOps .
.
Disclaimer: Unauthorized copying, reproduction, or distribution of this video content, in whole or in part, is strictly prohibited. Any attempt to upload, share, or use this content for commercial or non-commercial purposes without explicit permission from the owner will be subject to legal action. All rights reserved.",https://i.ytimg.com/vi/cpgOgRxZ0r8/maxresdefault.jpg,Abhishek.Veeramalla,56852,962,70,2227,37.12,37:07,"37 Minutes, 7 Seconds",2023-11-09T15:30:17,https://www.youtube.com/watch?v=cpgOgRxZ0r8,"[#devops, #openstack, #azure devops interview questions, #Real Time Python Project, #DevOps Python Project, #python videos, #what is devops, #why devops, #how to learn devops, #What is SRE ?, #Devops vs SRE, #Devops to SRE, #SRE roadmap, #learn SRE, #Platform Engineering ?, #Future of Devops, #Python, #Python for DevOps, #Best Python Classes, #Best Python Course, #Simple Python Course, #Python from basics, #Python for Devops, #Best Python Videos, #PYTHON, #Python project for devops, #Python with Devops]","[#kubernetes, #futureofdevops, #sre, #AbhishekVeeramalla, #azure, #aws, #devops]",[],"[https://www.udemy.com/course/ultimate-devops-project-with-resume-preparation/?referralCode=9F588E43854814744430, https://t.me/abhishekveeramalla, https://www.youtube.com/@AbhishekVeeramalla/join, https://abhishekveeramalla-av.medium.com/, https://www.buymeacoffee.com/abhishekprd, https://www.instagram.com/abhishekveeramalla_official/, https://www.youtube.com/playlist?list=PLdpzxOOAlwvKwTyYNJCUwGPvql0TrsPgv, https://www.udemy.com/course/ultimate-devops-project-with-resume-preparation/, https://www.udemy.com/course/ultimate-devops-and-cloud-interview-guide/, https://github.com/iam-veeramalla/python-for-devops, https://github.com/iam-veeramalla, https://www.linkedin.com/in/abhishek-veeramalla-77b33996/]"
Day-11 | Python For DevOps | Python Real Time UseCase with Dictionaries #abhishekveeramalla,"Join our 24*7 Career guidance channel:
www.youtube.com/abhishekveeramalla/join

End to End DevOps Project on Udemy
https://www.udemy.com/course/ultimate-devops-project-with-resume-preparation/

Ultimate DevOps Interview Guide
https://www.udemy.com/course/ultimate-devops-and-cloud-interview-guide/

---- 

Udemy Course (End to End DevOps Project)
https://www.udemy.com/course/ultimate-devops-project-with-resume-preparation/?referralCode=9F588E43854814744430

--- --- Support my work
https://www.buymeacoffee.com/abhishekprd Hi Everyone, My Name is Abhishek and my channel is focused on delivering Free content on DevOps and Cloud. Follow my channel for practical learning of DevOps and Cloud. Don't miss the FREE DEVOPS, AWS and TERRAFORM PLAYLISTS.

Python For DevOps Series
https://www.youtube.com/playlist?list=PLdpzxOOAlwvKwTyYNJCUwGPvql0TrsPgv

Doubts Clearing Group
https://www.youtube.com/@AbhishekVeeramalla/join

Instagram: https://www.instagram.com/abhishekveeramalla_official/

GitHub Repo for this Course
https://github.com/iam-veeramalla/python-for-devops

Public Telegram Channel For Notes and Updates
https://t.me/abhishekveeramalla

About me:
========
LinkedIn: https://www.linkedin.com/in/abhishek-veeramalla-77b33996/
GitHub: https://github.com/iam-veeramalla
Medium: https://abhishekveeramalla-av.medium.com/

#devops #futureofdevops #kubernetes #sre #aws #azure 
DEVOPS FAQ
DEVOPS
WHAT IS DEVOPS ?
WHY DEVOPS ?
HOW TO LEARN DEVOPS ?
LEARN DEVOPS IN 60 DAYS ?
NON IT TO IT BACKGROUND ?
IS DEVOPS EASY TO LEARN ?
BEST DEVOPS COURSE
FREE DEVOPS COURSE
#AbhishekVeeramalla
BEST DEVOPS VIDEOS 
DEVOPS INTERVIEW QUESTIONS
EASY DEVOPS VIDEOS
BEST WAY TO LEARN DEVOPS
PYTHON FOR DEVOPS
PYTHON PROJECTS FOR DEVOPS
LEARN PYTHON 
PYTHON PROJECTS FOR AWS
AWS PYTHON PROJECTS
AWS LAMBDA FUNCTIONS
WHAT IS GITOPS ?
WHY GITOPS ?
LEARN GITOPS ?
GITOPS FREE COURSE
What is AWS ?
LEARN AWS FOR FREE 
AWS COURSE 
AWS COURSE FOR DEVOPS
AWS CLI Deep Dive
Python
Learn Python from Basics
Python course
Simple Python Course
Python with examples
Python for DevOps .
.
Disclaimer: Unauthorized copying, reproduction, or distribution of this video content, in whole or in part, is strictly prohibited. Any attempt to upload, share, or use this content for commercial or non-commercial purposes without explicit permission from the owner will be subject to legal action. All rights reserved.",https://i.ytimg.com/vi/HvNU4dupQkg/maxresdefault.jpg,Abhishek.Veeramalla,47427,830,70,3178,52.97,52:58,"52 Minutes, 58 Seconds",2023-11-20T15:30:03,https://www.youtube.com/watch?v=HvNU4dupQkg,"[#devops, #openstack, #azure devops interview questions, #Real Time Python Project, #DevOps Python Project, #python videos, #what is devops, #why devops, #how to learn devops, #What is SRE ?, #Devops vs SRE, #Devops to SRE, #SRE roadmap, #learn SRE, #Platform Engineering ?, #Future of Devops, #Python, #Python for DevOps, #Best Python Classes, #Best Python Course, #Simple Python Course, #Python from basics, #Python for Devops, #Best Python Videos, #PYTHON, #Python project for devops, #Python with Devops]","[#kubernetes, #futureofdevops, #sre, #AbhishekVeeramalla, #azure, #aws, #devops]",[],"[https://www.udemy.com/course/ultimate-devops-project-with-resume-preparation/?referralCode=9F588E43854814744430, https://t.me/abhishekveeramalla, https://www.youtube.com/@AbhishekVeeramalla/join, https://abhishekveeramalla-av.medium.com/, https://www.buymeacoffee.com/abhishekprd, https://www.instagram.com/abhishekveeramalla_official/, https://www.youtube.com/playlist?list=PLdpzxOOAlwvKwTyYNJCUwGPvql0TrsPgv, https://www.udemy.com/course/ultimate-devops-project-with-resume-preparation/, https://www.udemy.com/course/ultimate-devops-and-cloud-interview-guide/, https://github.com/iam-veeramalla/python-for-devops, https://github.com/iam-veeramalla, https://www.linkedin.com/in/abhishek-veeramalla-77b33996/]"
Day-12 | Python For DevOps | Python File Operations | Update Server configuration using Python,"Join our 24*7 Career guidance channel:
www.youtube.com/abhishekveeramalla/join

End to End DevOps Project on Udemy
https://www.udemy.com/course/ultimate-devops-project-with-resume-preparation/

Ultimate DevOps Interview Guide
https://www.udemy.com/course/ultimate-devops-and-cloud-interview-guide/

---- 

Udemy Course (End to End DevOps Project)
https://www.udemy.com/course/ultimate-devops-project-with-resume-preparation/?referralCode=9F588E43854814744430

--- --- Support my work
https://www.buymeacoffee.com/abhishekprd Hi Everyone, My Name is Abhishek and my channel is focused on delivering Free content on DevOps and Cloud. Follow my channel for practical learning of DevOps and Cloud. Don't miss the FREE DEVOPS, AWS and TERRAFORM PLAYLISTS.

Python For DevOps Series
https://www.youtube.com/playlist?list=PLdpzxOOAlwvKwTyYNJCUwGPvql0TrsPgv

Doubts Clearing Group
https://www.youtube.com/@AbhishekVeeramalla/join

Instagram: https://www.instagram.com/abhishekveeramalla_official/

GitHub Repo for this Course
https://github.com/iam-veeramalla/python-for-devops

Public Telegram Channel For Notes and Updates
https://t.me/abhishekveeramalla

About me:
========
LinkedIn: https://www.linkedin.com/in/abhishek-veeramalla-77b33996/
GitHub: https://github.com/iam-veeramalla
Medium: https://abhishekveeramalla-av.medium.com/

#devops #futureofdevops #kubernetes #sre #aws #azure 
DEVOPS FAQ
DEVOPS
WHAT IS DEVOPS ?
WHY DEVOPS ?
HOW TO LEARN DEVOPS ?
LEARN DEVOPS IN 60 DAYS ?
NON IT TO IT BACKGROUND ?
IS DEVOPS EASY TO LEARN ?
BEST DEVOPS COURSE
FREE DEVOPS COURSE
#AbhishekVeeramalla
BEST DEVOPS VIDEOS 
DEVOPS INTERVIEW QUESTIONS
EASY DEVOPS VIDEOS
BEST WAY TO LEARN DEVOPS
PYTHON FOR DEVOPS
PYTHON PROJECTS FOR DEVOPS
LEARN PYTHON 
PYTHON PROJECTS FOR AWS
AWS PYTHON PROJECTS
AWS LAMBDA FUNCTIONS
WHAT IS GITOPS ?
WHY GITOPS ?
LEARN GITOPS ?
GITOPS FREE COURSE
What is AWS ?
LEARN AWS FOR FREE 
AWS COURSE 
AWS COURSE FOR DEVOPS
AWS CLI Deep Dive
Python
Learn Python from Basics
Python course
Simple Python Course
Python with examples
Python for DevOps .
.
Disclaimer: Unauthorized copying, reproduction, or distribution of this video content, in whole or in part, is strictly prohibited. Any attempt to upload, share, or use this content for commercial or non-commercial purposes without explicit permission from the owner will be subject to legal action. All rights reserved.",https://i.ytimg.com/vi/EtBlvubz8sU/maxresdefault.jpg,Abhishek.Veeramalla,34992,618,52,1348,22.47,22:28,"22 Minutes, 28 Seconds",2023-11-21T15:30:04,https://www.youtube.com/watch?v=EtBlvubz8sU,"[#devops, #openstack, #azure devops interview questions, #Real Time Python Project, #DevOps Python Project, #python videos, #what is devops, #why devops, #how to learn devops, #What is SRE ?, #Devops vs SRE, #Devops to SRE, #SRE roadmap, #learn SRE, #Platform Engineering ?, #Future of Devops, #Python, #Python for DevOps, #Best Python Classes, #Best Python Course, #Simple Python Course, #Python from basics, #Python for Devops, #Best Python Videos, #PYTHON, #Python project for devops, #Python with Devops]","[#kubernetes, #futureofdevops, #sre, #AbhishekVeeramalla, #azure, #aws, #devops]",[],"[https://www.udemy.com/course/ultimate-devops-project-with-resume-preparation/?referralCode=9F588E43854814744430, https://t.me/abhishekveeramalla, https://www.youtube.com/@AbhishekVeeramalla/join, https://abhishekveeramalla-av.medium.com/, https://www.buymeacoffee.com/abhishekprd, https://www.instagram.com/abhishekveeramalla_official/, https://www.youtube.com/playlist?list=PLdpzxOOAlwvKwTyYNJCUwGPvql0TrsPgv, https://www.udemy.com/course/ultimate-devops-project-with-resume-preparation/, https://www.udemy.com/course/ultimate-devops-and-cloud-interview-guide/, https://github.com/iam-veeramalla/python-for-devops, https://github.com/iam-veeramalla, https://www.linkedin.com/in/abhishek-veeramalla-77b33996/]"
Day-13 | Python For DevOps | Boto3 Begineer to Advanced Guide with Projects,"Join our 24*7 Career guidance channel:
www.youtube.com/abhishekveeramalla/join

End to End DevOps Project on Udemy
https://www.udemy.com/course/ultimate-devops-project-with-resume-preparation/

Ultimate DevOps Interview Guide
https://www.udemy.com/course/ultimate-devops-and-cloud-interview-guide/

---- 

Udemy Course (End to End DevOps Project)
https://www.udemy.com/course/ultimate-devops-project-with-resume-preparation/?referralCode=9F588E43854814744430

--- --- Support my work
https://www.buymeacoffee.com/abhishekprd Hi Everyone, My Name is Abhishek and my channel is focused on delivering Free content on DevOps and Cloud. Follow my channel for practical learning of DevOps and Cloud. Don't miss the FREE DEVOPS, AWS and TERRAFORM PLAYLISTS.

In this video, we will learn about the popular Boto3 module in Python and how to use the boto3 module to create infrastructure and manage.

Python For DevOps Series
https://www.youtube.com/playlist?list=PLdpzxOOAlwvKwTyYNJCUwGPvql0TrsPgv

Doubts Clearing
 Group
https://www.youtube.com/@AbhishekVeeramalla/join

Instagram: https://www.instagram.com/abhishekveeramalla_official/

GitHub Repo for this Course
https://github.com/iam-veeramalla/python-for-devops

Public Telegram Channel For Notes and Updates
https://t.me/abhishekveeramalla

About me:
========
LinkedIn: https://www.linkedin.com/in/abhishek-veeramalla-77b33996/
GitHub: https://github.com/iam-veeramalla
Medium: https://abhishekveeramalla-av.medium.com/

#devops #futureofdevops #kubernetes #sre #aws #azure 

DEVOPS FAQ
DEVOPS
WHAT IS DEVOPS ?
WHY DEVOPS ?
#AbhishekVeeramalla
BEST DEVOPS VIDEOS 
DEVOPS INTERVIEW QUESTIONS
EASY DEVOPS VIDEOS
BEST WAY TO LEARN DEVOPS
PYTHON FOR DEVOPS
PYTHON PROJECTS FOR DEVOPS
LEARN PYTHON 
PYTHON PROJECTS FOR AWS
AWS PYTHON PROJECTS
AWS LAMBDA FUNCTIONS
What is AWS ?
LEARN AWS FOR FREE 
AWS COURSE 
AWS COURSE FOR DEVOPS
AWS CLI Deep Dive
Python
Learn Python from Basics
Python course
Simple Python Course
Python with examples
Python for DevOpso .
.
Disclaimer: Unauthorized copying, reproduction, or distribution of this video content, in whole or in part, is strictly prohibited. Any attempt to upload, share, or use this content for commercial or non-commercial purposes without explicit permission from the owner will be subject to legal action. All rights reserved.",https://i.ytimg.com/vi/3ExnySHBO6k/maxresdefault.jpg,Abhishek.Veeramalla,90264,1377,153,6506,108.43,1:48:26,"1 Hours, 48 Minutes, 26 Seconds",2023-11-24T04:22:43,https://www.youtube.com/watch?v=3ExnySHBO6k,"[#devops, #openstack, #azure devops interview questions, #Real Time Python Project, #DevOps Python Project, #python videos, #what is devops, #why devops, #how to learn devops, #What is SRE ?, #Devops vs SRE, #Devops to SRE, #SRE roadmap, #learn SRE, #Platform Engineering ?, #Future of Devops, #Python, #Python for DevOps, #Best Python Classes, #Best Python Course, #Simple Python Course, #Python from basics, #Python for Devops, #Best Python Videos, #PYTHON, #Python project for devops, #Python with Devops]","[#kubernetes, #futureofdevops, #sre, #AbhishekVeeramalla, #azure, #aws, #devops]",[],"[https://www.udemy.com/course/ultimate-devops-project-with-resume-preparation/?referralCode=9F588E43854814744430, https://t.me/abhishekveeramalla, https://www.youtube.com/@AbhishekVeeramalla/join, https://abhishekveeramalla-av.medium.com/, https://www.buymeacoffee.com/abhishekprd, https://www.instagram.com/abhishekveeramalla_official/, https://www.youtube.com/playlist?list=PLdpzxOOAlwvKwTyYNJCUwGPvql0TrsPgv, https://www.udemy.com/course/ultimate-devops-project-with-resume-preparation/, https://www.udemy.com/course/ultimate-devops-and-cloud-interview-guide/, https://github.com/iam-veeramalla/python-for-devops, https://github.com/iam-veeramalla, https://www.linkedin.com/in/abhishek-veeramalla-77b33996/]"
Day 14 | Python For DevOps | Automate JIRA Creation on a Github Event using Python,"Join our 24*7 Career guidance channel:
www.youtube.com/abhishekveeramalla/join

End to End DevOps Project on Udemy
https://www.udemy.com/course/ultimate-devops-project-with-resume-preparation/

Ultimate DevOps Interview Guide
https://www.udemy.com/course/ultimate-devops-and-cloud-interview-guide/

---- 

Udemy Course (End to End DevOps Project)
https://www.udemy.com/course/ultimate-devops-project-with-resume-preparation/?referralCode=9F588E43854814744430

--- --- Support my work
https://www.buymeacoffee.com/abhishekprd Hi Everyone, My Name is Abhishek and my channel is focused on delivering Free content on DevOps and Cloud. Follow my channel for practical learning of DevOps and Cloud. Don't miss the FREE DEVOPS, AWS and TERRAFORM PLAYLISTS.

In this video, we will learn how to automate the JIRA issue creation on a GitHub event using Python. We will GitHub webhooks to trigger the Python application written in flask.

Python For DevOps Series
https://www.youtube.com/playlist?list=PLdpzxOOAlwvKwTyYNJCUwGPvql0TrsPgv

Doubts Clearing Group
https://www.youtube.com/@AbhishekVeeramalla/join

Instagram: https://www.instagram.com/abhishekveeramalla_official/

GitHub Repo for this Course
https://github.com/iam-veeramalla/python-for-devops

Public Telegram Channel For Notes and Updates
https://t.me/abhishekveeramalla

About me:
========
LinkedIn: https://www.linkedin.com/in/abhishek-veeramalla-77b33996/
GitHub: https://github.com/iam-veeramalla
Medium: https://abhishekveeramalla-av.medium.com/

#devops #futureofdevops #kubernetes #sre #aws #azure 

DEVOPS FAQ
DEVOPS
WHAT IS DEVOPS ?
WHY DEVOPS ?
#AbhishekVeeramalla
BEST DEVOPS VIDEOS 
DEVOPS INTERVIEW QUESTIONS
EASY DEVOPS VIDEOS
BEST WAY TO LEARN DEVOPS
PYTHON FOR DEVOPS
PYTHON PROJECTS FOR DEVOPS
LEARN PYTHON 
PYTHON PROJECTS FOR AWS
AWS PYTHON PROJECTS
AWS LAMBDA FUNCTIONS
What is AWS ?
LEARN AWS FOR FREE 
AWS COURSE 
AWS COURSE FOR DEVOPS
AWS CLI Deep Dive
Python
Learn Python from Basics
Python course
Simple Python Course
Python with examples
Python for DevOpso .
.
Disclaimer: Unauthorized copying, reproduction, or distribution of this video content, in whole or in part, is strictly prohibited. Any attempt to upload, share, or use this content for commercial or non-commercial purposes without explicit permission from the owner will be subject to legal action. All rights reserved.",https://i.ytimg.com/vi/YVjXwyJlHgg/maxresdefault.jpg,Abhishek.Veeramalla,45858,623,81,2611,43.52,43:31,"43 Minutes, 31 Seconds",2023-11-27T17:45:50,https://www.youtube.com/watch?v=YVjXwyJlHgg,"[#python github jira automation, #create a jira ticket from github using python, #best python automation for devops, #python real time task for devops, #python real time usecases for devops, #how devops engineers use python, #Best DevOps Channel]","[#kubernetes, #futureofdevops, #sre, #AbhishekVeeramalla, #azure, #aws, #devops]",[],"[https://www.udemy.com/course/ultimate-devops-project-with-resume-preparation/?referralCode=9F588E43854814744430, https://t.me/abhishekveeramalla, https://www.youtube.com/@AbhishekVeeramalla/join, https://abhishekveeramalla-av.medium.com/, https://www.buymeacoffee.com/abhishekprd, https://www.instagram.com/abhishekveeramalla_official/, https://www.youtube.com/playlist?list=PLdpzxOOAlwvKwTyYNJCUwGPvql0TrsPgv, https://www.udemy.com/course/ultimate-devops-project-with-resume-preparation/, https://www.udemy.com/course/ultimate-devops-and-cloud-interview-guide/, https://github.com/iam-veeramalla/python-for-devops, https://github.com/iam-veeramalla, https://www.linkedin.com/in/abhishek-veeramalla-77b33996/]"
Day 15 - Python for DevOps | Part-2 GitHub Jira Integration using Python Flask | DevOps Project,"Join our 24*7 Career guidance channel:
www.youtube.com/abhishekveeramalla/join

End to End DevOps Project on Udemy
https://www.udemy.com/course/ultimate-devops-project-with-resume-preparation/

Ultimate DevOps Interview Guide
https://www.udemy.com/course/ultimate-devops-and-cloud-interview-guide/

---- 

Udemy Course (End to End DevOps Project)
https://www.udemy.com/course/ultimate-devops-project-with-resume-preparation/?referralCode=9F588E43854814744430

--- --- Support my work
https://www.buymeacoffee.com/abhishekprd Hi Everyone, My Name is Abhishek and my channel is focused on delivering Free content on DevOps and Cloud. Follow my channel for practical learning of DevOps and Cloud. Don't miss the FREE DEVOPS, AWS and TERRAFORM PLAYLISTS.

In this video, we will learn how to automate the JIRA issue creation on a GitHub event using Python. We will GitHub webhooks to trigger the Python application written in flask.

Python For DevOps Series
https://www.youtube.com/playlist?list=PLdpzxOOAlwvKwTyYNJCUwGPvql0TrsPgv

Doubts Clearing Group
https://www.youtube.com/@AbhishekVeeramalla/join

Instagram: https://www.instagram.com/abhishekveeramalla_official/

GitHub Repo for this Course
https://github.com/iam-veeramalla/python-for-devops

Public Telegram Channel For Notes and Updates
https://t.me/abhishekveeramalla

About me:
========
LinkedIn: https://www.linkedin.com/in/abhishek-veeramalla-77b33996/
GitHub: https://github.com/iam-veeramalla
Medium: https://abhishekveeramalla-av.medium.com/

#devops #futureofdevops #kubernetes #sre #aws #azure 

DEVOPS FAQ
DEVOPS
WHAT IS DEVOPS ?
WHY DEVOPS ?
#AbhishekVeeramalla
BEST DEVOPS VIDEOS 
DEVOPS INTERVIEW QUESTIONS
EASY DEVOPS VIDEOS
BEST WAY TO LEARN DEVOPS
PYTHON FOR DEVOPS
PYTHON PROJECTS FOR DEVOPS
LEARN PYTHON 
PYTHON PROJECTS FOR AWS
AWS PYTHON PROJECTS
AWS LAMBDA FUNCTIONS
What is AWS ?
LEARN AWS FOR FREE 
AWS COURSE 
AWS COURSE FOR DEVOPS
AWS CLI Deep Dive
Python
Learn Python from Basics
Python course
Simple Python Course
Python with examples
Python for DevOpso .
.
Disclaimer: Unauthorized copying, reproduction, or distribution of this video content, in whole or in part, is strictly prohibited. Any attempt to upload, share, or use this content for commercial or non-commercial purposes without explicit permission from the owner will be subject to legal action. All rights reserved.",https://i.ytimg.com/vi/qCeb_DSD3y4/maxresdefault.jpg,Abhishek.Veeramalla,27845,464,117,3120,52,52:00,"52 Minutes, 0 Seconds",2023-11-30T16:46:29,https://www.youtube.com/watch?v=qCeb_DSD3y4,"[#python github jira automation, #create a jira ticket from github using python, #best python automation for devops, #python real time task for devops, #python real time usecases for devops, #how devops engineers use python, #Best DevOps Channel]","[#kubernetes, #futureofdevops, #sre, #AbhishekVeeramalla, #azure, #aws, #devops]",[],"[https://www.udemy.com/course/ultimate-devops-project-with-resume-preparation/?referralCode=9F588E43854814744430, https://t.me/abhishekveeramalla, https://www.youtube.com/@AbhishekVeeramalla/join, https://abhishekveeramalla-av.medium.com/, https://www.buymeacoffee.com/abhishekprd, https://www.instagram.com/abhishekveeramalla_official/, https://www.youtube.com/playlist?list=PLdpzxOOAlwvKwTyYNJCUwGPvql0TrsPgv, https://www.udemy.com/course/ultimate-devops-project-with-resume-preparation/, https://www.udemy.com/course/ultimate-devops-and-cloud-interview-guide/, https://github.com/iam-veeramalla/python-for-devops, https://github.com/iam-veeramalla, https://www.linkedin.com/in/abhishek-veeramalla-77b33996/]"
Day-16 | Beginner & Intermediate Level Python Interview Q&A for DevOps |,"Join our 24*7 Career guidance channel:
www.youtube.com/abhishekveeramalla/join

End to End DevOps Project on Udemy
https://www.udemy.com/course/ultimate-devops-project-with-resume-preparation/

Ultimate DevOps Interview Guide
https://www.udemy.com/course/ultimate-devops-and-cloud-interview-guide/

---- 

Udemy Course (End to End DevOps Project)
https://www.udemy.com/course/ultimate-devops-project-with-resume-preparation/?referralCode=9F588E43854814744430

--- --- Support my work
https://www.buymeacoffee.com/abhishekprd Hi Everyone, My Name is Abhishek and my channel is focused on delivering Free content on DevOps and Cloud. Follow my channel for practical learning of DevOps and Cloud. Don't miss the FREE DEVOPS, AWS and TERRAFORM PLAYLISTS.

In this video, we will learn Beginner and Intermediate Level Scenario Based Python Interview Questions with Answers.

Python For DevOps Series
https://www.youtube.com/playlist?list=PLdpzxOOAlwvKwTyYNJCUwGPvql0TrsPgv

Doubts Clearing Group
https://www.youtube.com/@AbhishekVeeramalla/join

Instagram: https://www.instagram.com/abhishekveeramalla_official/

GitHub Repo for this Course
https://github.com/iam-veeramalla/python-for-devops

Public Telegram Channel For Notes and Updates
https://t.me/abhishekveeramalla

About me:
========
LinkedIn: https://www.linkedin.com/in/abhishek-veeramalla-77b33996/
GitHub: https://github.com/iam-veeramalla
Medium: https://abhishekveeramalla-av.medium.com/

#devops #futureofdevops #kubernetes #sre #aws #azure 
DEVOPS FAQ
DEVOPS
WHAT IS DEVOPS ?
WHY DEVOPS ?
HOW TO LEARN DEVOPS ?
LEARN DEVOPS IN 60 DAYS ?
NON IT TO IT BACKGROUND ?
IS DEVOPS EASY TO LEARN ?
BEST DEVOPS COURSE
FREE DEVOPS COURSE
#AbhishekVeeramalla
BEST DEVOPS VIDEOS 
DEVOPS INTERVIEW QUESTIONS
EASY DEVOPS VIDEOS
BEST WAY TO LEARN DEVOPS
PYTHOdN FOR DEVOPS
PYTHON PROJECTS FOR DEVOPS
LEARN PYTHON 
PYTHON PROJECTS FOR AWS
AWS PYTHON PROJECTS
AWS LAMBDA FUNCTIONS
WHAT IS GITOPS ?
WHY GITOPS ?
LEARN GITOPS ?
GITOPS FREE COURSE
What is AWS ?
LEARN AWS FOR FREE 
AWS COURSE 
AWS COURSE FOR DEVOPS
AWS CLI Deep Dive
Python
Learn Python from Basics
Python course
Simple Python Course
Python with examples
Python for DevOps .
.
Disclaimer: Unauthorized copying, reproduction, or distribution of this video content, in whole or in part, is strictly prohibited. Any attempt to upload, share, or use this content for commercial or non-commercial purposes without explicit permission from the owner will be subject to legal action. All rights reserved.",https://i.ytimg.com/vi/UzILixH4Odw/maxresdefault.jpg,Abhishek.Veeramalla,37472,538,70,2066,34.43,34:26,"34 Minutes, 26 Seconds",2023-12-11T17:54:58,https://www.youtube.com/watch?v=UzILixH4Odw,"[#devops, #Real Time Python Project, #DevOps Python Project, #python videos, #Python, #Python for DevOps, #Best Python Classes, #Best Python Course, #Simple Python Course, #Python from basics, #Python for Devops, #Best Python Videos, #PYTHON, #Python project for devops, #Python with Devops, #Python Interview Questions, #Best DevOps Channel]","[#kubernetes, #futureofdevops, #sre, #AbhishekVeeramalla, #azure, #aws, #devops]",[],"[https://www.udemy.com/course/ultimate-devops-project-with-resume-preparation/?referralCode=9F588E43854814744430, https://t.me/abhishekveeramalla, https://www.youtube.com/@AbhishekVeeramalla/join, https://abhishekveeramalla-av.medium.com/, https://www.buymeacoffee.com/abhishekprd, https://www.instagram.com/abhishekveeramalla_official/, https://www.youtube.com/playlist?list=PLdpzxOOAlwvKwTyYNJCUwGPvql0TrsPgv, https://www.udemy.com/course/ultimate-devops-project-with-resume-preparation/, https://www.udemy.com/course/ultimate-devops-and-cloud-interview-guide/, https://github.com/iam-veeramalla/python-for-devops, https://github.com/iam-veeramalla, https://www.linkedin.com/in/abhishek-veeramalla-77b33996/]"
DAY-0 | AI Assisted DevOps Zero to Hero | Course Syllabus,"Join our 24*7 Career guidance channel:
www.youtube.com/abhishekveeramalla/join

End to End DevOps Project on Udemy
https://www.udemy.com/course/ultimate-devops-project-with-resume-preparation/

Ultimate DevOps Interview Guide
https://www.udemy.com/course/ultimate-devops-and-cloud-interview-guide/

---- Udemy Course (End to End DevOps Project)
https://www.udemy.com/course/ultimate-devops-project-with-resume-preparation/?referralCode=9F588E43854814744430

Join us on Discord for Help(clearing doubts) while learning.
www.youtube.com/abhishekveeramalla/join

Telegram Channel : https://t.me/abhishekveeramalla

GitHub Repo for the course
https://github.com/iam-veeramalla/ai-assisted-devops

Free Course on the channel
==============================
- Free DevOps Playlist: https://www.youtube.com/playlist?list=PLdpzxOOAlwvIKMhk8WhzN1pYoJ1YU8Csa
- AWS Zero to Hero Playlist: https://www.youtube.com/playlist?list=PLdpzxOOAlwvLNOxX0RfndiYSt1Le9azze
- Azure Zero to Hero Playlist: https://www.youtube.com/playlist?list=PLdpzxOOAlwvIcxgCUyBHVOcWs0Krjx9xR
- Terraform Zero to Hero Playlist: https://www.youtube.com/playlist?list=PLdpzxOOAlwvI0O4PeKVV1-yJoX2AqIWuf
- Python for DevOps Playlist: https://www.youtube.com/playlist?list=PLdpzxOOAlwvKwTyYNJCUwGPvql0TrsPgv

About me:
========
Instagram: https://www.instagram.com/abhishekveeramalla_official/
Telegram Channel : https://t.me/abhishekveeramalla
LinkedIn: https://www.linkedin.com/in/abhishek-veeramalla
GitHub: https://github.com/iam-veeramalla
Medium: https://abhishekveeramalla-av.medium.com/

Disclaimer: Unauthorized copying, reproduction, or distribution of this video content, in whole or in part, is strictly prohibited. Any attempt to upload, share, or use this content for commercial or non-commercial purposes without explicit permission from the owner will be subject to legal action. All rights reserved.",https://i.ytimg.com/vi/7qN3f4lZ2xo/maxresdefault.jpg,Abhishek.Veeramalla,111050,2234,209,915,15.25,15:15,"15 Minutes, 15 Seconds",2025-03-09T16:37:20,https://www.youtube.com/watch?v=7qN3f4lZ2xo,[],[],[],"[https://github.com/iam-veeramalla/ai-assisted-devops, https://www.udemy.com/course/ultimate-devops-project-with-resume-preparation/?referralCode=9F588E43854814744430, https://t.me/abhishekveeramalla, https://www.youtube.com/playlist?list=PLdpzxOOAlwvIcxgCUyBHVOcWs0Krjx9xR, https://abhishekveeramalla-av.medium.com/, https://www.youtube.com/playlist?list=PLdpzxOOAlwvLNOxX0RfndiYSt1Le9azze, https://www.instagram.com/abhishekveeramalla_official/, https://www.youtube.com/playlist?list=PLdpzxOOAlwvKwTyYNJCUwGPvql0TrsPgv, https://www.udemy.com/course/ultimate-devops-project-with-resume-preparation/, https://www.udemy.com/course/ultimate-devops-and-cloud-interview-guide/, https://www.youtube.com/playlist?list=PLdpzxOOAlwvI0O4PeKVV1-yJoX2AqIWuf, https://www.linkedin.com/in/abhishek-veeramalla, https://github.com/iam-veeramalla, https://www.youtube.com/playlist?list=PLdpzxOOAlwvIKMhk8WhzN1pYoJ1YU8Csa]"
DAY-1 | Fundamentals of AI Assisted DevOps | Demo and Notes Included,"Join our 24*7 Career guidance channel:
www.youtube.com/abhishekveeramalla/join

End to End DevOps Project on Udemy
https://www.udemy.com/course/ultimate-devops-project-with-resume-preparation/

Ultimate DevOps Interview Guide
https://www.udemy.com/course/ultimate-devops-and-cloud-interview-guide/

---- Udemy Course (End to End DevOps Project)
https://www.udemy.com/course/ultimate-devops-project-with-resume-preparation/?referralCode=9F588E43854814744430

Join us on Discord for Help(clearing doubts) while learning.
www.youtube.com/abhishekveeramalla/join

Telegram Channel : https://t.me/abhishekveeramalla

GitHub Repo for the course
https://github.com/iam-veeramalla/ai-assisted-devops

Free Course on the channel
==============================
- Free DevOps Playlist: https://www.youtube.com/playlist?list=PLdpzxOOAlwvIKMhk8WhzN1pYoJ1YU8Csa
- AWS Zero to Hero Playlist: https://www.youtube.com/playlist?list=PLdpzxOOAlwvLNOxX0RfndiYSt1Le9azze
- Azure Zero to Hero Playlist: https://www.youtube.com/playlist?list=PLdpzxOOAlwvIcxgCUyBHVOcWs0Krjx9xR
- Terraform Zero to Hero Playlist: https://www.youtube.com/playlist?list=PLdpzxOOAlwvI0O4PeKVV1-yJoX2AqIWuf
- Python for DevOps Playlist: https://www.youtube.com/playlist?list=PLdpzxOOAlwvKwTyYNJCUwGPvql0TrsPgv

About me:
========
Instagram: https://www.instagram.com/abhishekveeramalla_official/
Telegram Channel : https://t.me/abhishekveeramalla
LinkedIn: https://www.linkedin.com/in/abhishek-veeramalla
GitHub: https://github.com/iam-veeramalla
Medium: https://abhishekveeramalla-av.medium.com/

Disclaimer: Unauthorized copying, reproduction, or distribution of this video content, in whole or in part, is strictly prohibited. Any attempt to upload, share, or use this content for commercial or non-commercial purposes without explicit permission from the owner will be subject to legal action. All rights reserved.",https://i.ytimg.com/vi/ej3cJBMG_8s/maxresdefault.jpg,Abhishek.Veeramalla,78341,1927,198,3008,50.13,50:08,"50 Minutes, 8 Seconds",2025-03-10T15:30:15,https://www.youtube.com/watch?v=ej3cJBMG_8s,[],[],[],"[https://github.com/iam-veeramalla/ai-assisted-devops, https://www.udemy.com/course/ultimate-devops-project-with-resume-preparation/?referralCode=9F588E43854814744430, https://t.me/abhishekveeramalla, https://www.youtube.com/playlist?list=PLdpzxOOAlwvIcxgCUyBHVOcWs0Krjx9xR, https://abhishekveeramalla-av.medium.com/, https://www.youtube.com/playlist?list=PLdpzxOOAlwvLNOxX0RfndiYSt1Le9azze, https://www.instagram.com/abhishekveeramalla_official/, https://www.youtube.com/playlist?list=PLdpzxOOAlwvKwTyYNJCUwGPvql0TrsPgv, https://www.udemy.com/course/ultimate-devops-project-with-resume-preparation/, https://www.udemy.com/course/ultimate-devops-and-cloud-interview-guide/, https://www.youtube.com/playlist?list=PLdpzxOOAlwvI0O4PeKVV1-yJoX2AqIWuf, https://www.linkedin.com/in/abhishek-veeramalla, https://github.com/iam-veeramalla, https://www.youtube.com/playlist?list=PLdpzxOOAlwvIKMhk8WhzN1pYoJ1YU8Csa]"
DAY-2 |  AI Assisted DevOps | Prompt Engineer Explained In 30 Minutes,"Join our 24*7 Career guidance channel:
www.youtube.com/abhishekveeramalla/join

End to End DevOps Project on Udemy
https://www.udemy.com/course/ultimate-devops-project-with-resume-preparation/

Ultimate DevOps Interview Guide
https://www.udemy.com/course/ultimate-devops-and-cloud-interview-guide/

---- Udemy Course (End to End DevOps Project)
https://www.udemy.com/course/ultimate-devops-project-with-resume-preparation/?referralCode=9F588E43854814744430

Join us on Discord for Help(clearing doubts) while learning.
www.youtube.com/abhishekveeramalla/join

Telegram Channel : https://t.me/abhishekveeramalla

GitHub Repo for the course
https://github.com/iam-veeramalla/ai-assisted-devops

Free Course on the channel
==============================
- Free DevOps Playlist: https://www.youtube.com/playlist?list=PLdpzxOOAlwvIKMhk8WhzN1pYoJ1YU8Csa
- AWS Zero to Hero Playlist: https://www.youtube.com/playlist?list=PLdpzxOOAlwvLNOxX0RfndiYSt1Le9azze
- Azure Zero to Hero Playlist: https://www.youtube.com/playlist?list=PLdpzxOOAlwvIcxgCUyBHVOcWs0Krjx9xR
- Terraform Zero to Hero Playlist: https://www.youtube.com/playlist?list=PLdpzxOOAlwvI0O4PeKVV1-yJoX2AqIWuf
- Python for DevOps Playlist: https://www.youtube.com/playlist?list=PLdpzxOOAlwvKwTyYNJCUwGPvql0TrsPgv

About me:
========
Instagram: https://www.instagram.com/abhishekveeramalla_official/
Telegram Channel : https://t.me/abhishekveeramalla
LinkedIn: https://www.linkedin.com/in/abhishek-veeramalla
GitHub: https://github.com/iam-veeramalla
Medium: https://abhishekveeramalla-av.medium.com/

Disclaimer: Unauthorized copying, reproduction, or distribution of this video content, in whole or in part, is strictly prohibited. Any attempt to upload, share, or use this content for commercial or non-commercial purposes without explicit permission from the owner will be subject to legal action. All rights reserved.",https://i.ytimg.com/vi/jTW4QPE4ARc/maxresdefault.jpg,Abhishek.Veeramalla,48074,846,77,1612,26.87,26:52,"26 Minutes, 52 Seconds",2025-03-11T15:39:57,https://www.youtube.com/watch?v=jTW4QPE4ARc,[],[],[],"[https://github.com/iam-veeramalla/ai-assisted-devops, https://www.udemy.com/course/ultimate-devops-project-with-resume-preparation/?referralCode=9F588E43854814744430, https://t.me/abhishekveeramalla, https://www.youtube.com/playlist?list=PLdpzxOOAlwvIcxgCUyBHVOcWs0Krjx9xR, https://abhishekveeramalla-av.medium.com/, https://www.youtube.com/playlist?list=PLdpzxOOAlwvLNOxX0RfndiYSt1Le9azze, https://www.instagram.com/abhishekveeramalla_official/, https://www.youtube.com/playlist?list=PLdpzxOOAlwvKwTyYNJCUwGPvql0TrsPgv, https://www.udemy.com/course/ultimate-devops-project-with-resume-preparation/, https://www.udemy.com/course/ultimate-devops-and-cloud-interview-guide/, https://www.youtube.com/playlist?list=PLdpzxOOAlwvI0O4PeKVV1-yJoX2AqIWuf, https://www.linkedin.com/in/abhishek-veeramalla, https://github.com/iam-veeramalla, https://www.youtube.com/playlist?list=PLdpzxOOAlwvIKMhk8WhzN1pYoJ1YU8Csa]"
DAY-3 | AI Assisted DevOps | Gen-AI Project For DevOps Engineers,"Join our 24*7 Career guidance channel:
www.youtube.com/abhishekveeramalla/join

End to End DevOps Project on Udemy
https://www.udemy.com/course/ultimate-devops-project-with-resume-preparation/

Ultimate DevOps Interview Guide
https://www.udemy.com/course/ultimate-devops-and-cloud-interview-guide/

---- Udemy Course (End to End DevOps Project)
https://www.udemy.com/course/ultimate-devops-project-with-resume-preparation/?referralCode=9F588E43854814744430

Join us on Discord for Help(clearing doubts) while learning.
www.youtube.com/abhishekveeramalla/join

In this video, you will learn how to create a Gen AI project that generates dockerfile for any programming language. This project is absolute beginner level with complete documentation provided. This video is part of AI Assisted DevOps Series.

GitHub Repo for the course
https://github.com/iam-veeramalla/ai-assisted-devops

Free Course on the channel
==============================
- Free DevOps Playlist: https://www.youtube.com/playlist?list=PLdpzxOOAlwvIKMhk8WhzN1pYoJ1YU8Csa
- AWS Zero to Hero Playlist: https://www.youtube.com/playlist?list=PLdpzxOOAlwvLNOxX0RfndiYSt1Le9azze
- Azure Zero to Hero Playlist: https://www.youtube.com/playlist?list=PLdpzxOOAlwvIcxgCUyBHVOcWs0Krjx9xR
- Terraform Zero to Hero Playlist: https://www.youtube.com/playlist?list=PLdpzxOOAlwvI0O4PeKVV1-yJoX2AqIWuf
- Python for DevOps Playlist: https://www.youtube.com/playlist?list=PLdpzxOOAlwvKwTyYNJCUwGPvql0TrsPgv

About me:
========
Instagram: https://www.instagram.com/abhishekveeramalla_official/
Telegram Channel : https://t.me/abhishekveeramalla
LinkedIn: https://www.linkedin.com/in/abhishek-veeramalla
GitHub: https://github.com/iam-veeramalla
Medium: https://abhishekveeramalla-av.medium.com/

Disclaimer: Unauthorized copying, reproduction, or distribution of this video content, in whole or in part, is strictly prohibited. Any attempt to upload, share, or use this content for commercial or non-commercial purposes without explicit permission from the owner will be subject to legal action. All rights reserved.",https://i.ytimg.com/vi/Yr8si-1sTKw/maxresdefault.jpg,Abhishek.Veeramalla,53851,1007,107,3163,52.72,52:43,"52 Minutes, 43 Seconds",2025-03-13T15:44:34,https://www.youtube.com/watch?v=Yr8si-1sTKw,[],[],[],"[https://github.com/iam-veeramalla/ai-assisted-devops, https://www.udemy.com/course/ultimate-devops-project-with-resume-preparation/?referralCode=9F588E43854814744430, https://t.me/abhishekveeramalla, https://www.youtube.com/playlist?list=PLdpzxOOAlwvIcxgCUyBHVOcWs0Krjx9xR, https://abhishekveeramalla-av.medium.com/, https://www.youtube.com/playlist?list=PLdpzxOOAlwvLNOxX0RfndiYSt1Le9azze, https://www.instagram.com/abhishekveeramalla_official/, https://www.youtube.com/playlist?list=PLdpzxOOAlwvKwTyYNJCUwGPvql0TrsPgv, https://www.udemy.com/course/ultimate-devops-project-with-resume-preparation/, https://www.udemy.com/course/ultimate-devops-and-cloud-interview-guide/, https://www.youtube.com/playlist?list=PLdpzxOOAlwvI0O4PeKVV1-yJoX2AqIWuf, https://www.linkedin.com/in/abhishek-veeramalla, https://github.com/iam-veeramalla, https://www.youtube.com/playlist?list=PLdpzxOOAlwvIKMhk8WhzN1pYoJ1YU8Csa]"
Run Deepseek AI on your machine in 2 steps with user interface.,"Join our 24*7 Career guidance channel:
www.youtube.com/abhishekveeramalla/join

End to End DevOps Project on Udemy
https://www.udemy.com/course/ultimate-devops-project-with-resume-preparation/

Ultimate DevOps Interview Guide
https://www.udemy.com/course/ultimate-devops-and-cloud-interview-guide/

---- 

Udemy Course (End to End DevOps Project)
https://www.udemy.com/course/ultimate-devops-project-with-resume-preparation/?referralCode=9F588E43854814744430

--- --- 24*7 DevOps Support Community
www.youtube.com/abhishekveeramalla/join

Free Course on the channel
==============================
- Free DevOps Playlist: https://www.youtube.com/playlist?list=PLdpzxOOAlwvIKMhk8WhzN1pYoJ1YU8Csa
- AWS Zero to Hero Playlist: https://www.youtube.com/playlist?list=PLdpzxOOAlwvLNOxX0RfndiYSt1Le9azze
- Azure Zero to Hero Playlist: https://www.youtube.com/playlist?list=PLdpzxOOAlwvIcxgCUyBHVOcWs0Krjx9xR
- Terraform Zero to Hero Playlist: https://www.youtube.com/playlist?list=PLdpzxOOAlwvI0O4PeKVV1-yJoX2AqIWuf
- Python for DevOps Playlist: https://www.youtube.com/playlist?list=PLdpzxOOAlwvKwTyYNJCUwGPvql0TrsPgv

Have any questions while learning ? Don't worry, Join our Doubts Clearing Group.
Join our Doubts Clearing Group
https://www.youtube.com/@AbhishekVeeramalla/join

About me:
========
Instagram: https://www.instagram.com/abhishekveeramalla_official/
Telegram Channel : https://t.me/abhishekveeramalla
LinkedIn: https://www.linkedin.com/in/abhishek-veeramalla
GitHub: https://github.com/iam-veeramalla
Medium: https://abhishekveeramalla-av.medium.com/

Disclaimer: Unauthorized copying, reproduction, or distribution of this video content, in whole or in part, is strictly prohibited. Any attempt to upload, share, or use this content for commercial or non-commercial purposes without explicit permission from the owner will be subject to legal action. All rights reserved.",https://i.ytimg.com/vi/JoFQBfI7dOU/maxresdefault.jpg,Abhishek.Veeramalla,53985,1097,101,775,12.92,12:55,"12 Minutes, 55 Seconds",2025-01-28T18:05:32,https://www.youtube.com/watch?v=JoFQBfI7dOU,"[#DevOps Skills, #Top DevOps courses, #5 best DevOps skills, #DevOps best course, #Free DevOps course with projects, #DevOps course in 2025, #Learn DevOps in 2025, #Learn DevOps in 30 days, #High Paying DevOps skills, #Best DevOps and Cloud skills, #Cloud Engineering 2025, #Best DevOps Youtube channel]",[],[],"[https://www.udemy.com/course/ultimate-devops-project-with-resume-preparation/?referralCode=9F588E43854814744430, https://t.me/abhishekveeramalla, https://www.youtube.com/playlist?list=PLdpzxOOAlwvIcxgCUyBHVOcWs0Krjx9xR, https://www.youtube.com/@AbhishekVeeramalla/join, https://abhishekveeramalla-av.medium.com/, https://www.youtube.com/playlist?list=PLdpzxOOAlwvLNOxX0RfndiYSt1Le9azze, https://www.instagram.com/abhishekveeramalla_official/, https://www.youtube.com/playlist?list=PLdpzxOOAlwvKwTyYNJCUwGPvql0TrsPgv, https://www.udemy.com/course/ultimate-devops-project-with-resume-preparation/, https://www.udemy.com/course/ultimate-devops-and-cloud-interview-guide/, https://www.youtube.com/playlist?list=PLdpzxOOAlwvI0O4PeKVV1-yJoX2AqIWuf, https://www.linkedin.com/in/abhishek-veeramalla, https://github.com/iam-veeramalla, https://www.youtube.com/playlist?list=PLdpzxOOAlwvIKMhk8WhzN1pYoJ1YU8Csa]"
DAY-4 | AI Assisted Shell Scripting | Write Shell Script like a Pro,"Join our 24*7 Career guidance channel:
www.youtube.com/abhishekveeramalla/join

End to End DevOps Project on Udemy
https://www.udemy.com/course/ultimate-devops-project-with-resume-preparation/

Ultimate DevOps Interview Guide
https://www.udemy.com/course/ultimate-devops-and-cloud-interview-guide/

---- Udemy Course (End to End DevOps Project)
https://www.udemy.com/course/ultimate-devops-project-with-resume-preparation/?referralCode=9F588E43854814744430

Join us on Discord for Help(clearing doubts) while learning.
www.youtube.com/abhishekveeramalla/join

In this video, you will learn, how to write shell scripts like a PRO using AI Pair Programming. We will learn about AI tools and how they work in helping writing better shell scripts.

GitHub Repo for the course
https://github.com/iam-veeramalla/ai-assisted-devops

Free Course on the channel
==============================
- Free DevOps Playlist: https://www.youtube.com/playlist?list=PLdpzxOOAlwvIKMhk8WhzN1pYoJ1YU8Csa
- AWS Zero to Hero Playlist: https://www.youtube.com/playlist?list=PLdpzxOOAlwvLNOxX0RfndiYSt1Le9azze
- Azure Zero to Hero Playlist: https://www.youtube.com/playlist?list=PLdpzxOOAlwvIcxgCUyBHVOcWs0Krjx9xR
- Terraform Zero to Hero Playlist: https://www.youtube.com/playlist?list=PLdpzxOOAlwvI0O4PeKVV1-yJoX2AqIWuf
- Python for DevOps Playlist: https://www.youtube.com/playlist?list=PLdpzxOOAlwvKwTyYNJCUwGPvql0TrsPgv

About me:
========
Instagram: https://www.instagram.com/abhishekveeramalla_official/
Telegram Channel : https://t.me/abhishekveeramalla
LinkedIn: https://www.linkedin.com/in/abhishek-veeramalla
GitHub: https://github.com/iam-veeramalla
Medium: https://abhishekveeramalla-av.medium.com/

Disclaimer: Unauthorized copying, reproduction, or distribution of this video content, in whole or in part, is strictly prohibited. Any attempt to upload, share, or use this content for commercial or non-commercial purposes without explicit permission from the owner will be subject to legal action. All rights reserved.",https://i.ytimg.com/vi/lBrO68xc0Lg/maxresdefault.jpg,Abhishek.Veeramalla,26225,554,68,1705,28.42,28:25,"28 Minutes, 25 Seconds",2025-03-17T15:31:10,https://www.youtube.com/watch?v=lBrO68xc0Lg,[],[],[],"[https://github.com/iam-veeramalla/ai-assisted-devops, https://www.udemy.com/course/ultimate-devops-project-with-resume-preparation/?referralCode=9F588E43854814744430, https://t.me/abhishekveeramalla, https://www.youtube.com/playlist?list=PLdpzxOOAlwvIcxgCUyBHVOcWs0Krjx9xR, https://abhishekveeramalla-av.medium.com/, https://www.youtube.com/playlist?list=PLdpzxOOAlwvLNOxX0RfndiYSt1Le9azze, https://www.instagram.com/abhishekveeramalla_official/, https://www.youtube.com/playlist?list=PLdpzxOOAlwvKwTyYNJCUwGPvql0TrsPgv, https://www.udemy.com/course/ultimate-devops-project-with-resume-preparation/, https://www.udemy.com/course/ultimate-devops-and-cloud-interview-guide/, https://www.youtube.com/playlist?list=PLdpzxOOAlwvI0O4PeKVV1-yJoX2AqIWuf, https://www.linkedin.com/in/abhishek-veeramalla, https://github.com/iam-veeramalla, https://www.youtube.com/playlist?list=PLdpzxOOAlwvIKMhk8WhzN1pYoJ1YU8Csa]"
Day-5 | AI Assisted DevOps | AIOps Explained with Free Playgrounds,"Join our 24*7 Career guidance channel:
www.youtube.com/abhishekveeramalla/join

End to End DevOps Project on Udemy
https://www.udemy.com/course/ultimate-devops-project-with-resume-preparation/

Ultimate DevOps Interview Guide
https://www.udemy.com/course/ultimate-devops-and-cloud-interview-guide/

---- Udemy Course (End to End DevOps Project)
https://www.udemy.com/course/ultimate-devops-project-with-resume-preparation/?referralCode=9F588E43854814744430

Join us on Discord for Help(clearing doubts) while learning.
www.youtube.com/abhishekveeramalla/join

Dynatrace AIOps Playground
https://wkf10640.apps.dynatrace.com/ui/apps/dynatrace.dashboards/dashboard/865b9f35-acf6-4da3-8f68-ea2d840a22c0#tileIds=6

Site 24*7 - Manage Engine playground
https://www.site24x7.com/app/demo#

In this 

GitHub Repo for the course
https://github.com/iam-veeramalla/ai-assisted-devops

Free Course on the channel
==============================
- Free DevOps Playlist: https://www.youtube.com/playlist?list=PLdpzxOOAlwvIKMhk8WhzN1pYoJ1YU8Csa
- AWS Zero to Hero Playlist: https://www.youtube.com/playlist?list=PLdpzxOOAlwvLNOxX0RfndiYSt1Le9azze
- Azure Zero to Hero Playlist: https://www.youtube.com/playlist?list=PLdpzxOOAlwvIcxgCUyBHVOcWs0Krjx9xR
- Terraform Zero to Hero Playlist: https://www.youtube.com/playlist?list=PLdpzxOOAlwvI0O4PeKVV1-yJoX2AqIWuf
- Python for DevOps Playlist: https://www.youtube.com/playlist?list=PLdpzxOOAlwvKwTyYNJCUwGPvql0TrsPgv

About me:
========
Instagram: https://www.instagram.com/abhishekveeramalla_official/
Telegram Channel : https://t.me/abhishekveeramalla
LinkedIn: https://www.linkedin.com/in/abhishek-veeramalla
GitHub: https://github.com/iam-veeramalla
Medium: https://abhishekveeramalla-av.medium.com/

Disclaimer: Unauthorized copying, reproduction, or distribution of this video content, in whole or in part, is strictly prohibited. Any attempt to upload, share, or use this content for commercial or non-commercial purposes without explicit permission from the owner will be subject to legal action. All rights reserved.",https://i.ytimg.com/vi/ibygpGN51Yk/maxresdefault.jpg,Abhishek.Veeramalla,23963,403,39,1758,29.3,29:18,"29 Minutes, 18 Seconds",2025-03-24T15:15:12,https://www.youtube.com/watch?v=ibygpGN51Yk,[],[#tileIds],[],"[https://github.com/iam-veeramalla/ai-assisted-devops, https://www.site24x7.com/app/demo#, https://www.udemy.com/course/ultimate-devops-project-with-resume-preparation/?referralCode=9F588E43854814744430, https://wkf10640.apps.dynatrace.com/ui/apps/dynatrace.dashboards/dashboard/865b9f35-acf6-4da3-8f68-ea2d840a22c0#tileIds=6, https://www.youtube.com/playlist?list=PLdpzxOOAlwvIcxgCUyBHVOcWs0Krjx9xR, https://t.me/abhishekveeramalla, https://abhishekveeramalla-av.medium.com/, https://www.youtube.com/playlist?list=PLdpzxOOAlwvLNOxX0RfndiYSt1Le9azze, https://www.instagram.com/abhishekveeramalla_official/, https://www.youtube.com/playlist?list=PLdpzxOOAlwvKwTyYNJCUwGPvql0TrsPgv, https://www.udemy.com/course/ultimate-devops-project-with-resume-preparation/, https://www.udemy.com/course/ultimate-devops-and-cloud-interview-guide/, https://www.youtube.com/playlist?list=PLdpzxOOAlwvI0O4PeKVV1-yJoX2AqIWuf, https://www.linkedin.com/in/abhishek-veeramalla, https://github.com/iam-veeramalla, https://www.youtube.com/playlist?list=PLdpzxOOAlwvIKMhk8WhzN1pYoJ1YU8Csa]"
Day-6 | AIOps for Log Analysis | First AIOps Project using Python | Beginner Level with Notes,"Join our 24*7 Career guidance channel:
www.youtube.com/abhishekveeramalla/join

End to End DevOps Project on Udemy
https://www.udemy.com/course/ultimate-devops-project-with-resume-preparation/

Ultimate DevOps Interview Guide
https://www.udemy.com/course/ultimate-devops-and-cloud-interview-guide/

---- Udemy Course (End to End DevOps Project)
https://www.udemy.com/course/ultimate-devops-project-with-resume-preparation/?referralCode=9F588E43854814744430

Join us on Discord for Help(clearing doubts) while learning.
www.youtube.com/abhishekveeramalla/join

In this video, you will learn, how to write shell scripts like a PRO using AI Pair Programming. We will learn about AI tools and how they work in helping writing better shell scripts.

GitHub Repo for the course
https://github.com/iam-veeramalla/ai-assisted-devops

Free Course on the channel
==============================
- Free DevOps Playlist: https://www.youtube.com/playlist?list=PLdpzxOOAlwvIKMhk8WhzN1pYoJ1YU8Csa
- AWS Zero to Hero Playlist: https://www.youtube.com/playlist?list=PLdpzxOOAlwvLNOxX0RfndiYSt1Le9azze
- Azure Zero to Hero Playlist: https://www.youtube.com/playlist?list=PLdpzxOOAlwvIcxgCUyBHVOcWs0Krjx9xR
- Terraform Zero to Hero Playlist: https://www.youtube.com/playlist?list=PLdpzxOOAlwvI0O4PeKVV1-yJoX2AqIWuf
- Python for DevOps Playlist: https://www.youtube.com/playlist?list=PLdpzxOOAlwvKwTyYNJCUwGPvql0TrsPgv

About me:
========
Instagram: https://www.instagram.com/abhishekveeramalla_official/
Telegram Channel : https://t.me/abhishekveeramalla
LinkedIn: https://www.linkedin.com/in/abhishek-veeramalla
GitHub: https://github.com/iam-veeramalla
Medium: https://abhishekveeramalla-av.medium.com/

Disclaimer: Unauthorized copying, reproduction, or distribution of this video content, in whole or in part, is strictly prohibited. Any attempt to upload, share, or use this content for commercial or non-commercial purposes without explicit permission from the owner will be subject to legal action. All rights reserved.",https://i.ytimg.com/vi/-eOncnzG9tc/maxresdefault.jpg,Abhishek.Veeramalla,35558,584,70,2648,44.13,44:08,"44 Minutes, 8 Seconds",2025-03-27T17:09:24,https://www.youtube.com/watch?v=-eOncnzG9tc,[],[],[],"[https://github.com/iam-veeramalla/ai-assisted-devops, https://www.udemy.com/course/ultimate-devops-project-with-resume-preparation/?referralCode=9F588E43854814744430, https://t.me/abhishekveeramalla, https://www.youtube.com/playlist?list=PLdpzxOOAlwvIcxgCUyBHVOcWs0Krjx9xR, https://abhishekveeramalla-av.medium.com/, https://www.youtube.com/playlist?list=PLdpzxOOAlwvLNOxX0RfndiYSt1Le9azze, https://www.instagram.com/abhishekveeramalla_official/, https://www.youtube.com/playlist?list=PLdpzxOOAlwvKwTyYNJCUwGPvql0TrsPgv, https://www.udemy.com/course/ultimate-devops-project-with-resume-preparation/, https://www.udemy.com/course/ultimate-devops-and-cloud-interview-guide/, https://www.youtube.com/playlist?list=PLdpzxOOAlwvI0O4PeKVV1-yJoX2AqIWuf, https://www.linkedin.com/in/abhishek-veeramalla, https://github.com/iam-veeramalla, https://www.youtube.com/playlist?list=PLdpzxOOAlwvIKMhk8WhzN1pYoJ1YU8Csa]"
Day-7 | Create your First AI Agent with zero coding and zero cost | Beginner Level Guide,"Join our 24*7 Career guidance channel:
www.youtube.com/abhishekveeramalla/join

End to End DevOps Project on Udemy
https://www.udemy.com/course/ultimate-devops-project-with-resume-preparation/

Ultimate DevOps Interview Guide
https://www.udemy.com/course/ultimate-devops-and-cloud-interview-guide/

---- Udemy Course (End to End DevOps Project)
https://www.udemy.com/course/ultimate-devops-project-with-resume-preparation/?referralCode=9F588E43854814744430

Join us on Discord for Help(clearing doubts) while learning.
www.youtube.com/abhishekveeramalla/join

In this video, you will learn, how to create an AI Agent for researching the latest trend in Kubernetes and writing a blog for it. We will use crewai to develop AI Agents for performing the task.

GitHub Repo for the course
https://github.com/iam-veeramalla/ai-assisted-devops

Free Course on the channel
==============================
- Free DevOps Playlist: https://www.youtube.com/playlist?list=PLdpzxOOAlwvIKMhk8WhzN1pYoJ1YU8Csa
- AWS Zero to Hero Playlist: https://www.youtube.com/playlist?list=PLdpzxOOAlwvLNOxX0RfndiYSt1Le9azze
- Azure Zero to Hero Playlist: https://www.youtube.com/playlist?list=PLdpzxOOAlwvIcxgCUyBHVOcWs0Krjx9xR
- Terraform Zero to Hero Playlist: https://www.youtube.com/playlist?list=PLdpzxOOAlwvI0O4PeKVV1-yJoX2AqIWuf
- Python for DevOps Playlist: https://www.youtube.com/playlist?list=PLdpzxOOAlwvKwTyYNJCUwGPvql0TrsPgv

About me:
========
Instagram: https://www.instagram.com/abhishekveeramalla_official/
Telegram Channel : https://t.me/abhishekveeramalla
LinkedIn: https://www.linkedin.com/in/abhishek-veeramalla
GitHub: https://github.com/iam-veeramalla
Medium: https://abhishekveeramalla-av.medium.com/

Disclaimer: Unauthorized copying, reproduction, or distribution of this video content, in whole or in part, is strictly prohibited. Any attempt to upload, share, or use this content for commercial or non-commercial purposes without explicit permission from the owner will be subject to legal action. All rights reserved.",https://i.ytimg.com/vi/fLWP5d-1jiM/maxresdefault.jpg,Abhishek.Veeramalla,35598,607,70,1772,29.53,29:32,"29 Minutes, 32 Seconds",2025-04-01T14:49:21,https://www.youtube.com/watch?v=fLWP5d-1jiM,[],[],[],"[https://github.com/iam-veeramalla/ai-assisted-devops, https://www.udemy.com/course/ultimate-devops-project-with-resume-preparation/?referralCode=9F588E43854814744430, https://t.me/abhishekveeramalla, https://www.youtube.com/playlist?list=PLdpzxOOAlwvIcxgCUyBHVOcWs0Krjx9xR, https://abhishekveeramalla-av.medium.com/, https://www.youtube.com/playlist?list=PLdpzxOOAlwvLNOxX0RfndiYSt1Le9azze, https://www.instagram.com/abhishekveeramalla_official/, https://www.youtube.com/playlist?list=PLdpzxOOAlwvKwTyYNJCUwGPvql0TrsPgv, https://www.udemy.com/course/ultimate-devops-project-with-resume-preparation/, https://www.udemy.com/course/ultimate-devops-and-cloud-interview-guide/, https://www.youtube.com/playlist?list=PLdpzxOOAlwvI0O4PeKVV1-yJoX2AqIWuf, https://www.linkedin.com/in/abhishek-veeramalla, https://github.com/iam-veeramalla, https://www.youtube.com/playlist?list=PLdpzxOOAlwvIKMhk8WhzN1pYoJ1YU8Csa]"
Docker Model Runner Explained with Demo | Will this replace Ollama ?,"Join our 24*7 Career guidance channel:
www.youtube.com/abhishekveeramalla/join

End to End DevOps Project on Udemy
https://www.udemy.com/course/ultimate-devops-project-with-resume-preparation/

Ultimate DevOps Interview Guide
https://www.udemy.com/course/ultimate-devops-and-cloud-interview-guide/

---- Useful links:
https://docs.docker.com/desktop/features/model-runner/
https://hub.docker.com/r/ai/
https://github.com/docker/hello-genai

Udemy Course (End to End DevOps Project)
https://www.udemy.com/course/ultimate-devops-project-with-resume-preparation/?referralCode=9F588E43854814744430

Join us on Discord for Help(clearing doubts) while learning.
www.youtube.com/abhishekveeramalla/join

In this video, you will learn, how to create an AI Agent for researching the latest trend in Kubernetes and writing a blog for it. We will use crewai to develop AI Agents for performing the task.

GitHub Repo for the course
https://github.com/iam-veeramalla/ai-assisted-devops

Free Course on the channel
==============================
- Free DevOps Playlist: https://www.youtube.com/playlist?list=PLdpzxOOAlwvIKMhk8WhzN1pYoJ1YU8Csa
- AWS Zero to Hero Playlist: https://www.youtube.com/playlist?list=PLdpzxOOAlwvLNOxX0RfndiYSt1Le9azze
- Azure Zero to Hero Playlist: https://www.youtube.com/playlist?list=PLdpzxOOAlwvIcxgCUyBHVOcWs0Krjx9xR
- Terraform Zero to Hero Playlist: https://www.youtube.com/playlist?list=PLdpzxOOAlwvI0O4PeKVV1-yJoX2AqIWuf
- Python for DevOps Playlist: https://www.youtube.com/playlist?list=PLdpzxOOAlwvKwTyYNJCUwGPvql0TrsPgv

About me:
========
Instagram: https://www.instagram.com/abhishekveeramalla_official/
Telegram Channel : https://t.me/abhishekveeramalla
LinkedIn: https://www.linkedin.com/in/abhishek-veeramalla
GitHub: https://github.com/iam-veeramalla
Medium: https://abhishekveeramalla-av.medium.com/

Disclaimer: Unauthorized copying, reproduction, or distribution of this video content, in whole or in part, is strictly prohibited. Any attempt to upload, share, or use this content for commercial or non-commercial purposes without explicit permission from the owner will be subject to legal action. All rights reserved.",https://i.ytimg.com/vi/uFaxKSEBr08/maxresdefault.jpg,Abhishek.Veeramalla,28369,525,67,646,10.77,10:46,"10 Minutes, 46 Seconds",2025-04-02T15:52:57,https://www.youtube.com/watch?v=uFaxKSEBr08,[],[],[],"[https://github.com/docker/hello-genai, https://github.com/iam-veeramalla/ai-assisted-devops, https://www.udemy.com/course/ultimate-devops-project-with-resume-preparation/?referralCode=9F588E43854814744430, https://t.me/abhishekveeramalla, https://hub.docker.com/r/ai/, https://www.youtube.com/playlist?list=PLdpzxOOAlwvIcxgCUyBHVOcWs0Krjx9xR, https://abhishekveeramalla-av.medium.com/, https://www.youtube.com/playlist?list=PLdpzxOOAlwvLNOxX0RfndiYSt1Le9azze, https://www.instagram.com/abhishekveeramalla_official/, https://www.youtube.com/playlist?list=PLdpzxOOAlwvKwTyYNJCUwGPvql0TrsPgv, https://www.udemy.com/course/ultimate-devops-project-with-resume-preparation/, https://www.udemy.com/course/ultimate-devops-and-cloud-interview-guide/, https://docs.docker.com/desktop/features/model-runner/, https://www.youtube.com/playlist?list=PLdpzxOOAlwvI0O4PeKVV1-yJoX2AqIWuf, https://www.linkedin.com/in/abhishek-veeramalla, https://github.com/iam-veeramalla, https://www.youtube.com/playlist?list=PLdpzxOOAlwvIKMhk8WhzN1pYoJ1YU8Csa]"
Day-8 | AI Agent for your Internal Documentation in 30 mins | Local LLMs | Crew AI | Inhouse Agent,"Join our 24*7 Career guidance channel:
www.youtube.com/abhishekveeramalla/join

End to End DevOps Project on Udemy
https://www.udemy.com/course/ultimate-devops-project-with-resume-preparation/

Ultimate DevOps Interview Guide
https://www.udemy.com/course/ultimate-devops-and-cloud-interview-guide/

---- Join us on Discord for Help(clearing doubts) while learning.
www.youtube.com/abhishekveeramalla/join

In this video, you will learn, how to create an AI Agent for  your internal tools with internal documentation. A lot of times, the internal documentation is very long and difficult going through. This AI Agent can go through your docs and summarize the response to your queries.

GitHub Repo for the course
https://github.com/iam-veeramalla/ai-assisted-devops

Free Course on the channel
==============================
- Free DevOps Playlist: https://www.youtube.com/playlist?list=PLdpzxOOAlwvIKMhk8WhzN1pYoJ1YU8Csa
- AWS Zero to Hero Playlist: https://www.youtube.com/playlist?list=PLdpzxOOAlwvLNOxX0RfndiYSt1Le9azze
- Azure Zero to Hero Playlist: https://www.youtube.com/playlist?list=PLdpzxOOAlwvIcxgCUyBHVOcWs0Krjx9xR
- Terraform Zero to Hero Playlist: https://www.youtube.com/playlist?list=PLdpzxOOAlwvI0O4PeKVV1-yJoX2AqIWuf
- Python for DevOps Playlist: https://www.youtube.com/playlist?list=PLdpzxOOAlwvKwTyYNJCUwGPvql0TrsPgv

About me:
========
Instagram: https://www.instagram.com/abhishekveeramalla_official/
Telegram Channel : https://t.me/abhishekveeramalla
LinkedIn: https://www.linkedin.com/in/abhishek-veeramalla
GitHub: https://github.com/iam-veeramalla
Medium: https://abhishekveeramalla-av.medium.com/

Disclaimer: Unauthorized copying, reproduction, or distribution of this video content, in whole or in part, is strictly prohibited. Any attempt to upload, share, or use this content for commercial or non-commercial purposes without explicit permission from the owner will be subject to legal action. All rights reserved.",https://i.ytimg.com/vi/Naw35ovkXGc/maxresdefault.jpg,Abhishek.Veeramalla,21363,429,57,1935,32.25,32:15,"32 Minutes, 15 Seconds",2025-04-09T15:24:45,https://www.youtube.com/watch?v=Naw35ovkXGc,[],[],[],"[https://github.com/iam-veeramalla/ai-assisted-devops, https://t.me/abhishekveeramalla, https://www.youtube.com/playlist?list=PLdpzxOOAlwvIcxgCUyBHVOcWs0Krjx9xR, https://abhishekveeramalla-av.medium.com/, https://www.youtube.com/playlist?list=PLdpzxOOAlwvLNOxX0RfndiYSt1Le9azze, https://www.instagram.com/abhishekveeramalla_official/, https://www.youtube.com/playlist?list=PLdpzxOOAlwvKwTyYNJCUwGPvql0TrsPgv, https://www.udemy.com/course/ultimate-devops-project-with-resume-preparation/, https://www.udemy.com/course/ultimate-devops-and-cloud-interview-guide/, https://www.youtube.com/playlist?list=PLdpzxOOAlwvI0O4PeKVV1-yJoX2AqIWuf, https://www.linkedin.com/in/abhishek-veeramalla, https://github.com/iam-veeramalla, https://www.youtube.com/playlist?list=PLdpzxOOAlwvIKMhk8WhzN1pYoJ1YU8Csa]"
Build Enterprise AI Agent for Internal Documentation in 10 Minutes | Retool,"Join our 24*7 Career guidance channel:
www.youtube.com/abhishekveeramalla/join

End to End DevOps Project on Udemy
https://www.udemy.com/course/ultimate-devops-project-with-resume-preparation/

Ultimate DevOps Interview Guide
https://www.udemy.com/course/ultimate-devops-and-cloud-interview-guide/

---- Get Started with Retool for Free:
https://fandf.co/4mQU6OZ 

Most of us use ChatGPT and other AI assistants to work with public tools. But what happens when it comes to internal tools?
That’s where things get tricky. These AI assistants are often blocked inside organizations and for good reason. People unknowingly paste IP addresses, error logs, and other sensitive information into these platforms, creating serious security risks.
This is why every modern organization needs AI Agents that are secure, compliant, and governed by enterprise standards.
In today’s video, I’ll show you how to build your own secure AI Agent for internal documentation in just minutes using Retool.

#sponsored 

Free Course on the channel
==============================
- Free DevOps Playlist: https://www.youtube.com/playlist?list=PLdpzxOOAlwvIKMhk8WhzN1pYoJ1YU8Csa
- AWS Zero to Hero Playlist: https://www.youtube.com/playlist?list=PLdpzxOOAlwvLNOxX0RfndiYSt1Le9azze
- Azure Zero to Hero Playlist: https://www.youtube.com/playlist?list=PLdpzxOOAlwvIcxgCUyBHVOcWs0Krjx9xR
- Terraform Zero to Hero Playlist: https://www.youtube.com/playlist?list=PLdpzxOOAlwvI0O4PeKVV1-yJoX2AqIWuf
- Python for DevOps Playlist: https://www.youtube.com/playlist?list=PLdpzxOOAlwvKwTyYNJCUwGPvql0TrsPgv

About me:
========
Instagram: https://www.instagram.com/abhishekveeramalla_official/
Telegram Channel : https://t.me/abhishekveeramalla
LinkedIn: https://www.linkedin.com/in/abhishek-veeramalla
GitHub: https://github.com/iam-veeramalla
Medium: https://abhishekveeramalla-av.medium.com/

Disclaimer: Unauthorized copying, reproduction, or distribution of this video content, in whole or in part, is strictly prohibited. Any attempt to upload, share, or use this content for commercial or non-commercial purposes without explicit permission from the owner will be subject to legal action. All rights reserved.",https://i.ytimg.com/vi/4F83nbqTVbU/maxresdefault.jpg,Abhishek.Veeramalla,79368,286,114,1075,17.92,17:55,"17 Minutes, 55 Seconds",2025-11-20T16:03:17,https://www.youtube.com/watch?v=4F83nbqTVbU,"[#DevOps is future, #Future of DevOps, #Development is dead, #No Development jobs, #Stop learning Development]",[#sponsored],[],"[https://t.me/abhishekveeramalla, https://www.youtube.com/playlist?list=PLdpzxOOAlwvIcxgCUyBHVOcWs0Krjx9xR, https://abhishekveeramalla-av.medium.com/, https://www.youtube.com/playlist?list=PLdpzxOOAlwvLNOxX0RfndiYSt1Le9azze, https://www.instagram.com/abhishekveeramalla_official/, https://www.youtube.com/playlist?list=PLdpzxOOAlwvKwTyYNJCUwGPvql0TrsPgv, https://www.udemy.com/course/ultimate-devops-project-with-resume-preparation/, https://www.udemy.com/course/ultimate-devops-and-cloud-interview-guide/, https://www.youtube.com/playlist?list=PLdpzxOOAlwvI0O4PeKVV1-yJoX2AqIWuf, https://fandf.co/4mQU6OZ, https://www.linkedin.com/in/abhishek-veeramalla, https://github.com/iam-veeramalla, https://www.youtube.com/playlist?list=PLdpzxOOAlwvIKMhk8WhzN1pYoJ1YU8Csa]"
Can AI deploy my app to VM + Container + Kubernetes + Serverless ? | Ultimate Test,"Join our 24*7 Career guidance channel:
www.youtube.com/abhishekveeramalla/join

End to End DevOps Project on Udemy
https://www.udemy.com/course/ultimate-devops-project-with-resume-preparation/

Ultimate DevOps Interview Guide
https://www.udemy.com/course/ultimate-devops-and-cloud-interview-guide/

---- Try Windsurf : 
https://wind.surf/abhishekv

Windsurf is today’s most powerful agentic **I**DE where developers are carrying out their best work. Following our acquisition by **Cognition, the** creators of Devin, stability and reliability has been top of mind, as is a native integration between background and foreground agents. Unlike traditional coding assistants, Windsurf integrates a fully autonomous coding agent (**Cascade)** directly into your IDE with seamless UI/UX, deep context awareness, and predictable pricing.

**Key Capabilities:**
- Cascade – Superior coding agent experience with:
- Native Planning/Todo Mode for multi-step tasks
- Deep context awareness for better, more accurate suggestions
- Stable, low-latency performance with fewer rate-limit issues
- Predictable flat-feel pricing via prompt credits

#aiagents ​⁠@windsurf #vibecoding #bestAIAgent",https://i.ytimg.com/vi/4iTHeukUEWQ/maxresdefault.jpg,Abhishek.Veeramalla,46767,373,71,1453,24.22,24:13,"24 Minutes, 13 Seconds",2025-10-11T15:49:19,https://www.youtube.com/watch?v=4iTHeukUEWQ,[],"[#aiagents, #bestAIAgent, #vibecoding]",[],"[https://wind.surf/abhishekv, https://www.udemy.com/course/ultimate-devops-project-with-resume-preparation/, https://www.udemy.com/course/ultimate-devops-and-cloud-interview-guide/]"
Day-1 | Fundamentals of Observability | Observability Zero to Hero Course,"Join our 24*7 Career guidance channel:
www.youtube.com/abhishekveeramalla/join

End to End DevOps Project on Udemy
https://www.udemy.com/course/ultimate-devops-project-with-resume-preparation/

Ultimate DevOps Interview Guide
https://www.udemy.com/course/ultimate-devops-and-cloud-interview-guide/

---- 

Udemy Course (End to End DevOps Project)
https://www.udemy.com/course/ultimate-devops-project-with-resume-preparation/?referralCode=9F588E43854814744430

--- --- Support my work
https://www.buymeacoffee.com/abhishekprd

This is the first episode of the 7-day observability series and this episode covers the following topics.
 - Introduction to Observability, Monitoring, Logging, and Tracing.
 - The difference between Monitoring and Observability.
 - Tools available for Monitoring and Observability.
 - Comparison between monitoring and observing in Bare-Metal Servers vs. Kubernetes.

Key Learning from the video:
- Understand the fundamental concepts of observability.
- Learn why monitoring and observability are crucial in modern IT environments.

GitHub Repo for the Course
https://github.com/iam-veeramalla/observability-zero-to-hero/

Other Free Course on the channel
==============================
- Free DevOps Playlist: https://www.youtube.com/playlist?list=PLdpzxOOAlwvIKMhk8WhzN1pYoJ1YU8Csa
- AWS Zero to Hero Playlist: https://www.youtube.com/playlist?list=PLdpzxOOAlwvLNOxX0RfndiYSt1Le9azze
- Azure Zero to Hero Playlist: https://www.youtube.com/playlist?list=PLdpzxOOAlwvIcxgCUyBHVOcWs0Krjx9xR
- Terraform Zero to Hero Playlist: https://www.youtube.com/playlist?list=PLdpzxOOAlwvI0O4PeKVV1-yJoX2AqIWuf
- Python for DevOps Playlist: https://www.youtube.com/playlist?list=PLdpzxOOAlwvKwTyYNJCUwGPvql0TrsPgv

Have any questions while learning ? Don't worry, Join our Doubts Clearing Group.
Join our Doubts Clearing Group
https://www.youtube.com/@AbhishekVeeramalla/join

About me:
========
Instagram: https://www.instagram.com/abhishekveeramalla_official/
Telegram Channel : https://t.me/abhishekveeramalla
LinkedIn: https://www.linkedin.com/in/abhishek-veeramalla
GitHub: https://github.com/iam-veeramalla
Medium: https://abhishekveeramalla-av.medium.com/

Disclaimer: Unauthorized copying, reproduction, or distribution of this video content, in whole or in part, is strictly prohibited. Any attempt to upload, share, or use this content for commercial or non-commercial purposes without explicit permission from the owner will be subject to legal action. All rights reserved.",https://i.ytimg.com/vi/otY2_M_pTmU/maxresdefault.jpg,Abhishek.Veeramalla,142531,2463,164,2116,35.27,35:16,"35 Minutes, 16 Seconds",2024-10-07T15:30:16,https://www.youtube.com/watch?v=otY2_M_pTmU,"[#Best DevOps roadmap, #DevOps roadmap for freshers, #DevOps and Cloud Roadmap, #Best DevOps and Cloud Roadmap, #DevOps best playlists, #Free DevOps course, #Free Cloud course, #DevOps and Cloud course, #Best DevOps Paid Course, #DevOps course with Projects, #DevOps course with Handson projects, #DevOps interview questions, #DevOps tools to learn, #Important DevOps tools, #Top DevOps course, #Only DevOps course to learn, #DevOps without Cloud, #DevOps with AWS course, #DevOps with Azure course]",[],[],"[https://www.udemy.com/course/ultimate-devops-project-with-resume-preparation/?referralCode=9F588E43854814744430, https://t.me/abhishekveeramalla, https://www.youtube.com/playlist?list=PLdpzxOOAlwvIcxgCUyBHVOcWs0Krjx9xR, https://www.youtube.com/@AbhishekVeeramalla/join, https://abhishekveeramalla-av.medium.com/, https://www.buymeacoffee.com/abhishekprd, https://www.youtube.com/playlist?list=PLdpzxOOAlwvLNOxX0RfndiYSt1Le9azze, https://www.instagram.com/abhishekveeramalla_official/, https://www.youtube.com/playlist?list=PLdpzxOOAlwvKwTyYNJCUwGPvql0TrsPgv, https://www.udemy.com/course/ultimate-devops-project-with-resume-preparation/, https://www.udemy.com/course/ultimate-devops-and-cloud-interview-guide/, https://www.youtube.com/playlist?list=PLdpzxOOAlwvI0O4PeKVV1-yJoX2AqIWuf, https://www.linkedin.com/in/abhishek-veeramalla, https://github.com/iam-veeramalla, https://github.com/iam-veeramalla/observability-zero-to-hero/, https://www.youtube.com/playlist?list=PLdpzxOOAlwvIKMhk8WhzN1pYoJ1YU8Csa]"
"Day-2 | Metrics, Monitoring and Prometheus | Basics of Prometheus","Join our 24*7 Career guidance channel:
www.youtube.com/abhishekveeramalla/join

End to End DevOps Project on Udemy
https://www.udemy.com/course/ultimate-devops-project-with-resume-preparation/

Ultimate DevOps Interview Guide
https://www.udemy.com/course/ultimate-devops-and-cloud-interview-guide/

---- 

Udemy Course (End to End DevOps Project)
https://www.udemy.com/course/ultimate-devops-project-with-resume-preparation/?referralCode=9F588E43854814744430

--- --- Support my work
https://www.buymeacoffee.com/abhishekprd

This is the second episode of the 7-day observability series and this episode covers the following topics.
Concepts Covered:
  - Introduction to Prometheus and its architecture.
  - Setup and configuration of Prometheus in an EKS cluster.
  - Installation of kube-prometheus-stack with Helm and integrating it with Grafana.
  - Basic queries and setup for monitoring with Prometheus and Grafana.
Key Learning:
  - Get hands-on experience with Prometheus and Grafana.
  - Learn to install and configure Prometheus on Kubernetes.

GitHub Repo for the Course
https://github.com/iam-veeramalla/observability-zero-to-hero/

Other Free Course on the channel
==============================
- Free DevOps Playlist: https://www.youtube.com/playlist?list=PLdpzxOOAlwvIKMhk8WhzN1pYoJ1YU8Csa
- AWS Zero to Hero Playlist: https://www.youtube.com/playlist?list=PLdpzxOOAlwvLNOxX0RfndiYSt1Le9azze
- Azure Zero to Hero Playlist: https://www.youtube.com/playlist?list=PLdpzxOOAlwvIcxgCUyBHVOcWs0Krjx9xR
- Terraform Zero to Hero Playlist: https://www.youtube.com/playlist?list=PLdpzxOOAlwvI0O4PeKVV1-yJoX2AqIWuf
- Python for DevOps Playlist: https://www.youtube.com/playlist?list=PLdpzxOOAlwvKwTyYNJCUwGPvql0TrsPgv

Have any questions while learning ? Don't worry, Join our Doubts Clearing Group.
Join our Doubts Clearing Group
https://www.youtube.com/@AbhishekVeeramalla/join

About me:
========
Instagram: https://www.instagram.com/abhishekveeramalla_official/
Telegram Channel : https://t.me/abhishekveeramalla
LinkedIn: https://www.linkedin.com/in/abhishek-veeramalla
GitHub: https://github.com/iam-veeramalla
Medium: https://abhishekveeramalla-av.medium.com/

Disclaimer: Unauthorized copying, reproduction, or distribution of this video content, in whole or in part, is strictly prohibited. Any attempt to upload, share, or use this content for commercial or non-commercial purposes without explicit permission from the owner will be subject to legal action. All rights reserved.",https://i.ytimg.com/vi/OfoQMJJSnUs/maxresdefault.jpg,Abhishek.Veeramalla,83432,1309,128,2794,46.57,46:34,"46 Minutes, 34 Seconds",2024-10-08T15:30:08,https://www.youtube.com/watch?v=OfoQMJJSnUs,"[#Best DevOps channel, #Observability 101, #Learn Prometheus, #Best Monitoring course, #Learn DevOps and AWS for Free, #Free DevOps Roadmap, #Abhishek Veeramalla Observability, #Monitoring vs Observability, #SRE Engineering Youtube channel, #Best SRE Course, #Best DevOps course, #Learn Monitoring with examples, #DevOps vs Cloud, #DevOps vs SRE, #Observability beginner level turotial, #Observability explained, #DevOps course with examples for Free, #DevOps course with notes, #Best YouTube channel]",[],[],"[https://www.udemy.com/course/ultimate-devops-project-with-resume-preparation/?referralCode=9F588E43854814744430, https://t.me/abhishekveeramalla, https://www.youtube.com/playlist?list=PLdpzxOOAlwvIcxgCUyBHVOcWs0Krjx9xR, https://www.youtube.com/@AbhishekVeeramalla/join, https://abhishekveeramalla-av.medium.com/, https://www.buymeacoffee.com/abhishekprd, https://www.youtube.com/playlist?list=PLdpzxOOAlwvLNOxX0RfndiYSt1Le9azze, https://www.instagram.com/abhishekveeramalla_official/, https://www.youtube.com/playlist?list=PLdpzxOOAlwvKwTyYNJCUwGPvql0TrsPgv, https://www.udemy.com/course/ultimate-devops-project-with-resume-preparation/, https://www.udemy.com/course/ultimate-devops-and-cloud-interview-guide/, https://www.youtube.com/playlist?list=PLdpzxOOAlwvI0O4PeKVV1-yJoX2AqIWuf, https://www.linkedin.com/in/abhishek-veeramalla, https://github.com/iam-veeramalla, https://github.com/iam-veeramalla/observability-zero-to-hero/, https://www.youtube.com/playlist?list=PLdpzxOOAlwvIKMhk8WhzN1pYoJ1YU8Csa]"
Day-3 | Best Prometheus Explanation | Practical Hands on demonstration,"Join our 24*7 Career guidance channel:
www.youtube.com/abhishekveeramalla/join

End to End DevOps Project on Udemy
https://www.udemy.com/course/ultimate-devops-project-with-resume-preparation/

Ultimate DevOps Interview Guide
https://www.udemy.com/course/ultimate-devops-and-cloud-interview-guide/

---- 

Udemy Course (End to End DevOps Project)
https://www.udemy.com/course/ultimate-devops-project-with-resume-preparation/?referralCode=9F588E43854814744430

--- --- Support my work
https://www.buymeacoffee.com/abhishekprd

This is the second episode of the 7-day observability series and this episode covers the following topics.
Concepts Covered:
   - Introduction to PromQL and basic querying techniques.
   - Aggregation and functions in PromQL to analyze metrics data.
   - Master the Prometheus Query Language (PromQL) for querying and analyzing metrics.

GitHub Repo for the Course
https://github.com/iam-veeramalla/observability-zero-to-hero/

Other Free Course on the channel
==============================
- Free DevOps Playlist: https://www.youtube.com/playlist?list=PLdpzxOOAlwvIKMhk8WhzN1pYoJ1YU8Csa
- AWS Zero to Hero Playlist: https://www.youtube.com/playlist?list=PLdpzxOOAlwvLNOxX0RfndiYSt1Le9azze
- Azure Zero to Hero Playlist: https://www.youtube.com/playlist?list=PLdpzxOOAlwvIcxgCUyBHVOcWs0Krjx9xR
- Terraform Zero to Hero Playlist: https://www.youtube.com/playlist?list=PLdpzxOOAlwvI0O4PeKVV1-yJoX2AqIWuf
- Python for DevOps Playlist: https://www.youtube.com/playlist?list=PLdpzxOOAlwvKwTyYNJCUwGPvql0TrsPgv

Have any questions while learning ? Don't worry, Join our Doubts Clearing Group.
Join our Doubts Clearing Group
https://www.youtube.com/@AbhishekVeeramalla/join

About me:
========
Instagram: https://www.instagram.com/abhishekveeramalla_official/
Telegram Channel : https://t.me/abhishekveeramalla
LinkedIn: https://www.linkedin.com/in/abhishek-veeramalla
GitHub: https://github.com/iam-veeramalla
Medium: https://abhishekveeramalla-av.medium.com/

Disclaimer: Unauthorized copying, reproduction, or distribution of this video content, in whole or in part, is strictly prohibited. Any attempt to upload, share, or use this content for commercial or non-commercial purposes without explicit permission from the owner will be subject to legal action. All rights reserved.",https://i.ytimg.com/vi/2IfyyteAc5g/maxresdefault.jpg,Abhishek.Veeramalla,53402,889,68,2943,49.05,49:03,"49 Minutes, 3 Seconds",2024-10-09T15:30:01,https://www.youtube.com/watch?v=2IfyyteAc5g,"[#Best DevOps channel, #Observability 101, #Learn Prometheus, #Best Monitoring course, #Learn DevOps and AWS for Free, #Free DevOps Roadmap, #Abhishek Veeramalla Observability, #Monitoring vs Observability, #SRE Engineering Youtube channel, #Best SRE Course, #Best DevOps course, #Learn Monitoring with examples, #DevOps vs Cloud, #DevOps vs SRE, #Observability beginner level turotial, #Observability explained, #DevOps course with examples for Free, #DevOps course with notes, #Best YouTube channel]",[],[],"[https://www.udemy.com/course/ultimate-devops-project-with-resume-preparation/?referralCode=9F588E43854814744430, https://t.me/abhishekveeramalla, https://www.youtube.com/playlist?list=PLdpzxOOAlwvIcxgCUyBHVOcWs0Krjx9xR, https://www.youtube.com/@AbhishekVeeramalla/join, https://abhishekveeramalla-av.medium.com/, https://www.buymeacoffee.com/abhishekprd, https://www.youtube.com/playlist?list=PLdpzxOOAlwvLNOxX0RfndiYSt1Le9azze, https://www.instagram.com/abhishekveeramalla_official/, https://www.youtube.com/playlist?list=PLdpzxOOAlwvKwTyYNJCUwGPvql0TrsPgv, https://www.udemy.com/course/ultimate-devops-project-with-resume-preparation/, https://www.udemy.com/course/ultimate-devops-and-cloud-interview-guide/, https://www.youtube.com/playlist?list=PLdpzxOOAlwvI0O4PeKVV1-yJoX2AqIWuf, https://www.linkedin.com/in/abhishek-veeramalla, https://github.com/iam-veeramalla, https://github.com/iam-veeramalla/observability-zero-to-hero/, https://www.youtube.com/playlist?list=PLdpzxOOAlwvIKMhk8WhzN1pYoJ1YU8Csa]"
Day-4 | Custom Metrics Instrumentation and Scraping using Prom Client | Send Custom Alerts to Email,"Join our 24*7 Career guidance channel:
www.youtube.com/abhishekveeramalla/join

End to End DevOps Project on Udemy
https://www.udemy.com/course/ultimate-devops-project-with-resume-preparation/

Ultimate DevOps Interview Guide
https://www.udemy.com/course/ultimate-devops-and-cloud-interview-guide/

---- 

Udemy Course (End to End DevOps Project)
https://www.udemy.com/course/ultimate-devops-project-with-resume-preparation/?referralCode=9F588E43854814744430

--- --- Support my work
https://www.buymeacoffee.com/abhishekprd

This is the forth episode of the 7-day observability series and this episode covers the following topics.
Concepts Covered:
  - Instrumentation for adding monitoring capabilities to applications.
  - Understanding different types of metrics in Prometheus: Counter, Gauge, Histogram, and Summary.
  - Writing custom metrics in a Node.js application using the `prom-client` library.
  - Dockerizing the application and deploying it on Kubernetes.
  - Setting up Alertmanager for alerting based on custom metrics.
- Key Learning:
  - Learn how to instrument applications to expose custom metrics.
  - Configure alerts in Alertmanager to monitor application performance.
  - Understand how to work with different types of metrics in Prometheus.

GitHub Repo for the Course
https://github.com/iam-veeramalla/observability-zero-to-hero/

Other Free Course on the channel
==============================
- Free DevOps Playlist: https://www.youtube.com/playlist?list=PLdpzxOOAlwvIKMhk8WhzN1pYoJ1YU8Csa
- AWS Zero to Hero Playlist: https://www.youtube.com/playlist?list=PLdpzxOOAlwvLNOxX0RfndiYSt1Le9azze
- Azure Zero to Hero Playlist: https://www.youtube.com/playlist?list=PLdpzxOOAlwvIcxgCUyBHVOcWs0Krjx9xR
- Terraform Zero to Hero Playlist: https://www.youtube.com/playlist?list=PLdpzxOOAlwvI0O4PeKVV1-yJoX2AqIWuf
- Python for DevOps Playlist: https://www.youtube.com/playlist?list=PLdpzxOOAlwvKwTyYNJCUwGPvql0TrsPgv

Have any questions while learning ? Don't worry, Join our Doubts Clearing Group.
Join our Doubts Clearing Group
https://www.youtube.com/@AbhishekVeeramalla/join

About me:
========
Instagram: https://www.instagram.com/abhishekveeramalla_official/
Telegram Channel : https://t.me/abhishekveeramalla
LinkedIn: https://www.linkedin.com/in/abhishek-veeramalla
GitHub: https://github.com/iam-veeramalla
Medium: https://abhishekveeramalla-av.medium.com/

Disclaimer: Unauthorized copying, reproduction, or distribution of this video content, in whole or in part, is strictly prohibited. Any attempt to upload, share, or use this content for commercial or non-commercial purposes without explicit permission from the owner will be subject to legal action. All rights reserved.",https://i.ytimg.com/vi/uEFwvEw9H9E/maxresdefault.jpg,Abhishek.Veeramalla,36530,635,44,2238,37.3,37:18,"37 Minutes, 18 Seconds",2024-10-11T16:02:00,https://www.youtube.com/watch?v=uEFwvEw9H9E,"[#Best DevOps channel, #Observability 101, #Learn Prometheus, #Best Monitoring course, #Learn DevOps and AWS for Free, #Free DevOps Roadmap, #Abhishek Veeramalla Observability, #Monitoring vs Observability, #SRE Engineering Youtube channel, #Best SRE Course, #Best DevOps course, #Learn Monitoring with examples, #DevOps vs Cloud, #DevOps vs SRE, #Observability beginner level turotial, #Observability explained, #DevOps course with examples for Free, #DevOps course with notes, #Best YouTube channel]",[],[],"[https://www.udemy.com/course/ultimate-devops-project-with-resume-preparation/?referralCode=9F588E43854814744430, https://t.me/abhishekveeramalla, https://www.youtube.com/playlist?list=PLdpzxOOAlwvIcxgCUyBHVOcWs0Krjx9xR, https://www.youtube.com/@AbhishekVeeramalla/join, https://abhishekveeramalla-av.medium.com/, https://www.buymeacoffee.com/abhishekprd, https://www.youtube.com/playlist?list=PLdpzxOOAlwvLNOxX0RfndiYSt1Le9azze, https://www.instagram.com/abhishekveeramalla_official/, https://www.youtube.com/playlist?list=PLdpzxOOAlwvKwTyYNJCUwGPvql0TrsPgv, https://www.udemy.com/course/ultimate-devops-project-with-resume-preparation/, https://www.udemy.com/course/ultimate-devops-and-cloud-interview-guide/, https://www.youtube.com/playlist?list=PLdpzxOOAlwvI0O4PeKVV1-yJoX2AqIWuf, https://www.linkedin.com/in/abhishek-veeramalla, https://github.com/iam-veeramalla, https://github.com/iam-veeramalla/observability-zero-to-hero/, https://www.youtube.com/playlist?list=PLdpzxOOAlwvIKMhk8WhzN1pYoJ1YU8Csa]"
"Day-5 | Logging with EFK Stack | Elastic Search, FluentBit and Kibana","Join our 24*7 Career guidance channel:
www.youtube.com/abhishekveeramalla/join

End to End DevOps Project on Udemy
https://www.udemy.com/course/ultimate-devops-project-with-resume-preparation/

Ultimate DevOps Interview Guide
https://www.udemy.com/course/ultimate-devops-and-cloud-interview-guide/

---- 

Udemy Course (End to End DevOps Project)
https://www.udemy.com/course/ultimate-devops-project-with-resume-preparation/?referralCode=9F588E43854814744430

--- --- Support my work
https://www.buymeacoffee.com/abhishekprd

This is the Fifth episode of the 7-day observability series and this episode covers the following topics.

Concepts Covered:
-  Introduction to logging in distributed systems and Kubernetes.
- Setting up the EFK stack (Elasticsearch, Fluentbit, Kibana) on Kubernetes.
- Detailed setup and configuration for collecting and visualizing logs.
- Cleaning up the Kubernetes cluster and resources.
Key Learning:
- Understand the importance of logging and how to set up

GitHub Repo for the Course
https://github.com/iam-veeramalla/observability-zero-to-hero/

Other Free Course on the channel
==============================
- Free DevOps Playlist: https://www.youtube.com/playlist?list=PLdpzxOOAlwvIKMhk8WhzN1pYoJ1YU8Csa
- AWS Zero to Hero Playlist: https://www.youtube.com/playlist?list=PLdpzxOOAlwvLNOxX0RfndiYSt1Le9azze
- Azure Zero to Hero Playlist: https://www.youtube.com/playlist?list=PLdpzxOOAlwvIcxgCUyBHVOcWs0Krjx9xR
- Terraform Zero to Hero Playlist: https://www.youtube.com/playlist?list=PLdpzxOOAlwvI0O4PeKVV1-yJoX2AqIWuf
- Python for DevOps Playlist: https://www.youtube.com/playlist?list=PLdpzxOOAlwvKwTyYNJCUwGPvql0TrsPgv

Have any questions while learning ? Don't worry, Join our Doubts Clearing Group.
Join our Doubts Clearing Group
https://www.youtube.com/@AbhishekVeeramalla/join

About me:
========
Instagram: https://www.instagram.com/abhishekveeramalla_official/
Telegram Channel : https://t.me/abhishekveeramalla
LinkedIn: https://www.linkedin.com/in/abhishek-veeramalla
GitHub: https://github.com/iam-veeramalla
Medium: https://abhishekveeramalla-av.medium.com/

Disclaimer: Unauthorized copying, reproduction, or distribution of this video content, in whole or in part, is strictly prohibited. Any attempt to upload, share, or use this content for commercial or non-commercial purposes without explicit permission from the owner will be subject to legal action. All rights reserved.",https://i.ytimg.com/vi/HGTBANm0VY4/maxresdefault.jpg,Abhishek.Veeramalla,55424,765,69,2703,45.05,45:03,"45 Minutes, 3 Seconds",2024-10-18T16:46:41,https://www.youtube.com/watch?v=HGTBANm0VY4,"[#Best DevOps channel, #Observability 101, #Learn Prometheus, #Best Monitoring course, #Learn DevOps and AWS for Free, #Free DevOps Roadmap, #Abhishek Veeramalla Observability, #Monitoring vs Observability, #SRE Engineering Youtube channel, #Best SRE Course, #Best DevOps course, #Learn Monitoring with examples, #DevOps vs Cloud, #DevOps vs SRE, #Observability beginner level turotial, #Observability explained, #DevOps course with examples for Free, #DevOps course with notes, #Best YouTube channel]",[],[],"[https://www.udemy.com/course/ultimate-devops-project-with-resume-preparation/?referralCode=9F588E43854814744430, https://t.me/abhishekveeramalla, https://www.youtube.com/playlist?list=PLdpzxOOAlwvIcxgCUyBHVOcWs0Krjx9xR, https://www.youtube.com/@AbhishekVeeramalla/join, https://abhishekveeramalla-av.medium.com/, https://www.buymeacoffee.com/abhishekprd, https://www.youtube.com/playlist?list=PLdpzxOOAlwvLNOxX0RfndiYSt1Le9azze, https://www.instagram.com/abhishekveeramalla_official/, https://www.youtube.com/playlist?list=PLdpzxOOAlwvKwTyYNJCUwGPvql0TrsPgv, https://www.udemy.com/course/ultimate-devops-project-with-resume-preparation/, https://www.udemy.com/course/ultimate-devops-and-cloud-interview-guide/, https://www.youtube.com/playlist?list=PLdpzxOOAlwvI0O4PeKVV1-yJoX2AqIWuf, https://www.linkedin.com/in/abhishek-veeramalla, https://github.com/iam-veeramalla, https://github.com/iam-veeramalla/observability-zero-to-hero/, https://www.youtube.com/playlist?list=PLdpzxOOAlwvIKMhk8WhzN1pYoJ1YU8Csa]"
Day-6 | Distributed Tracing with Jaeger in 1 video | Beginner Level Demo with Code,"Join our 24*7 Career guidance channel:
www.youtube.com/abhishekveeramalla/join

End to End DevOps Project on Udemy
https://www.udemy.com/course/ultimate-devops-project-with-resume-preparation/

Ultimate DevOps Interview Guide
https://www.udemy.com/course/ultimate-devops-and-cloud-interview-guide/

---- 

Udemy Course (End to End DevOps Project)
https://www.udemy.com/course/ultimate-devops-project-with-resume-preparation/?referralCode=9F588E43854814744430

--- --- Support my work
https://www.buymeacoffee.com/abhishekprd

This is the Sixth episode of the 7-day observability series and this episode covers the following topics.

Concepts Covered:
- Introduction to Jaeger and its architecture for distributed tracing.
- Setting up Jaeger in a Kubernetes cluster using Helm.
- Instrumenting services using OpenTelemetry to enable tracing.
- Viewing and analyzing traces in the Jaeger UI.
- Cleaning up the environment after setting up Jaeger.
Key Learning:
- Gain insights into distributed tracing and how it helps in debugging and performance optimization.
- Learn how to set up and configure Jaeger for tracing in a microservices architecture.

GitHub Repo for the Course
https://github.com/iam-veeramalla/observability-zero-to-hero/

Other Free Course on the channel
==============================
- Free DevOps Playlist: https://www.youtube.com/playlist?list=PLdpzxOOAlwvIKMhk8WhzN1pYoJ1YU8Csa
- AWS Zero to Hero Playlist: https://www.youtube.com/playlist?list=PLdpzxOOAlwvLNOxX0RfndiYSt1Le9azze
- Azure Zero to Hero Playlist: https://www.youtube.com/playlist?list=PLdpzxOOAlwvIcxgCUyBHVOcWs0Krjx9xR
- Terraform Zero to Hero Playlist: https://www.youtube.com/playlist?list=PLdpzxOOAlwvI0O4PeKVV1-yJoX2AqIWuf
- Python for DevOps Playlist: https://www.youtube.com/playlist?list=PLdpzxOOAlwvKwTyYNJCUwGPvql0TrsPgv

Have any questions while learning ? Don't worry, Join our Doubts Clearing Group.
Join our Doubts Clearing Group
https://www.youtube.com/@AbhishekVeeramalla/join

About me:
========
Instagram: https://www.instagram.com/abhishekveeramalla_official/
Telegram Channel : https://t.me/abhishekveeramalla
LinkedIn: https://www.linkedin.com/in/abhishek-veeramalla
GitHub: https://github.com/iam-veeramalla
Medium: https://abhishekveeramalla-av.medium.com/

Disclaimer: Unauthorized copying, reproduction, or distribution of this video content, in whole or in part, is strictly prohibited. Any attempt to upload, share, or use this content for commercial or non-commercial purposes without explicit permission from the owner will be subject to legal action. All rights reserved.",https://i.ytimg.com/vi/U9qInvWTe9w/maxresdefault.jpg,Abhishek.Veeramalla,29091,632,61,3034,50.57,50:34,"50 Minutes, 34 Seconds",2024-10-22T14:30:41,https://www.youtube.com/watch?v=U9qInvWTe9w,"[#Best DevOps channel, #Observability 101, #Learn Prometheus, #Best Monitoring course, #Learn DevOps and AWS for Free, #Free DevOps Roadmap, #Abhishek Veeramalla Observability, #Monitoring vs Observability, #SRE Engineering Youtube channel, #Best SRE Course, #Best DevOps course, #Learn Monitoring with examples, #DevOps vs Cloud, #DevOps vs SRE, #Observability beginner level turotial, #Observability explained, #DevOps course with examples for Free, #DevOps course with notes, #Best YouTube channel]",[],[],"[https://www.udemy.com/course/ultimate-devops-project-with-resume-preparation/?referralCode=9F588E43854814744430, https://t.me/abhishekveeramalla, https://www.youtube.com/playlist?list=PLdpzxOOAlwvIcxgCUyBHVOcWs0Krjx9xR, https://www.youtube.com/@AbhishekVeeramalla/join, https://abhishekveeramalla-av.medium.com/, https://www.buymeacoffee.com/abhishekprd, https://www.youtube.com/playlist?list=PLdpzxOOAlwvLNOxX0RfndiYSt1Le9azze, https://www.instagram.com/abhishekveeramalla_official/, https://www.youtube.com/playlist?list=PLdpzxOOAlwvKwTyYNJCUwGPvql0TrsPgv, https://www.udemy.com/course/ultimate-devops-project-with-resume-preparation/, https://www.udemy.com/course/ultimate-devops-and-cloud-interview-guide/, https://www.youtube.com/playlist?list=PLdpzxOOAlwvI0O4PeKVV1-yJoX2AqIWuf, https://www.linkedin.com/in/abhishek-veeramalla, https://github.com/iam-veeramalla, https://github.com/iam-veeramalla/observability-zero-to-hero/, https://www.youtube.com/playlist?list=PLdpzxOOAlwvIKMhk8WhzN1pYoJ1YU8Csa]"
End to End Observability Project | Beginner Level guide for complex micro service project,"Join our 24*7 Career guidance channel:
www.youtube.com/abhishekveeramalla/join

End to End DevOps Project on Udemy
https://www.udemy.com/course/ultimate-devops-project-with-resume-preparation/

Ultimate DevOps Interview Guide
https://www.udemy.com/course/ultimate-devops-and-cloud-interview-guide/

---- 

Udemy Course (End to End DevOps Project)
https://www.udemy.com/course/ultimate-devops-project-with-resume-preparation/?referralCode=9F588E43854814744430

--- --- Support my work
https://www.buymeacoffee.com/abhishekprd

Step 1: Explore the Project (https://github.com/open-telemetry/opentelemetry-demo)
Step 2: Install an EKS Cluster (https://github.com/iam-veeramalla/observability-zero-to-hero/blob/main/day-2/readme.md#%EF%B8%8F--installation--configurations)
Step 3: Deploy the Project on Kubernetes (https://opentelemetry.io/docs/demo/kubernetes-deployment/)
Step 4: Expose the application using kubectl port-forward as shown in the video.
Step 5: Access Jaeger, Grafana and UI
   -  Web store: http://localhost:8080/
   -  Grafana: http://localhost:8080/grafana/
   -  Load Generator UI: http://localhost:8080/loadgen/
   -  Jaeger UI: http://localhost:8080/jaeger/ui/

Here are some more very useful Zero to Hero playlists on the channel. 
- Free DevOps Playlist: https://www.youtube.com/playlist?list=PLdpzxOOAlwvIKMhk8WhzN1pYoJ1YU8Csa
- AWS Zero to Hero Playlist: https://www.youtube.com/playlist?list=PLdpzxOOAlwvLNOxX0RfndiYSt1Le9azze
- Terraform Zero to Hero Playlist: https://www.youtube.com/playlist?list=PLdpzxOOAlwvI0O4PeKVV1-yJoX2AqIWuf
- Python for DevOps Playlist: https://www.youtube.com/playlist?list=PLdpzxOOAlwvKwTyYNJCUwGPvql0TrsPgv

Have any questions while learning ? Don't worry, Join our Doubts Clearing Group.
Join our Doubts Clearing Group
https://www.youtube.com/@AbhishekVeeramalla/join

About me:
========
Instagram: https://www.instagram.com/abhishekveeramalla_official/
Telegram Channel : https://t.me/abhishekveeramalla
LinkedIn: https://www.linkedin.com/in/abhishek-veeramalla
GitHub: https://github.com/iam-veeramalla
Medium: https://abhishekveeramalla-av.medium.com/
.
Disclaimer: Unauthorized copying, reproduction, or distribution of this video content, in whole or in part, is strictly prohibited. Any attempt to upload, share, or use this content for commercial or non-commercial purposes without explicit permission from the owner will be subject to legal action. All rights reserved.",https://i.ytimg.com/vi/w2pnBa7eAbI/maxresdefault.jpg,Abhishek.Veeramalla,36002,622,43,1993,33.22,33:13,"33 Minutes, 13 Seconds",2024-10-26T16:10:07,https://www.youtube.com/watch?v=w2pnBa7eAbI,"[#Best Observability project, #Observability 101, #Observability project, #DevOps projects for Resume, #SRE Project, #Best DevOps Project for Resume, #simple devops project, #mini devops project, #Product grade DevOps project, #Kubernetes complex devops project, #Kubernetes easy devops project, #Monitoring DevOps Project, #Best DevOps project for Job, #Real Time DevOps project with multiple microservices]",[],[],"[https://www.udemy.com/course/ultimate-devops-project-with-resume-preparation/?referralCode=9F588E43854814744430, https://t.me/abhishekveeramalla, https://www.youtube.com/@AbhishekVeeramalla/join, https://abhishekveeramalla-av.medium.com/, https://www.buymeacoffee.com/abhishekprd, https://www.youtube.com/playlist?list=PLdpzxOOAlwvLNOxX0RfndiYSt1Le9azze, https://www.instagram.com/abhishekveeramalla_official/, https://www.youtube.com/playlist?list=PLdpzxOOAlwvKwTyYNJCUwGPvql0TrsPgv, https://www.udemy.com/course/ultimate-devops-project-with-resume-preparation/, https://www.udemy.com/course/ultimate-devops-and-cloud-interview-guide/, https://opentelemetry.io/docs/demo/kubernetes-deployment/), https://www.youtube.com/playlist?list=PLdpzxOOAlwvI0O4PeKVV1-yJoX2AqIWuf, https://www.linkedin.com/in/abhishek-veeramalla, https://github.com/iam-veeramalla, https://github.com/iam-veeramalla/observability-zero-to-hero/blob/main/day-2/readme.md#%EF%B8%8F--installation--configurations), https://github.com/open-telemetry/opentelemetry-demo), https://www.youtube.com/playlist?list=PLdpzxOOAlwvIKMhk8WhzN1pYoJ1YU8Csa]"
OpenSearch Stack in 30 minutes | Aiven for OpenSearch | Complete Guide with Demo,"Join our 24*7 Career guidance channel:
www.youtube.com/abhishekveeramalla/join

End to End DevOps Project on Udemy
https://www.udemy.com/course/ultimate-devops-project-with-resume-preparation/

Ultimate DevOps Interview Guide
https://www.udemy.com/course/ultimate-devops-and-cloud-interview-guide/

---- Setup Aiven for OpenSearch (No Credit Card needed)
https://fnf.dev/42cSgQd

GitHub folder for the tutorial
https://github.com/iam-veeramalla/observability-zero-to-hero/tree/main/opensearch-stack

Join us on Discord
www.youtube.com/abhishekveeramalla/join

Free Course on the channel
==============================
- Free DevOps Playlist: https://www.youtube.com/playlist?list=PLdpzxOOAlwvIKMhk8WhzN1pYoJ1YU8Csa
- AWS Zero to Hero Playlist: https://www.youtube.com/playlist?list=PLdpzxOOAlwvLNOxX0RfndiYSt1Le9azze
- Azure Zero to Hero Playlist: https://www.youtube.com/playlist?list=PLdpzxOOAlwvIcxgCUyBHVOcWs0Krjx9xR
- Terraform Zero to Hero Playlist: https://www.youtube.com/playlist?list=PLdpzxOOAlwvI0O4PeKVV1-yJoX2AqIWuf
- Python for DevOps Playlist: https://www.youtube.com/playlist?list=PLdpzxOOAlwvKwTyYNJCUwGPvql0TrsPgv

About me:
========
Instagram: https://www.instagram.com/abhishekveeramalla_official/
LinkedIn: https://www.linkedin.com/in/abhishek-veeramalla
GitHub: https://github.com/iam-veeramalla
Medium: https://abhishekveeramalla-av.medium.com/

Disclaimer: Unauthorized copying, reproduction, or distribution of this video content, in whole or in part, is strictly prohibited. Any attempt to upload, share, or use this content for commercial or non-commercial purposes without explicit permission from the owner will be subject to legal action. All rights reserved.",https://i.ytimg.com/vi/OSShB_cXisE/maxresdefault.jpg,Abhishek.Veeramalla,31453,545,40,1655,27.58,27:35,"27 Minutes, 35 Seconds",2025-04-17T16:02:29,https://www.youtube.com/watch?v=OSShB_cXisE,[],[],[],"[https://github.com/iam-veeramalla/observability-zero-to-hero/tree/main/opensearch-stack, https://www.youtube.com/playlist?list=PLdpzxOOAlwvIcxgCUyBHVOcWs0Krjx9xR, https://abhishekveeramalla-av.medium.com/, https://www.youtube.com/playlist?list=PLdpzxOOAlwvLNOxX0RfndiYSt1Le9azze, https://www.instagram.com/abhishekveeramalla_official/, https://www.youtube.com/playlist?list=PLdpzxOOAlwvKwTyYNJCUwGPvql0TrsPgv, https://www.udemy.com/course/ultimate-devops-project-with-resume-preparation/, https://www.udemy.com/course/ultimate-devops-and-cloud-interview-guide/, https://fnf.dev/42cSgQd, https://www.youtube.com/playlist?list=PLdpzxOOAlwvI0O4PeKVV1-yJoX2AqIWuf, https://www.linkedin.com/in/abhishek-veeramalla, https://github.com/iam-veeramalla, https://www.youtube.com/playlist?list=PLdpzxOOAlwvIKMhk8WhzN1pYoJ1YU8Csa]"
PagerDuty Explained in 20 minutes,"Join our 24*7 Career guidance channel:
www.youtube.com/abhishekveeramalla/join

End to End DevOps Project on Udemy
https://www.udemy.com/course/ultimate-devops-project-with-resume-preparation/

Ultimate DevOps Interview Guide
https://www.udemy.com/course/ultimate-devops-and-cloud-interview-guide/

---- Try PagerDuty (No Credit Card)
https://fnf.dev/3T0zEin

PagerDuty provides a complete incident management solution from alert detection to resolution. It integrates with monitoring tools to ingest and deduplicate alerts. Intelligent automation routes incidents to the right on-call engineers instantly. Teams collaborate in real-time using tools like Slack with context-rich information. Post-incident analysis and reporting help improve future responses.

Useful Links:
https://www.pagerduty.com/blog/product/new-incident-management-csops-plans-entitlements/
https://pagerduty.navattic.com/guided_remediation_slack
https://pagerduty.navattic.com/jeli_post_incident_review

Free Course on the channel
==============================
- Free DevOps Playlist: https://www.youtube.com/playlist?list=PLdpzxOOAlwvIKMhk8WhzN1pYoJ1YU8Csa
- AWS Zero to Hero Playlist: https://www.youtube.com/playlist?list=PLdpzxOOAlwvLNOxX0RfndiYSt1Le9azze
- Azure Zero to Hero Playlist: https://www.youtube.com/playlist?list=PLdpzxOOAlwvIcxgCUyBHVOcWs0Krjx9xR
- Terraform Zero to Hero Playlist: https://www.youtube.com/playlist?list=PLdpzxOOAlwvI0O4PeKVV1-yJoX2AqIWuf
- Python for DevOps Playlist: https://www.youtube.com/playlist?list=PLdpzxOOAlwvKwTyYNJCUwGPvql0TrsPgv

About me:
========
Instagram: https://www.instagram.com/abhishekveeramalla_official/
Telegram Channel : https://t.me/abhishekveeramalla
LinkedIn: https://www.linkedin.com/in/abhishek-veeramalla
GitHub: https://github.com/iam-veeramalla
Medium: https://abhishekveeramalla-av.medium.com/

Disclaimer: Unauthorized copying, reproduction, or distribution of this video content, in whole or in part, is strictly prohibited. Any attempt to upload, share, or use this content for commercial or non-commercial purposes without explicit permission from the owner will be subject to legal action. All rights reserved.",https://i.ytimg.com/vi/0J9xglafVuI/maxresdefault.jpg,Abhishek.Veeramalla,23064,342,30,1031,17.18,17:11,"17 Minutes, 11 Seconds",2025-08-06T16:15:48,https://www.youtube.com/watch?v=0J9xglafVuI,"[#PagerDuty, #SRE tutorial, #Best SRE guide, #SRE tools, #How to become SRE Engineer in 2025, #DevOps vs SRE, #SRE with PagerDuty]",[],[],"[https://www.pagerduty.com/blog/product/new-incident-management-csops-plans-entitlements/, https://t.me/abhishekveeramalla, https://www.youtube.com/playlist?list=PLdpzxOOAlwvIcxgCUyBHVOcWs0Krjx9xR, https://abhishekveeramalla-av.medium.com/, https://www.youtube.com/playlist?list=PLdpzxOOAlwvLNOxX0RfndiYSt1Le9azze, https://www.instagram.com/abhishekveeramalla_official/, https://www.youtube.com/playlist?list=PLdpzxOOAlwvKwTyYNJCUwGPvql0TrsPgv, https://www.udemy.com/course/ultimate-devops-project-with-resume-preparation/, https://www.udemy.com/course/ultimate-devops-and-cloud-interview-guide/, https://pagerduty.navattic.com/jeli_post_incident_review, https://www.youtube.com/playlist?list=PLdpzxOOAlwvI0O4PeKVV1-yJoX2AqIWuf, https://www.linkedin.com/in/abhishek-veeramalla, https://github.com/iam-veeramalla, https://fnf.dev/3T0zEin, https://pagerduty.navattic.com/guided_remediation_slack, https://www.youtube.com/playlist?list=PLdpzxOOAlwvIKMhk8WhzN1pYoJ1YU8Csa]"
Multi Cloud Infrastructure Monitoring in no time | Beginner Level Project | Free Setup,"Join our 24*7 Career guidance channel:
www.youtube.com/abhishekveeramalla/join

End to End DevOps Project on Udemy
https://www.udemy.com/course/ultimate-devops-project-with-resume-preparation/

Ultimate DevOps Interview Guide
https://www.udemy.com/course/ultimate-devops-and-cloud-interview-guide/

---- Try Site24x7 (6 Months Free Signup Link)
https://zurl.co/Eg4MM

Site24x7 Demo Environment
https://www.site24x7.com/app/demo

Free Course on the channel
==============================
- Free DevOps Playlist: https://www.youtube.com/playlist?list=PLdpzxOOAlwvIKMhk8WhzN1pYoJ1YU8Csa
- AWS Zero to Hero Playlist: https://www.youtube.com/playlist?list=PLdpzxOOAlwvLNOxX0RfndiYSt1Le9azze
- Azure Zero to Hero Playlist: https://www.youtube.com/playlist?list=PLdpzxOOAlwvIcxgCUyBHVOcWs0Krjx9xR
- Terraform Zero to Hero Playlist: https://www.youtube.com/playlist?list=PLdpzxOOAlwvI0O4PeKVV1-yJoX2AqIWuf
- Python for DevOps Playlist: https://www.youtube.com/playlist?list=PLdpzxOOAlwvKwTyYNJCUwGPvql0TrsPgv

About me:
========
Instagram: https://www.instagram.com/abhishekveeramalla_official/
Telegram Channel : https://t.me/abhishekveeramalla
LinkedIn: https://www.linkedin.com/in/abhishek-veeramalla
GitHub: https://github.com/iam-veeramalla
Medium: https://abhishekveeramalla-av.medium.com/

Disclaimer: Unauthorized copying, reproduction, or distribution of this video content, in whole or in part, is strictly prohibited. Any attempt to upload, share, or use this content for commercial or non-commercial purposes without explicit permission from the owner will be subject to legal action. All rights reserved.",https://i.ytimg.com/vi/jRc2vFmkILs/maxresdefault.jpg,Abhishek.Veeramalla,13987,333,61,2020,33.67,33:40,"33 Minutes, 40 Seconds",2025-04-22T14:58:38,https://www.youtube.com/watch?v=jRc2vFmkILs,"[#DevOps and Cloud, #DevOps, #AWS, #Azure, #GCP, #Certifications]",[],[],"[https://zurl.co/Eg4MM, https://www.site24x7.com/app/demo, https://www.youtube.com/playlist?list=PLdpzxOOAlwvIcxgCUyBHVOcWs0Krjx9xR, https://t.me/abhishekveeramalla, https://abhishekveeramalla-av.medium.com/, https://www.youtube.com/playlist?list=PLdpzxOOAlwvLNOxX0RfndiYSt1Le9azze, https://www.instagram.com/abhishekveeramalla_official/, https://www.youtube.com/playlist?list=PLdpzxOOAlwvKwTyYNJCUwGPvql0TrsPgv, https://www.udemy.com/course/ultimate-devops-project-with-resume-preparation/, https://www.udemy.com/course/ultimate-devops-and-cloud-interview-guide/, https://www.youtube.com/playlist?list=PLdpzxOOAlwvI0O4PeKVV1-yJoX2AqIWuf, https://www.linkedin.com/in/abhishek-veeramalla, https://github.com/iam-veeramalla, https://www.youtube.com/playlist?list=PLdpzxOOAlwvIKMhk8WhzN1pYoJ1YU8Csa]"
